shot,club,block,model,velocity_source,n_snapshots,n_frames,launch_angle_deg,trackman_launch_deg,trackman_ball_ms,radar_ball_ms,launch_error_deg,best_cv_log_error,truth_cv_log_error,truth_minus_best_cv,radar_height_m,tilt_deg,tee_distance_m,median_cross_excess_cm,median_double_excess_cm,median_angle_separation_deg,median_reflection_point_m
62,9Iron,A,two8,radar,25,7,13.944697374582839,16.77799999999999,44.569814121076114,43.08422175707952,-2.8333026254171525,-1.5056775436450052,-1.346883983462652,0.15879356018235313,0.1524,10.404948650719305,1.5709841628737065,2.309769115208571,4.619538230417142,17.412555575782257,0.7437859456877515
62,9Iron,A,two8_path_tdm,radar,25,7,13.924498690127589,16.77799999999999,44.569814121076114,43.08422175707952,-2.853501309872403,-1.5031193740899529,-1.3465027081571967,0.15661666593275614,0.1524,10.404948650719305,1.5709841628737065,2.309769115208571,4.619538230417142,17.412555575782257,0.7437859456877515
62,9Iron,A,two8_path_tdm_neg,radar,25,7,13.966288073972022,16.77799999999999,44.569814121076114,43.08422175707952,-2.8117119260279697,-1.5085550824487133,-1.3479367539637885,0.16061832848492474,0.1524,10.404948650719305,1.5709841628737065,2.309769115208571,4.619538230417142,17.412555575782257,0.7437859456877515
62,9Iron,A,four3,radar,25,7,15.048718920516272,16.77799999999999,44.569814121076114,43.08422175707952,-1.7292810794837195,-1.5703749125949429,-1.547129755309874,0.02324515728506893,0.1524,10.404948650719305,1.5709841628737065,2.309769115208571,4.619538230417142,17.412555575782257,0.7437859456877515
62,9Iron,A,four3_path_tdm,radar,25,7,15.093396748257947,16.77799999999999,44.569814121076114,43.08422175707952,-1.684603251742045,-1.5746986213404912,-1.551504059290801,0.02319456204969028,0.1524,10.404948650719305,1.5709841628737065,2.309769115208571,4.619538230417142,17.412555575782257,0.7437859456877515
62,9Iron,A,four3_path_tdm_neg,radar,25,7,14.988327471744414,16.77799999999999,44.569814121076114,43.08422175707952,-1.7896725282555774,-1.5663803474618683,-1.5433118267842825,0.023068520677585802,0.1524,10.404948650719305,1.5709841628737065,2.309769115208571,4.619538230417142,17.412555575782257,0.7437859456877515
62,9Iron,A,four4_path_tdm,radar,25,7,14.381008573777404,16.77799999999999,44.569814121076114,43.08422175707952,-2.3969914262225878,-1.6576750174284558,-1.611960558446486,0.0457144589819698,0.1524,10.404948650719305,1.5709841628737065,2.309769115208571,4.619538230417142,17.412555575782257,0.7437859456877515
62,9Iron,A,four4_path_tdm_neg,radar,25,7,14.381008573777468,16.77799999999999,44.569814121076114,43.08422175707952,-2.396991426222524,-1.6576750174284562,-1.6119605584464851,0.04571445898197113,0.1524,10.404948650719305,1.5709841628737065,2.309769115208571,4.619538230417142,17.412555575782257,0.7437859456877515
62,9Iron,A,tx_later4,radar,25,7,15.77162152142183,16.77799999999999,44.569814121076114,43.08422175707952,-1.0063784785781618,-1.8644397077134316,-1.8438226834625997,0.020617024250831895,0.1524,10.404948650719305,1.5709841628737065,2.309769115208571,4.619538230417142,17.412555575782257,0.7437859456877515
62,9Iron,A,tx_earlier4,radar,25,7,1.4514245377534527,16.77799999999999,44.569814121076114,43.08422175707952,-15.326575462246538,-1.7339480857142135,-1.4597692937159923,0.27417879199822126,0.1524,10.404948650719305,1.5709841628737065,2.309769115208571,4.619538230417142,17.412555575782257,0.7437859456877515
63,9Iron,A,two8,radar,16,4,3.9782553984603024,11.487999999999987,39.92060582760378,39.69922948327173,-7.509744601539685,-1.2665533324474656,-1.0965809845453334,0.16997234790213223,0.1524,10.404948650719305,1.5709841628737065,1.418827293737135,2.83765458747427,10.666081418551077,1.0030072176301053
63,9Iron,A,two8_path_tdm,radar,16,4,-2.539692945041939,11.487999999999987,39.92060582760378,39.69922948327173,-14.027692945041926,-1.413565564469624,-1.101968303592762,0.3115972608768618,0.1524,10.404948650719305,1.5709841628737065,1.418827293737135,2.83765458747427,10.666081418551077,1.0030072176301053
63,9Iron,A,two8_path_tdm_neg,radar,16,4,-3.476325332443487,11.487999999999987,39.92060582760378,39.69922948327173,-14.964325332443474,-1.3331177342882738,-1.091501886640545,0.2416158476477288,0.1524,10.404948650719305,1.5709841628737065,1.418827293737135,2.83765458747427,10.666081418551077,1.0030072176301053
63,9Iron,A,four3,radar,16,4,16.24665441961998,11.487999999999987,39.92060582760378,39.69922948327173,4.758654419619992,-1.1425229667111956,-1.0969899429394292,0.04553302377176638,0.1524,10.404948650719305,1.5709841628737065,1.418827293737135,2.83765458747427,10.666081418551077,1.0030072176301053
63,9Iron,A,four3_path_tdm,radar,16,4,-2.5477109152701747,11.487999999999987,39.92060582760378,39.69922948327173,-14.035710915270162,-1.1729177567965527,-1.1037202231432888,0.06919753365326398,0.1524,10.404948650719305,1.5709841628737065,1.418827293737135,2.83765458747427,10.666081418551077,1.0030072176301053
63,9Iron,A,four3_path_tdm_neg,radar,16,4,16.360146381716635,11.487999999999987,39.92060582760378,39.69922948327173,4.872146381716648,-1.134228322929855,-1.0906943411285057,0.043533981801349375,0.1524,10.404948650719305,1.5709841628737065,1.418827293737135,2.83765458747427,10.666081418551077,1.0030072176301053
63,9Iron,A,four4_path_tdm,radar,16,4,15.62038492967823,11.487999999999987,39.92060582760378,39.69922948327173,4.132384929678242,-1.412090162131286,-1.3860545870934022,0.026035575037883785,0.1524,10.404948650719305,1.5709841628737065,1.418827293737135,2.83765458747427,10.666081418551077,1.0030072176301053
63,9Iron,A,four4_path_tdm_neg,radar,16,4,15.620384929678204,11.487999999999987,39.92060582760378,39.69922948327173,4.132384929678217,-1.412090162131288,-1.3860545870934022,0.026035575037885783,0.1524,10.404948650719305,1.5709841628737065,1.418827293737135,2.83765458747427,10.666081418551077,1.0030072176301053
63,9Iron,A,tx_later4,radar,16,4,18.167390806315943,11.487999999999987,39.92060582760378,39.69922948327173,6.679390806315956,-1.7225048976388906,-1.6515748341190695,0.07093006351982112,0.1524,10.404948650719305,1.5709841628737065,1.418827293737135,2.83765458747427,10.666081418551077,1.0030072176301053
63,9Iron,A,tx_earlier4,radar,16,4,12.87023170088216,11.487999999999987,39.92060582760378,39.69922948327173,1.3822317008821727,-1.1589600306958145,-1.1565696259851008,0.0023904047107137227,0.1524,10.404948650719305,1.5709841628737065,1.418827293737135,2.83765458747427,10.666081418551077,1.0030072176301053
64,9Iron,A,two8,radar,22,7,17.014559108683688,20.468999999999983,49.263726340447214,47.26284337702736,-3.4544408913162954,-1.4785684768097413,-1.2345710637778502,0.24399741303189115,0.1524,10.404948650719305,1.5709841628737065,2.7130779339884725,5.426155867976945,20.481874926733937,0.6503258117595764
64,9Iron,A,two8_path_tdm,radar,22,7,16.986388236449976,20.468999999999983,49.263726340447214,47.26284337702736,-3.4826117635500076,-1.4819416210860052,-1.2405324047970328,0.2414092162889725,0.1524,10.404948650719305,1.5709841628737065,2.7130779339884725,5.426155867976945,20.481874926733937,0.6503258117595764
64,9Iron,A,two8_path_tdm_neg,radar,22,7,17.018077554194896,20.468999999999983,49.263726340447214,47.26284337702736,-3.4509224458050873,-1.4752708890082336,-1.229225719622166,0.24604516938606746,0.1524,10.404948650719305,1.5709841628737065,2.7130779339884725,5.426155867976945,20.481874926733937,0.6503258117595764
64,9Iron,A,four3,radar,22,7,18.23432466103226,20.468999999999983,49.263726340447214,47.26284337702736,-2.2346753389677225,-1.636181800748205,-1.5965721187822004,0.03960968196600456,0.1524,10.404948650719305,1.5709841628737065,2.7130779339884725,5.426155867976945,20.481874926733937,0.6503258117595764
64,9Iron,A,four3_path_tdm,radar,22,7,18.270438394879186,20.468999999999983,49.263726340447214,47.26284337702736,-2.1985616051207977,-1.6496638052030377,-1.6106086420419208,0.0390551631611169,0.1524,10.404948650719305,1.5709841628737065,2.7130779339884725,5.426155867976945,20.481874926733937,0.6503258117595764
64,9Iron,A,four3_path_tdm_neg,radar,22,7,18.1988442639735,20.468999999999983,49.263726340447214,47.26284337702736,-2.270155736026485,-1.62310464357336,-1.5827656217847708,0.04033902178858928,0.1524,10.404948650719305,1.5709841628737065,2.7130779339884725,5.426155867976945,20.481874926733937,0.6503258117595764
64,9Iron,A,four4_path_tdm,radar,22,7,19.825217093466094,20.468999999999983,49.263726340447214,47.26284337702736,-0.6437829065338896,-1.5541367352192386,-1.5515798931211964,0.002556842098042189,0.1524,10.404948650719305,1.5709841628737065,2.7130779339884725,5.426155867976945,20.481874926733937,0.6503258117595764
64,9Iron,A,four4_path_tdm_neg,radar,22,7,19.825217093466158,20.468999999999983,49.263726340447214,47.26284337702736,-0.6437829065338256,-1.5541367352192381,-1.5515798931211955,0.002556842098042633,0.1524,10.404948650719305,1.5709841628737065,2.7130779339884725,5.426155867976945,20.481874926733937,0.6503258117595764
64,9Iron,A,tx_later4,radar,22,7,19.462219349814834,20.468999999999983,49.263726340447214,47.26284337702736,-1.0067806501851493,-1.6476339783883371,-1.637485448860949,0.010148529527388206,0.1524,10.404948650719305,1.5709841628737065,2.7130779339884725,5.426155867976945,20.481874926733937,0.6503258117595764
64,9Iron,A,tx_earlier4,radar,22,7,16.50543233038838,20.468999999999983,49.263726340447214,47.26284337702736,-3.963567669611603,-1.5151467251467177,-1.4772853448900183,0.037861380256699384,0.1524,10.404948650719305,1.5709841628737065,2.7130779339884725,5.426155867976945,20.481874926733937,0.6503258117595764
65,9Iron,A,two8,radar,25,7,14.78270690106337,17.449000000000005,49.75546952533371,47.4667803687637,-2.6662930989366345,-1.3825435360433664,-1.2914233575662224,0.09112017847714404,0.1524,10.404948650719305,1.5709841628737065,2.397011687880668,4.794023375761336,18.075606447590822,0.7223149015488257
65,9Iron,A,two8_path_tdm,radar,25,7,14.672231492790806,17.449000000000005,49.75546952533371,47.4667803687637,-2.7767685072091997,-1.382473656745783,-1.289040978299058,0.09343267844672498,0.1524,10.404948650719305,1.5709841628737065,2.397011687880668,4.794023375761336,18.075606447590822,0.7223149015488257
65,9Iron,A,two8_path_tdm_neg,radar,25,7,14.94891594401464,17.449000000000005,49.75546952533371,47.4667803687637,-2.500084055985365,-1.3835291777019343,-1.2937858553549424,0.0897433223469919,0.1524,10.404948650719305,1.5709841628737065,2.397011687880668,4.794023375761336,18.075606447590822,0.7223149015488257
65,9Iron,A,four3,radar,25,7,14.269318203671013,17.449000000000005,49.75546952533371,47.4667803687637,-3.1796817963289925,-1.4720163966416329,-1.4216325294493948,0.050383867192238085,0.1524,10.404948650719305,1.5709841628737065,2.397011687880668,4.794023375761336,18.075606447590822,0.7223149015488257
65,9Iron,A,four3_path_tdm,radar,25,7,14.32653592190836,17.449000000000005,49.75546952533371,47.4667803687637,-3.122464078091646,-1.4738908695116062,-1.4260606390080655,0.04783023050354074,0.1524,10.404948650719305,1.5709841628737065,2.397011687880668,4.794023375761336,18.075606447590822,0.7223149015488257
65,9Iron,A,four3_path_tdm_neg,radar,25,7,14.210155584714384,17.449000000000005,49.75546952533371,47.4667803687637,-3.2388444152856213,-1.470702669454624,-1.4176026354873683,0.0531000339672556,0.1524,10.404948650719305,1.5709841628737065,2.397011687880668,4.794023375761336,18.075606447590822,0.7223149015488257
65,9Iron,A,four4_path_tdm,radar,25,7,13.492775284907003,17.449000000000005,49.75546952533371,47.4667803687637,-3.9562247150930023,-1.7951445187742994,-1.7347373288847212,0.06040718988957816,0.1524,10.404948650719305,1.5709841628737065,2.397011687880668,4.794023375761336,18.075606447590822,0.7223149015488257
65,9Iron,A,four4_path_tdm_neg,radar,25,7,13.492775284906347,17.449000000000005,49.75546952533371,47.4667803687637,-3.956224715093658,-1.7951445187742998,-1.7347373288847197,0.06040718988958016,0.1524,10.404948650719305,1.5709841628737065,2.397011687880668,4.794023375761336,18.075606447590822,0.7223149015488257
65,9Iron,A,tx_later4,radar,25,7,9.452994731145193,17.449000000000005,49.75546952533371,47.4667803687637,-7.996005268854812,-1.8090994699566265,-1.735107281373957,0.07399218858266954,0.1524,10.404948650719305,1.5709841628737065,2.397011687880668,4.794023375761336,18.075606447590822,0.7223149015488257
65,9Iron,A,tx_earlier4,radar,25,7,14.55699195660729,17.449000000000005,49.75546952533371,47.4667803687637,-2.8920080433927158,-1.7386198025219244,-1.7037228964789393,0.03489690604298512,0.1524,10.404948650719305,1.5709841628737065,2.397011687880668,4.794023375761336,18.075606447590822,0.7223149015488257
66,9Iron,A,two8,radar,20,5,15.428875397673142,21.533999999999995,50.023693080726346,48.11344544831894,-6.105124602326853,-1.505336657356863,-1.0915320131190849,0.4138046442377781,0.1524,10.404948650719305,1.5709841628737065,2.8475994948523042,5.6951989897046085,21.50942147494991,0.6255257799251778
66,9Iron,A,two8_path_tdm,radar,20,5,15.540182669754397,21.533999999999995,50.023693080726346,48.11344544831894,-5.993817330245598,-1.5032134763160496,-1.0967146241738939,0.40649885214215575,0.1524,10.404948650719305,1.5709841628737065,2.8475994948523042,5.6951989897046085,21.50942147494991,0.6255257799251778
66,9Iron,A,two8_path_tdm_neg,radar,20,5,15.328534804930321,21.533999999999995,50.023693080726346,48.11344544831894,-6.205465195069674,-1.5078419742422482,-1.0868446310681663,0.4209973431740819,0.1524,10.404948650719305,1.5709841628737065,2.8475994948523042,5.6951989897046085,21.50942147494991,0.6255257799251778
66,9Iron,A,four3,radar,20,5,13.885698884124894,21.533999999999995,50.023693080726346,48.11344544831894,-7.6483011158751015,-1.6580417287078544,-1.4961432304292046,0.16189849827864977,0.1524,10.404948650719305,1.5709841628737065,2.8475994948523042,5.6951989897046085,21.50942147494991,0.6255257799251778
66,9Iron,A,four3_path_tdm,radar,20,5,15.641786365945697,21.533999999999995,50.023693080726346,48.11344544831894,-5.892213634054299,-1.6589057177404158,-1.5027450944429435,0.15616062329747238,0.1524,10.404948650719305,1.5709841628737065,2.8475994948523042,5.6951989897046085,21.50942147494991,0.6255257799251778
66,9Iron,A,four3_path_tdm_neg,radar,20,5,13.506110571366166,21.533999999999995,50.023693080726346,48.11344544831894,-8.027889428633829,-1.6596603741071547,-1.4888559984630307,0.17080437564412398,0.1524,10.404948650719305,1.5709841628737065,2.8475994948523042,5.6951989897046085,21.50942147494991,0.6255257799251778
66,9Iron,A,four4_path_tdm,radar,20,5,18.21611907778245,21.533999999999995,50.023693080726346,48.11344544831894,-3.317880922217544,-1.7564939398820894,-1.6528165365631602,0.10367740331892916,0.1524,10.404948650719305,1.5709841628737065,2.8475994948523042,5.6951989897046085,21.50942147494991,0.6255257799251778
66,9Iron,A,four4_path_tdm_neg,radar,20,5,18.21611907778263,21.533999999999995,50.023693080726346,48.11344544831894,-3.317880922217366,-1.7564939398820871,-1.6528165365631602,0.10367740331892694,0.1524,10.404948650719305,1.5709841628737065,2.8475994948523042,5.6951989897046085,21.50942147494991,0.6255257799251778
66,9Iron,A,tx_later4,radar,20,5,15.999036681898904,21.533999999999995,50.023693080726346,48.11344544831894,-5.5349633181010915,-1.6274734485259745,-1.608617759071724,0.018855689454250424,0.1524,10.404948650719305,1.5709841628737065,2.8475994948523042,5.6951989897046085,21.50942147494991,0.6255257799251778
66,9Iron,A,tx_earlier4,radar,20,5,16.866952026381654,21.533999999999995,50.023693080726346,48.11344544831894,-4.667047973618342,-1.9434059640203298,-1.766378707436365,0.1770272565839648,0.1524,10.404948650719305,1.5709841628737065,2.8475994948523042,5.6951989897046085,21.50942147494991,0.6255257799251778
67,9Iron,A,two8,radar,22,6,17.458552843953626,21.057999999999993,48.23553604477545,45.86818820896334,-3.5994471560463666,-1.407867584672286,-1.2945013374790508,0.11336624719323507,0.1524,10.404948650719305,1.5709841628737065,2.6082585966931027,5.216517193386205,19.67889549826336,0.660964546883451
67,9Iron,A,two8_path_tdm,radar,22,6,17.463007015849247,21.057999999999993,48.23553604477545,45.86818820896334,-3.594992984150746,-1.401881929137862,-1.2902487405011474,0.11163318863671456,0.1524,10.404948650719305,1.5709841628737065,2.6082585966931027,5.216517193386205,19.67889549826336,0.660964546883451
67,9Iron,A,two8_path_tdm_neg,radar,22,6,17.437930800299302,21.057999999999993,48.23553604477545,45.86818820896334,-3.6200691997006906,-1.415367621068711,-1.301164525672499,0.11420309539621187,0.1524,10.404948650719305,1.5709841628737065,2.6082585966931027,5.216517193386205,19.67889549826336,0.660964546883451
67,9Iron,A,four3,radar,22,6,17.090143233167677,21.057999999999993,48.23553604477545,45.86818820896334,-3.967856766832316,-1.847310030804209,-1.6828660699568738,0.16444396084733515,0.1524,10.404948650719305,1.5709841628737065,2.6082585966931027,5.216517193386205,19.67889549826336,0.660964546883451
67,9Iron,A,four3_path_tdm,radar,22,6,17.125914137921836,21.057999999999993,48.23553604477545,45.86818820896334,-3.932085862078157,-1.8466809475868988,-1.6911855611060476,0.15549538648085126,0.1524,10.404948650719305,1.5709841628737065,2.6082585966931027,5.216517193386205,19.67889549826336,0.660964546883451
67,9Iron,A,four3_path_tdm_neg,radar,22,6,17.0700768043686,21.057999999999993,48.23553604477545,45.86818820896334,-3.9879231956313923,-1.849206954438061,-1.6794580207198597,0.1697489337182012,0.1524,10.404948650719305,1.5709841628737065,2.6082585966931027,5.216517193386205,19.67889549826336,0.660964546883451
67,9Iron,A,four4_path_tdm,radar,22,6,19.030315944125427,21.057999999999993,48.23553604477545,45.86818820896334,-2.027684055874566,-1.8831371687187988,-1.8547622824838321,0.028374886234966645,0.1524,10.404948650719305,1.5709841628737065,2.6082585966931027,5.216517193386205,19.67889549826336,0.660964546883451
67,9Iron,A,four4_path_tdm_neg,radar,22,6,19.030315944125405,21.057999999999993,48.23553604477545,45.86818820896334,-2.0276840558745874,-1.8831371687187979,-1.8547622824838317,0.0283748862349662,0.1524,10.404948650719305,1.5709841628737065,2.6082585966931027,5.216517193386205,19.67889549826336,0.660964546883451
67,9Iron,A,tx_later4,radar,22,6,18.30930938690936,21.057999999999993,48.23553604477545,45.86818820896334,-2.748690613090634,-2.023830332549978,-1.953633012331509,0.07019732021846892,0.1524,10.404948650719305,1.5709841628737065,2.6082585966931027,5.216517193386205,19.67889549826336,0.660964546883451
67,9Iron,A,tx_earlier4,radar,22,6,12.414441627015199,21.057999999999993,48.23553604477545,45.86818820896334,-8.643558372984794,-1.751146522345505,-1.6685241747809314,0.08262234756457354,0.1524,10.404948650719305,1.5709841628737065,2.6082585966931027,5.216517193386205,19.67889549826336,0.660964546883451
68,9Iron,A,two8,radar,20,5,-1.3159697872316447,5.689999999999997,48.23553604477545,47.56644566975043,-7.005969787231642,-1.7625772955396801,-1.6634835553432048,0.09909374019647532,0.1524,10.404948650719305,1.5709841628737065,0.8745533368726965,1.749106673745393,6.570383397192361,1.3805609237244483
68,9Iron,A,two8_path_tdm,radar,20,5,-2.055104093888828,5.689999999999997,48.23553604477545,47.56644566975043,-7.745104093888825,-1.8301939512102536,-1.6630303617226445,0.16716358948760912,0.1524,10.404948650719305,1.5709841628737065,0.8745533368726965,1.749106673745393,6.570383397192361,1.3805609237244483
68,9Iron,A,two8_path_tdm_neg,radar,20,5,-1.8253115026455784,5.689999999999997,48.23553604477545,47.56644566975043,-7.5153115026455755,-1.8415884678898966,-1.663621628980625,0.17796683890927167,0.1524,10.404948650719305,1.5709841628737065,0.8745533368726965,1.749106673745393,6.570383397192361,1.3805609237244483
68,9Iron,A,four3,radar,20,5,-1.484733369545947,5.689999999999997,48.23553604477545,47.56644566975043,-7.174733369545944,-1.373923417598751,-1.3147704281804995,0.05915298941825142,0.1524,10.404948650719305,1.5709841628737065,0.8745533368726965,1.749106673745393,6.570383397192361,1.3805609237244483
68,9Iron,A,four3_path_tdm,radar,20,5,-2.0216349369164073,5.689999999999997,48.23553604477545,47.56644566975043,-7.711634936916404,-1.47149059409115,-1.3134767991028489,0.15801379498830115,0.1524,10.404948650719305,1.5709841628737065,0.8745533368726965,1.749106673745393,6.570383397192361,1.3805609237244483
68,9Iron,A,four3_path_tdm_neg,radar,20,5,-1.8286088613968279,5.689999999999997,48.23553604477545,47.56644566975043,-7.5186088613968245,-1.4409990959672263,-1.3159659693381267,0.1250331266290996,0.1524,10.404948650719305,1.5709841628737065,0.8745533368726965,1.749106673745393,6.570383397192361,1.3805609237244483
68,9Iron,A,four4_path_tdm,radar,20,5,8.547706733462304,5.689999999999997,48.23553604477545,47.56644566975043,2.857706733462307,-1.8827915074663875,-1.8743621831779698,0.008429324288417694,0.1524,10.404948650719305,1.5709841628737065,0.8745533368726965,1.749106673745393,6.570383397192361,1.3805609237244483
68,9Iron,A,four4_path_tdm_neg,radar,20,5,8.547706733461633,5.689999999999997,48.23553604477545,47.56644566975043,2.8577067334616357,-1.8827915074663886,-1.8743621831779713,0.00842932428841725,0.1524,10.404948650719305,1.5709841628737065,0.8745533368726965,1.749106673745393,6.570383397192361,1.3805609237244483
68,9Iron,A,tx_later4,radar,20,5,8.757884282384845,5.689999999999997,48.23553604477545,47.56644566975043,3.0678842823848482,-1.9369795893247328,-1.9052035052621037,0.031776084062629106,0.1524,10.404948650719305,1.5709841628737065,0.8745533368726965,1.749106673745393,6.570383397192361,1.3805609237244483
68,9Iron,A,tx_earlier4,radar,20,5,13.813909232697279,5.689999999999997,48.23553604477545,47.56644566975043,8.123909232697283,-1.9716629090734201,-1.9205562701690742,0.05110663890434597,0.1524,10.404948650719305,1.5709841628737065,0.8745533368726965,1.749106673745393,6.570383397192361,1.3805609237244483
69,9Iron,A,two8,radar,19,7,19.106803898689506,21.013999999999996,52.21418544976619,50.25057192151659,-1.9071961013104897,-1.5402186309510897,-1.4288201027305647,0.11139852822052498,0.1524,10.404948650719305,1.5709841628737065,2.7398578407444862,5.4797156814889725,20.68534627546085,0.6427526723379009
69,9Iron,A,two8_path_tdm,radar,19,7,19.11702523161395,21.013999999999996,52.21418544976619,50.25057192151659,-1.8969747683860447,-1.5431129818708873,-1.4318889870960725,0.11122399477481482,0.1524,10.404948650719305,1.5709841628737065,2.7398578407444862,5.4797156814889725,20.68534627546085,0.6427526723379009
69,9Iron,A,two8_path_tdm_neg,radar,19,7,19.103357642676116,21.013999999999996,52.21418544976619,50.25057192151659,-1.91064235732388,-1.5381071456124957,-1.4260959795053958,0.11201116610709994,0.1524,10.404948650719305,1.5709841628737065,2.7398578407444862,5.4797156814889725,20.68534627546085,0.6427526723379009
69,9Iron,A,four3,radar,19,7,17.622949900155984,21.013999999999996,52.21418544976619,50.25057192151659,-3.391050099844012,-1.7982535093757512,-1.6466641064479912,0.15158940292776002,0.1524,10.404948650719305,1.5709841628737065,2.7398578407444862,5.4797156814889725,20.68534627546085,0.6427526723379009
69,9Iron,A,four3_path_tdm,radar,19,7,17.580852654237034,21.013999999999996,52.21418544976619,50.25057192151659,-3.4331473457629613,-1.797947264031576,-1.6490400019373632,0.14890726209421268,0.1524,10.404948650719305,1.5709841628737065,2.7398578407444862,5.4797156814889725,20.68534627546085,0.6427526723379009
69,9Iron,A,four3_path_tdm_neg,radar,19,7,17.68846696685652,21.013999999999996,52.21418544976619,50.25057192151659,-3.3255330331434756,-1.797783008363997,-1.6463173176474595,0.15146569071653748,0.1524,10.404948650719305,1.5709841628737065,2.7398578407444862,5.4797156814889725,20.68534627546085,0.6427526723379009
69,9Iron,A,four4_path_tdm,radar,19,7,17.87978916474828,21.013999999999996,52.21418544976619,50.25057192151659,-3.1342108352517144,-1.6773261840334668,-1.6079884431437783,0.06933774088968847,0.1524,10.404948650719305,1.5709841628737065,2.7398578407444862,5.4797156814889725,20.68534627546085,0.6427526723379009
69,9Iron,A,four4_path_tdm_neg,radar,19,7,17.879789164748473,21.013999999999996,52.21418544976619,50.25057192151659,-3.1342108352515226,-1.6773261840334688,-1.6079884431437783,0.06933774088969047,0.1524,10.404948650719305,1.5709841628737065,2.7398578407444862,5.4797156814889725,20.68534627546085,0.6427526723379009
69,9Iron,A,tx_later4,radar,19,7,18.765731768809573,21.013999999999996,52.21418544976619,50.25057192151659,-2.2482682311904227,-1.7819572827846688,-1.7436561348128115,0.03830114797185735,0.1524,10.404948650719305,1.5709841628737065,2.7398578407444862,5.4797156814889725,20.68534627546085,0.6427526723379009
69,9Iron,A,tx_earlier4,radar,19,7,20.401339627288014,21.013999999999996,52.21418544976619,50.25057192151659,-0.6126603727119821,-1.6787614216194697,-1.6735611275639555,0.005200294055514254,0.1524,10.404948650719305,1.5709841628737065,2.7398578407444862,5.4797156814889725,20.68534627546085,0.6427526723379009
70,9Iron,A,two8,radar,22,7,19.282036035576592,22.12999999999998,48.727279229661946,46.809339155828525,-2.847963964423389,-1.4988555232071088,-1.3412975299067327,0.15755799330037612,0.1524,10.404948650719305,1.5709841628737065,2.935175043800109,5.870350087600218,22.179391469162702,0.6104735070053554
70,9Iron,A,two8_path_tdm,radar,22,7,19.30578782054519,22.12999999999998,48.727279229661946,46.809339155828525,-2.82421217945479,-1.5109588199541442,-1.3549615825367443,0.1559972374173999,0.1524,10.404948650719305,1.5709841628737065,2.935175043800109,5.870350087600218,22.179391469162702,0.6104735070053554
70,9Iron,A,two8_path_tdm_neg,radar,22,7,19.374626356218503,22.12999999999998,48.727279229661946,46.809339155828525,-2.7553736437814784,-1.490064233201639,-1.329446158732298,0.16061807446934084,0.1524,10.404948650719305,1.5709841628737065,2.935175043800109,5.870350087600218,22.179391469162702,0.6104735070053554
70,9Iron,A,four3,radar,22,7,19.093652231326594,22.12999999999998,48.727279229661946,46.809339155828525,-3.0363477686733873,-1.6420239917976123,-1.5162616967386113,0.12576229505900094,0.1524,10.404948650719305,1.5709841628737065,2.935175043800109,5.870350087600218,22.179391469162702,0.6104735070053554
70,9Iron,A,four3_path_tdm,radar,22,7,19.072663914171386,22.12999999999998,48.727279229661946,46.809339155828525,-3.057336085828595,-1.6496039678184804,-1.5176972189839755,0.13190674883450493,0.1524,10.404948650719305,1.5709841628737065,2.935175043800109,5.870350087600218,22.179391469162702,0.6104735070053554
70,9Iron,A,four3_path_tdm_neg,radar,22,7,19.10792488930146,22.12999999999998,48.727279229661946,46.809339155828525,-3.0220751106985198,-1.6341971505234987,-1.513774880606632,0.12042226991686666,0.1524,10.404948650719305,1.5709841628737065,2.935175043800109,5.870350087600218,22.179391469162702,0.6104735070053554
70,9Iron,A,four4_path_tdm,radar,22,7,18.15070688092148,22.12999999999998,48.727279229661946,46.809339155828525,-3.979293119078502,-1.5298863338483997,-1.4203917710476144,0.10949456280078529,0.1524,10.404948650719305,1.5709841628737065,2.935175043800109,5.870350087600218,22.179391469162702,0.6104735070053554
70,9Iron,A,four4_path_tdm_neg,radar,22,7,18.150706880921415,22.12999999999998,48.727279229661946,46.809339155828525,-3.979293119078566,-1.5298863338484001,-1.4203917710476142,0.10949456280078596,0.1524,10.404948650719305,1.5709841628737065,2.935175043800109,5.870350087600218,22.179391469162702,0.6104735070053554
70,9Iron,A,tx_later4,radar,22,7,19.69389624826479,22.12999999999998,48.727279229661946,46.809339155828525,-2.4361037517351924,-1.6517835333074764,-1.57734980142216,0.07443373188531632,0.1524,10.404948650719305,1.5709841628737065,2.935175043800109,5.870350087600218,22.179391469162702,0.6104735070053554
70,9Iron,A,tx_earlier4,radar,22,7,-1.480594797746986,22.12999999999998,48.727279229661946,46.809339155828525,-23.610594797746966,-1.6615248287864384,-1.3390925503720232,0.32243227841441513,0.1524,10.404948650719305,1.5709841628737065,2.935175043800109,5.870350087600218,22.179391469162702,0.6104735070053554
71,9Iron,A,two8,radar,18,6,17.983526876983092,21.279999999999987,49.442542044042305,47.82772354287831,-3.296473123016895,-1.364363252369225,-1.1248995942633238,0.2394636581059013,0.1524,10.404948650719305,1.5709841628737065,2.8091731726451297,5.618346345290259,21.21562794687845,0.6321818264197856
71,9Iron,A,two8_path_tdm,radar,18,6,17.999822272407542,21.279999999999987,49.442542044042305,47.82772354287831,-3.280177727592445,-1.368560651533236,-1.13001348302267,0.238547168510566,0.1524,10.404948650719305,1.5709841628737065,2.8091731726451297,5.618346345290259,21.21562794687845,0.6321818264197856
71,9Iron,A,two8_path_tdm_neg,radar,18,6,17.96606389824671,21.279999999999987,49.442542044042305,47.82772354287831,-3.313936101753278,-1.3605780882513745,-1.120013852360976,0.24056423589039855,0.1524,10.404948650719305,1.5709841628737065,2.8091731726451297,5.618346345290259,21.21562794687845,0.6321818264197856
71,9Iron,A,four3,radar,18,6,16.601319150193948,21.279999999999987,49.442542044042305,47.82772354287831,-4.678680849806039,-1.4460716571664858,-1.2668173996689978,0.17925425749748802,0.1524,10.404948650719305,1.5709841628737065,2.8091731726451297,5.618346345290259,21.21562794687845,0.6321818264197856
71,9Iron,A,four3_path_tdm,radar,18,6,16.696463591061278,21.279999999999987,49.442542044042305,47.82772354287831,-4.583536408938709,-1.4512824868252274,-1.272673060533699,0.17860942629152832,0.1524,10.404948650719305,1.5709841628737065,2.8091731726451297,5.618346345290259,21.21562794687845,0.6321818264197856
71,9Iron,A,four3_path_tdm_neg,radar,18,6,16.5118181983183,21.279999999999987,49.442542044042305,47.82772354287831,-4.768181801681688,-1.4409952498616798,-1.2594030995957357,0.1815921502659441,0.1524,10.404948650719305,1.5709841628737065,2.8091731726451297,5.618346345290259,21.21562794687845,0.6321818264197856
71,9Iron,A,four4_path_tdm,radar,18,6,17.774238631542808,21.279999999999987,49.442542044042305,47.82772354287831,-3.505761368457179,-1.416602413569585,-1.3223722265596851,0.09423018700989982,0.1524,10.404948650719305,1.5709841628737065,2.8091731726451297,5.618346345290259,21.21562794687845,0.6321818264197856
71,9Iron,A,four4_path_tdm_neg,radar,18,6,17.774238631542808,21.279999999999987,49.442542044042305,47.82772354287831,-3.505761368457179,-1.416602413569585,-1.3223722265596856,0.09423018700989938,0.1524,10.404948650719305,1.5709841628737065,2.8091731726451297,5.618346345290259,21.21562794687845,0.6321818264197856
71,9Iron,A,tx_later4,radar,18,6,17.465409139408,21.279999999999987,49.442542044042305,47.82772354287831,-3.814590860591988,-1.6164778872561067,-1.5028098320768646,0.11366805517924217,0.1524,10.404948650719305,1.5709841628737065,2.8091731726451297,5.618346345290259,21.21562794687845,0.6321818264197856
71,9Iron,A,tx_earlier4,radar,18,6,14.50655356490391,21.279999999999987,49.442542044042305,47.82772354287831,-6.773446435096076,-1.3489742442253274,-1.2268622380043197,0.12211200622100771,0.1524,10.404948650719305,1.5709841628737065,2.8091731726451297,5.618346345290259,21.21562794687845,0.6321818264197856
72,7Iron,A,two8,radar,29,8,-1.1957326858472863,1.6789999999999963,34.19850331256091,34.01207683687395,-2.874732685847283,-1.241621726300507,-1.23695089445349,0.0046708318470169985,0.1524,10.404948650719305,1.5709841628737065,0.3720232386989153,0.7440464773978306,2.793670820389339,1.9708470209167273
72,7Iron,A,two8_path_tdm,radar,29,8,-3.5401860604313327,1.6789999999999963,34.19850331256091,34.01207683687395,-5.219186060431329,-1.3303527787935392,-1.2361365353335707,0.09421624345996849,0.1524,10.404948650719305,1.5709841628737065,0.3720232386989153,0.7440464773978306,2.793670820389339,1.9708470209167273
72,7Iron,A,two8_path_tdm_neg,radar,29,8,-3.0030465617227113,1.6789999999999963,34.19850331256091,34.01207683687395,-4.682046561722707,-1.2900443533208532,-1.237766138199068,0.05227821512178532,0.1524,10.404948650719305,1.5709841628737065,0.3720232386989153,0.7440464773978306,2.793670820389339,1.9708470209167273
72,7Iron,A,four3,radar,29,8,4.513765739790496,1.6789999999999963,34.19850331256091,34.01207683687395,2.8347657397904995,-0.9760651800076161,-0.9742909881797512,0.0017741918278648683,0.1524,10.404948650719305,1.5709841628737065,0.3720232386989153,0.7440464773978306,2.793670820389339,1.9708470209167273
72,7Iron,A,four3_path_tdm,radar,29,8,-3.5348523305720683,1.6789999999999963,34.19850331256091,34.01207683687395,-5.213852330572065,-1.0631237613061197,-0.9740062305574547,0.08911753074866502,0.1524,10.404948650719305,1.5709841628737065,0.3720232386989153,0.7440464773978306,2.793670820389339,1.9708470209167273
72,7Iron,A,four3_path_tdm_neg,radar,29,8,-2.984887138355929,1.6789999999999963,34.19850331256091,34.01207683687395,-4.663887138355925,-1.0265467930713523,-0.9745839996967,0.05196279337465237,0.1524,10.404948650719305,1.5709841628737065,0.3720232386989153,0.7440464773978306,2.793670820389339,1.9708470209167273
72,7Iron,A,four4_path_tdm,radar,29,8,9.568344054782713,1.6789999999999963,34.19850331256091,34.01207683687395,7.8893440547827165,-1.7892086308631003,-1.7404266388377008,0.04878199202539957,0.1524,10.404948650719305,1.5709841628737065,0.3720232386989153,0.7440464773978306,2.793670820389339,1.9708470209167273
72,7Iron,A,four4_path_tdm_neg,radar,29,8,9.568344054781967,1.6789999999999963,34.19850331256091,34.01207683687395,7.88934405478197,-1.7892086308630986,-1.7404266388377003,0.048781992025398235,0.1524,10.404948650719305,1.5709841628737065,0.3720232386989153,0.7440464773978306,2.793670820389339,1.9708470209167273
72,7Iron,A,tx_later4,radar,29,8,9.443818967649637,1.6789999999999963,34.19850331256091,34.01207683687395,7.76481896764964,-1.8498403579844316,-1.8203633060362203,0.029477051948211264,0.1524,10.404948650719305,1.5709841628737065,0.3720232386989153,0.7440464773978306,2.793670820389339,1.9708470209167273
72,7Iron,A,tx_earlier4,radar,29,8,11.76152397233097,1.6789999999999963,34.19850331256091,34.01207683687395,10.082523972330973,-1.89219145998303,-1.8093325147901782,0.08285894519285186,0.1524,10.404948650719305,1.5709841628737065,0.3720232386989153,0.7440464773978306,2.793670820389339,1.9708470209167273
73,7Iron,A,two8,radar,20,6,16.369727862998424,18.677999999999987,50.470732339714075,48.94787602387909,-2.3082721370015626,-1.7923142488928854,-1.5632221826717885,0.2290920662210969,0.1524,10.404948650719305,1.5709841628737065,2.4854899919451223,4.970979983890245,18.747424699345338,0.6973938455064131
73,7Iron,A,two8_path_tdm,radar,20,6,16.352804898893204,18.677999999999987,50.470732339714075,48.94787602387909,-2.3251951011067824,-1.7861648061458446,-1.5598186441454216,0.226346162000423,0.1524,10.404948650719305,1.5709841628737065,2.4854899919451223,4.970979983890245,18.747424699345338,0.6973938455064131
73,7Iron,A,two8_path_tdm_neg,radar,20,6,16.380426750995092,18.677999999999987,50.470732339714075,48.94787602387909,-2.297573249004895,-1.7990191973518759,-1.567549451073944,0.23146974627793182,0.1524,10.404948650719305,1.5709841628737065,2.4854899919451223,4.970979983890245,18.747424699345338,0.6973938455064131
73,7Iron,A,four3,radar,20,6,16.63260052729112,18.677999999999987,50.470732339714075,48.94787602387909,-2.0453994727088656,-1.94699367770341,-1.8420124877966344,0.10498118990677563,0.1524,10.404948650719305,1.5709841628737065,2.4854899919451223,4.970979983890245,18.747424699345338,0.6973938455064131
73,7Iron,A,four3_path_tdm,radar,20,6,16.710917181420392,18.677999999999987,50.470732339714075,48.94787602387909,-1.9670828185795948,-1.945836985518936,-1.8443515124021221,0.10148547311681377,0.1524,10.404948650719305,1.5709841628737065,2.4854899919451223,4.970979983890245,18.747424699345338,0.6973938455064131
73,7Iron,A,four3_path_tdm_neg,radar,20,6,16.584046346807465,18.677999999999987,50.470732339714075,48.94787602387909,-2.0939536531925214,-1.9472260706240097,-1.8396926073886923,0.10753346323531732,0.1524,10.404948650719305,1.5709841628737065,2.4854899919451223,4.970979983890245,18.747424699345338,0.6973938455064131
73,7Iron,A,four4_path_tdm,radar,20,6,16.632240552923392,18.677999999999987,50.470732339714075,48.94787602387909,-2.0457594470765947,-1.9251066971342088,-1.871391623982342,0.053715073151866743,0.1524,10.404948650719305,1.5709841628737065,2.4854899919451223,4.970979983890245,18.747424699345338,0.6973938455064131
73,7Iron,A,four4_path_tdm_neg,radar,20,6,16.63224055292337,18.677999999999987,50.470732339714075,48.94787602387909,-2.045759447076616,-1.9251066971342095,-1.8713916239823407,0.05371507315186874,0.1524,10.404948650719305,1.5709841628737065,2.4854899919451223,4.970979983890245,18.747424699345338,0.6973938455064131
73,7Iron,A,tx_later4,radar,20,6,15.465208708061606,18.677999999999987,50.470732339714075,48.94787602387909,-3.2127912919383803,-1.7149992462737549,-1.699846002287562,0.015153243986192777,0.1524,10.404948650719305,1.5709841628737065,2.4854899919451223,4.970979983890245,18.747424699345338,0.6973938455064131
73,7Iron,A,tx_earlier4,radar,20,6,18.092712122039707,18.677999999999987,50.470732339714075,48.94787602387909,-0.5852878779602797,-2.0812400211204776,-2.066714778234641,0.014525242885836676,0.1524,10.404948650719305,1.5709841628737065,2.4854899919451223,4.970979983890245,18.747424699345338,0.6973938455064131
74,7Iron,A,two8,radar,17,5,14.527816690196845,16.30699999999998,53.91293463391955,52.245087594089,-1.7791833098031358,-1.4905813740111826,-1.4376094082822073,0.052971965728975334,0.1524,10.404948650719305,1.5709841628737065,2.245325921348318,4.490651842696636,16.922831067916306,0.7589463890119509
74,7Iron,A,two8_path_tdm,radar,17,5,14.518204543567453,16.30699999999998,53.91293463391955,52.245087594089,-1.7887954564325277,-1.4946315541501878,-1.4411408399882053,0.05349071416198248,0.1524,10.404948650719305,1.5709841628737065,2.245325921348318,4.490651842696636,16.922831067916306,0.7589463890119509
74,7Iron,A,two8_path_tdm_neg,radar,17,5,14.539134267824963,16.30699999999998,53.91293463391955,52.245087594089,-1.767865732175018,-1.4863213549571677,-1.4340038962387538,0.05231745871841387,0.1524,10.404948650719305,1.5709841628737065,2.245325921348318,4.490651842696636,16.922831067916306,0.7589463890119509
74,7Iron,A,four3,radar,17,5,14.117289758762556,16.30699999999998,53.91293463391955,52.245087594089,-2.1897102412374245,-1.3369325234617928,-1.3184463043605008,0.018486219101292,0.1524,10.404948650719305,1.5709841628737065,2.245325921348318,4.490651842696636,16.922831067916306,0.7589463890119509
74,7Iron,A,four3_path_tdm,radar,17,5,14.10707404665364,16.30699999999998,53.91293463391955,52.245087594089,-2.199925953346341,-1.3472471623491886,-1.3301290577731693,0.017118104576019366,0.1524,10.404948650719305,1.5709841628737065,2.245325921348318,4.490651842696636,16.922831067916306,0.7589463890119509
74,7Iron,A,four3_path_tdm_neg,radar,17,5,14.124697892018157,16.30699999999998,53.91293463391955,52.245087594089,-2.1823021079818243,-1.3267270007918097,-1.3069777905639455,0.019749210227864245,0.1524,10.404948650719305,1.5709841628737065,2.245325921348318,4.490651842696636,16.922831067916306,0.7589463890119509
74,7Iron,A,four4_path_tdm,radar,17,5,14.483283641012243,16.30699999999998,53.91293463391955,52.245087594089,-1.8237163589877383,-1.4193109175174279,-1.4058276176728088,0.013483299844619046,0.1524,10.404948650719305,1.5709841628737065,2.245325921348318,4.490651842696636,16.922831067916306,0.7589463890119509
74,7Iron,A,four4_path_tdm_neg,radar,17,5,14.483283641012235,16.30699999999998,53.91293463391955,52.245087594089,-1.8237163589877454,-1.4193109175174266,-1.4058276176728106,0.013483299844615937,0.1524,10.404948650719305,1.5709841628737065,2.245325921348318,4.490651842696636,16.922831067916306,0.7589463890119509
74,7Iron,A,tx_later4,radar,17,5,18.4127498126961,16.30699999999998,53.91293463391955,52.245087594089,2.105749812696118,-1.7540671383381359,-1.7332626826037583,0.020804455734377614,0.1524,10.404948650719305,1.5709841628737065,2.245325921348318,4.490651842696636,16.922831067916306,0.7589463890119509
74,7Iron,A,tx_earlier4,radar,17,5,4.98573094682824,16.30699999999998,53.91293463391955,52.245087594089,-11.32126905317174,-1.132874734191396,-0.9879518394705388,0.1449228947208573,0.1524,10.404948650719305,1.5709841628737065,2.245325921348318,4.490651842696636,16.922831067916306,0.7589463890119509
75,7Iron,A,two8,radar,22,7,15.558422632728565,17.240999999999993,52.66122470875392,51.04982513255473,-1.6825773672714277,-1.5046520088508335,-1.4448590116882678,0.0597929971625657,0.1524,10.404948650719305,1.5709841628737065,2.350958417558935,4.70191683511787,17.725037975604877,0.7315387118095754
75,7Iron,A,two8_path_tdm,radar,22,7,15.574514437297832,17.240999999999993,52.66122470875392,51.04982513255473,-1.6664855627021602,-1.5083290215596314,-1.450424708762754,0.057904312796877466,0.1524,10.404948650719305,1.5709841628737065,2.350958417558935,4.70191683511787,17.725037975604877,0.7315387118095754
75,7Iron,A,two8_path_tdm_neg,radar,22,7,15.542098985002042,17.240999999999993,52.66122470875392,51.04982513255473,-1.6989010149979507,-1.5010271985178574,-1.4394953923666272,0.06153180615123022,0.1524,10.404948650719305,1.5709841628737065,2.350958417558935,4.70191683511787,17.725037975604877,0.7315387118095754
75,7Iron,A,four3,radar,22,7,15.647300487108602,17.240999999999993,52.66122470875392,51.04982513255473,-1.5936995128913907,-1.5347285225418152,-1.5156338229580066,0.019094699583808605,0.1524,10.404948650719305,1.5709841628737065,2.350958417558935,4.70191683511787,17.725037975604877,0.7315387118095754
75,7Iron,A,four3_path_tdm,radar,22,7,15.673060088484648,17.240999999999993,52.66122470875392,51.04982513255473,-1.567939911515344,-1.5429084003822968,-1.524336498697495,0.018571901684801828,0.1524,10.404948650719305,1.5709841628737065,2.350958417558935,4.70191683511787,17.725037975604877,0.7315387118095754
75,7Iron,A,four3_path_tdm_neg,radar,22,7,15.623757780902173,17.240999999999993,52.66122470875392,51.04982513255473,-1.61724221909782,-1.5267714670060235,-1.5071848798161673,0.019586587189856175,0.1524,10.404948650719305,1.5709841628737065,2.350958417558935,4.70191683511787,17.725037975604877,0.7315387118095754
75,7Iron,A,four4_path_tdm,radar,22,7,15.71866556007282,17.240999999999993,52.66122470875392,51.04982513255473,-1.5223344399271728,-1.5275568004087567,-1.509068424764022,0.01848837564473471,0.1524,10.404948650719305,1.5709841628737065,2.350958417558935,4.70191683511787,17.725037975604877,0.7315387118095754
75,7Iron,A,four4_path_tdm_neg,radar,22,7,15.718665560072587,17.240999999999993,52.66122470875392,51.04982513255473,-1.5223344399274055,-1.5275568004087572,-1.5090684247640225,0.01848837564473471,0.1524,10.404948650719305,1.5709841628737065,2.350958417558935,4.70191683511787,17.725037975604877,0.7315387118095754
75,7Iron,A,tx_later4,radar,22,7,16.190021046743695,17.240999999999993,52.66122470875392,51.04982513255473,-1.0509789532562976,-1.8062309688692508,-1.7978092649829887,0.008421703886262177,0.1524,10.404948650719305,1.5709841628737065,2.350958417558935,4.70191683511787,17.725037975604877,0.7315387118095754
75,7Iron,A,tx_earlier4,radar,22,7,9.411578835565875,17.240999999999993,52.66122470875392,51.04982513255473,-7.829421164434118,-1.2307116205224606,-1.1185475393029083,0.11216408121955235,0.1524,10.404948650719305,1.5709841628737065,2.350958417558935,4.70191683511787,17.725037975604877,0.7315387118095754
76,7Iron,A,two8,radar,21,6,8.51429511640732,12.092000000000013,46.49208293472332,45.36356297306607,-3.577704883592693,-1.2295841445815225,-1.132816410781752,0.09676773379977055,0.1524,10.404948650719305,1.5709841628737065,1.5121371067045475,3.024274213409095,11.36988797967983,0.9651732900795856
76,7Iron,A,two8_path_tdm,radar,21,6,8.502008865322306,12.092000000000013,46.49208293472332,45.36356297306607,-3.5899911346777067,-1.2306969743755107,-1.1317355390317896,0.09896143534372115,0.1524,10.404948650719305,1.5709841628737065,1.5121371067045475,3.024274213409095,11.36988797967983,0.9651732900795856
76,7Iron,A,two8_path_tdm_neg,radar,21,6,8.527311110288945,12.092000000000013,46.49208293472332,45.36356297306607,-3.564688889711068,-1.2285798941245505,-1.1339549447398234,0.0946249493847271,0.1524,10.404948650719305,1.5709841628737065,1.5121371067045475,3.024274213409095,11.36988797967983,0.9651732900795856
76,7Iron,A,four3,radar,21,6,13.808720889182291,12.092000000000013,46.49208293472332,45.36356297306607,1.7167208891822785,-0.9510233354269165,-0.9426519826339931,0.008371352792923448,0.1524,10.404948650719305,1.5709841628737065,1.5121371067045475,3.024274213409095,11.36988797967983,0.9651732900795856
76,7Iron,A,four3_path_tdm,radar,21,6,-1.5768620309404924,12.092000000000013,46.49208293472332,45.36356297306607,-13.668862030940506,-0.9646716634092424,-0.9441210082837327,0.020550655125509687,0.1524,10.404948650719305,1.5709841628737065,1.5121371067045475,3.024274213409095,11.36988797967983,0.9651732900795856
76,7Iron,A,four3_path_tdm_neg,radar,21,6,13.713970887567324,12.092000000000013,46.49208293472332,45.36356297306607,1.6219708875673113,-0.9466473639828935,-0.9396434524634009,0.007003911519492645,0.1524,10.404948650719305,1.5709841628737065,1.5121371067045475,3.024274213409095,11.36988797967983,0.9651732900795856
76,7Iron,A,four4_path_tdm,radar,21,6,13.452525997027251,12.092000000000013,46.49208293472332,45.36356297306607,1.3605259970272385,-1.3805027375714294,-1.3761300635919058,0.004372673979523567,0.1524,10.404948650719305,1.5709841628737065,1.5121371067045475,3.024274213409095,11.36988797967983,0.9651732900795856
76,7Iron,A,four4_path_tdm_neg,radar,21,6,13.452525997027626,12.092000000000013,46.49208293472332,45.36356297306607,1.3605259970276133,-1.3805027375714303,-1.3761300635919074,0.004372673979522901,0.1524,10.404948650719305,1.5709841628737065,1.5121371067045475,3.024274213409095,11.36988797967983,0.9651732900795856
76,7Iron,A,tx_later4,radar,21,6,12.76097541994542,12.092000000000013,46.49208293472332,45.36356297306607,0.6689754199454079,-1.371133383900237,-1.3684682249102103,0.002665158990026839,0.1524,10.404948650719305,1.5709841628737065,1.5121371067045475,3.024274213409095,11.36988797967983,0.9651732900795856
76,7Iron,A,tx_earlier4,radar,21,6,15.49168551774176,12.092000000000013,46.49208293472332,45.36356297306607,3.399685517741746,-1.398268551485444,-1.344395381376491,0.053873170108952984,0.1524,10.404948650719305,1.5709841628737065,1.5121371067045475,3.024274213409095,11.36988797967983,0.9651732900795856
77,7Iron,A,two8,radar,19,6,8.96435751889933,13.927999999999987,46.447379008824555,45.31103690428078,-4.963642481100656,-1.3416446234150998,-1.136357568824098,0.20528705459100172,0.1524,10.404948650719305,1.5709841628737065,1.8356300995302055,3.671260199060411,13.81625612347526,0.8681071404914379
77,7Iron,A,two8_path_tdm,radar,19,6,8.951813398521377,13.927999999999987,46.447379008824555,45.31103690428078,-4.976186601478609,-1.3473380577934426,-1.1389927693579882,0.2083452884354544,0.1524,10.404948650719305,1.5709841628737065,1.8356300995302055,3.671260199060411,13.81625612347526,0.8681071404914379
77,7Iron,A,two8_path_tdm_neg,radar,19,6,8.977963891915794,13.927999999999987,46.447379008824555,45.31103690428078,-4.950036108084193,-1.3358931545359318,-1.1336273904303729,0.20226576410555897,0.1524,10.404948650719305,1.5709841628737065,1.8356300995302055,3.671260199060411,13.81625612347526,0.8681071404914379
77,7Iron,A,four3,radar,19,6,18.390750594787704,13.927999999999987,46.447379008824555,45.31103690428078,4.4627505947877175,-1.380850433578659,-1.3201023082920609,0.06074812528659823,0.1524,10.404948650719305,1.5709841628737065,1.8356300995302055,3.671260199060411,13.81625612347526,0.8681071404914379
77,7Iron,A,four3_path_tdm,radar,19,6,18.08446382807823,13.927999999999987,46.447379008824555,45.31103690428078,4.156463828078245,-1.3971768912084466,-1.3320931706662982,0.0650837205421484,0.1524,10.404948650719305,1.5709841628737065,1.8356300995302055,3.671260199060411,13.81625612347526,0.8681071404914379
77,7Iron,A,four3_path_tdm_neg,radar,19,6,18.684340277779327,13.927999999999987,46.447379008824555,45.31103690428078,4.756340277779341,-1.3629172367157851,-1.3070841944737308,0.05583304224205432,0.1524,10.404948650719305,1.5709841628737065,1.8356300995302055,3.671260199060411,13.81625612347526,0.8681071404914379
77,7Iron,A,four4_path_tdm,radar,19,6,17.101079789932975,13.927999999999987,46.447379008824555,45.31103690428078,3.173079789932988,-1.9389918111786921,-1.8587006919219327,0.08029111925675947,0.1524,10.404948650719305,1.5709841628737065,1.8356300995302055,3.671260199060411,13.81625612347526,0.8681071404914379
77,7Iron,A,four4_path_tdm_neg,radar,19,6,17.101079789933085,13.927999999999987,46.447379008824555,45.31103690428078,3.173079789933098,-1.9389918111786926,-1.8587006919219282,0.08029111925676435,0.1524,10.404948650719305,1.5709841628737065,1.8356300995302055,3.671260199060411,13.81625612347526,0.8681071404914379
77,7Iron,A,tx_later4,radar,19,6,13.544232809040611,13.927999999999987,46.447379008824555,45.31103690428078,-0.38376719095937517,-2.166106271350382,-2.164878700350849,0.0012275709995326345,0.1524,10.404948650719305,1.5709841628737065,1.8356300995302055,3.671260199060411,13.81625612347526,0.8681071404914379
77,7Iron,A,tx_earlier4,radar,19,6,16.75210606854992,13.927999999999987,46.447379008824555,45.31103690428078,2.824106068549934,-1.663307977566088,-1.5654562926620412,0.09785168490404672,0.1524,10.404948650719305,1.5709841628737065,1.8356300995302055,3.671260199060411,13.81625612347526,0.8681071404914379
78,7Iron,A,two8,radar,20,5,-2.4316655153683286,6.121999999999985,30.97982064784929,30.635365440809792,-8.553665515368314,-2.5027425040518465,-2.391217056262092,0.11152544778975448,0.1524,10.404948650719305,1.5709841628737065,0.8401431064723353,1.6802862129446705,6.309573713719116,1.337716895253092
78,7Iron,A,two8_path_tdm,radar,20,5,-1.464286827724286,6.121999999999985,30.97982064784929,30.635365440809792,-7.586286827724271,-2.52923086277569,-2.3912249651534436,0.13800589762224647,0.1524,10.404948650719305,1.5709841628737065,0.8401431064723353,1.6802862129446705,6.309573713719116,1.337716895253092
78,7Iron,A,two8_path_tdm_neg,radar,20,5,-2.5556127306096634,6.121999999999985,30.97982064784929,30.635365440809792,-8.677612730609649,-2.532972926588141,-2.390525832555041,0.14244709403309974,0.1524,10.404948650719305,1.5709841628737065,0.8401431064723353,1.6802862129446705,6.309573713719116,1.337716895253092
78,7Iron,A,four3,radar,20,5,-1.721516950094219,6.121999999999985,30.97982064784929,30.635365440809792,-7.8435169500942035,-2.2280883885135765,-2.1681479722081582,0.05994041630541824,0.1524,10.404948650719305,1.5709841628737065,0.8401431064723353,1.6802862129446705,6.309573713719116,1.337716895253092
78,7Iron,A,four3_path_tdm,radar,20,5,-1.3547280855830375,6.121999999999985,30.97982064784929,30.635365440809792,-7.476728085583022,-2.282550465499502,-2.165250578490203,0.11729988700929894,0.1524,10.404948650719305,1.5709841628737065,0.8401431064723353,1.6802862129446705,6.309573713719116,1.337716895253092
78,7Iron,A,four3_path_tdm_neg,radar,20,5,-2.629172760669269,6.121999999999985,30.97982064784929,30.635365440809792,-8.751172760669254,-2.2586986556171618,-2.1706271542641504,0.08807150135301134,0.1524,10.404948650719305,1.5709841628737065,0.8401431064723353,1.6802862129446705,6.309573713719116,1.337716895253092
78,7Iron,A,four4_path_tdm,radar,20,5,9.826595334495313,6.121999999999985,30.97982064784929,30.635365440809792,3.7045953344953277,-2.5584513972886436,-2.53704714934972,0.021404247938923593,0.1524,10.404948650719305,1.5709841628737065,0.8401431064723353,1.6802862129446705,6.309573713719116,1.337716895253092
78,7Iron,A,four4_path_tdm_neg,radar,20,5,9.826595334495254,6.121999999999985,30.97982064784929,30.635365440809792,3.704595334495269,-2.5584513972886436,-2.5370471493497186,0.021404247938924925,0.1524,10.404948650719305,1.5709841628737065,0.8401431064723353,1.6802862129446705,6.309573713719116,1.337716895253092
78,7Iron,A,tx_later4,radar,20,5,14.58461936708006,6.121999999999985,30.97982064784929,30.635365440809792,8.462619367080077,-2.4689767915243603,-2.346563046859008,0.12241374466535238,0.1524,10.404948650719305,1.5709841628737065,0.8401431064723353,1.6802862129446705,6.309573713719116,1.337716895253092
78,7Iron,A,tx_earlier4,radar,20,5,9.533439703910759,6.121999999999985,30.97982064784929,30.635365440809792,3.411439703910774,-2.691687060819043,-2.674625930229984,0.017061130589059115,0.1524,10.404948650719305,1.5709841628737065,0.8401431064723353,1.6802862129446705,6.309573713719116,1.337716895253092
79,7Iron,A,two8,radar,23,7,10.69255043511766,15.657999999999998,49.75546952533371,47.30214778733609,-4.965449564882338,-1.3057235343782874,-1.0112711270530563,0.29445240732523104,0.1524,10.404948650719305,1.5709841628737065,1.9777349304628045,3.955469860925609,14.88989545655567,0.8128228403786634
79,7Iron,A,two8_path_tdm,radar,23,7,10.658351290600514,15.657999999999998,49.75546952533371,47.30214778733609,-4.999648709399484,-1.3096154977716505,-1.0103173471312916,0.2992981506403589,0.1524,10.404948650719305,1.5709841628737065,1.9777349304628045,3.955469860925609,14.88989545655567,0.8128228403786634
79,7Iron,A,two8_path_tdm_neg,radar,23,7,10.724136138257588,15.657999999999998,49.75546952533371,47.30214778733609,-4.9338638617424095,-1.3016867235301077,-1.011861192638516,0.2898255308915918,0.1524,10.404948650719305,1.5709841628737065,1.9777349304628045,3.955469860925609,14.88989545655567,0.8128228403786634
79,7Iron,A,four3,radar,23,7,12.934591192719592,15.657999999999998,49.75546952533371,47.30214778733609,-2.7234088072804052,-1.172319677382008,-1.1579114091435618,0.014408268238446098,0.1524,10.404948650719305,1.5709841628737065,1.9777349304628045,3.955469860925609,14.88989545655567,0.8128228403786634
79,7Iron,A,four3_path_tdm,radar,23,7,13.03653725195602,15.657999999999998,49.75546952533371,47.30214778733609,-2.621462748043978,-1.1771969765455699,-1.1637370094157347,0.013459967129835215,0.1524,10.404948650719305,1.5709841628737065,1.9777349304628045,3.955469860925609,14.88989545655567,0.8128228403786634
79,7Iron,A,four3_path_tdm_neg,radar,23,7,-4.023907301344947,15.657999999999998,49.75546952533371,47.30214778733609,-19.681907301344943,-1.193533371427521,-1.152078202085838,0.04145516934168292,0.1524,10.404948650719305,1.5709841628737065,1.9777349304628045,3.955469860925609,14.88989545655567,0.8128228403786634
79,7Iron,A,four4_path_tdm,radar,23,7,9.96266988069907,15.657999999999998,49.75546952533371,47.30214778733609,-5.6953301193009285,-1.5435597220967299,-1.4989414888121655,0.04461823328456438,0.1524,10.404948650719305,1.5709841628737065,1.9777349304628045,3.955469860925609,14.88989545655567,0.8128228403786634
79,7Iron,A,four4_path_tdm_neg,radar,23,7,9.962669880699144,15.657999999999998,49.75546952533371,47.30214778733609,-5.695330119300854,-1.5435597220967292,-1.4989414888121662,0.04461823328456305,0.1524,10.404948650719305,1.5709841628737065,1.9777349304628045,3.955469860925609,14.88989545655567,0.8128228403786634
79,7Iron,A,tx_later4,radar,23,7,13.339369546495828,15.657999999999998,49.75546952533371,47.30214778733609,-2.31863045350417,-1.7262697528068809,-1.6827755467348138,0.04349420607206711,0.1524,10.404948650719305,1.5709841628737065,1.9777349304628045,3.955469860925609,14.88989545655567,0.8128228403786634
79,7Iron,A,tx_earlier4,radar,23,7,15.802434776331795,15.657999999999998,49.75546952533371,47.30214778733609,0.14443477633179747,-1.293795715259033,-1.2938394468076377,-4.373154860481954e-05,0.1524,10.404948650719305,1.5709841628737065,1.9777349304628045,3.955469860925609,14.88989545655567,0.8128228403786634
80,7Iron,A,two8,radar,23,6,11.981231358959079,14.687999999999988,47.430865378597545,45.21606063570799,-2.7067686410409095,-0.8655796393027245,-0.7981330745509125,0.06744656475181199,0.1524,10.404948650719305,1.5709841628737065,1.8718575759894884,3.743715151978977,14.088725148514298,0.8461074994915314
80,7Iron,A,two8_path_tdm,radar,23,6,-2.488044016568555,14.687999999999988,47.430865378597545,45.21606063570799,-17.176044016568543,-1.055356522919485,-0.8016405331165597,0.2537159898029253,0.1524,10.404948650719305,1.5709841628737065,1.8718575759894884,3.743715151978977,14.088725148514298,0.8461074994915314
80,7Iron,A,two8_path_tdm_neg,radar,23,6,12.000744894536169,14.687999999999988,47.430865378597545,45.21606063570799,-2.6872551054638194,-0.8618755917631328,-0.7952338802625376,0.06664171150059517,0.1524,10.404948650719305,1.5709841628737065,1.8718575759894884,3.743715151978977,14.088725148514298,0.8461074994915314
80,7Iron,A,four3,radar,23,6,15.709725918112444,14.687999999999988,47.430865378597545,45.21606063570799,1.0217259181124554,-0.6656773998795608,-0.6634008745671697,0.0022765253123910867,0.1524,10.404948650719305,1.5709841628737065,1.8718575759894884,3.743715151978977,14.088725148514298,0.8461074994915314
80,7Iron,A,four3_path_tdm,radar,23,6,-2.4675111168211648,14.687999999999988,47.430865378597545,45.21606063570799,-17.155511116821152,-0.9367809968105062,-0.6716333068151158,0.2651476899953904,0.1524,10.404948650719305,1.5709841628737065,1.8718575759894884,3.743715151978977,14.088725148514298,0.8461074994915314
80,7Iron,A,four3_path_tdm_neg,radar,23,6,15.576545936238642,14.687999999999988,47.430865378597545,45.21606063570799,0.8885459362386534,-0.6575398400533795,-0.6557310227825585,0.0018088172708210504,0.1524,10.404948650719305,1.5709841628737065,1.8718575759894884,3.743715151978977,14.088725148514298,0.8461074994915314
80,7Iron,A,four4_path_tdm,radar,23,6,11.780385598303257,14.687999999999988,47.430865378597545,45.21606063570799,-2.9076144016967316,-1.4002863635953935,-1.3628268641974017,0.03745949939799176,0.1524,10.404948650719305,1.5709841628737065,1.8718575759894884,3.743715151978977,14.088725148514298,0.8461074994915314
80,7Iron,A,four4_path_tdm_neg,radar,23,6,11.780385598303516,14.687999999999988,47.430865378597545,45.21606063570799,-2.9076144016964722,-1.4002863635953933,-1.362826864197401,0.0374594993979922,0.1524,10.404948650719305,1.5709841628737065,1.8718575759894884,3.743715151978977,14.088725148514298,0.8461074994915314
80,7Iron,A,tx_later4,radar,23,6,9.553944949021878,14.687999999999988,47.430865378597545,45.21606063570799,-5.134055050978111,-1.7364180686971034,-1.6081431924269178,0.12827487627018552,0.1524,10.404948650719305,1.5709841628737065,1.8718575759894884,3.743715151978977,14.088725148514298,0.8461074994915314
80,7Iron,A,tx_earlier4,radar,23,6,10.267890793277726,14.687999999999988,47.430865378597545,45.21606063570799,-4.4201092067222625,-1.2190625202460725,-1.1511597334471904,0.06790278679888218,0.1524,10.404948650719305,1.5709841628737065,1.8718575759894884,3.743715151978977,14.088725148514298,0.8461074994915314
81,7Iron,A,two8,radar,22,6,6.301124420692128,9.146999999999982,48.727279229661946,47.111467292198604,-2.8458755793078545,-1.0659162882566768,-1.0226471206860956,0.04326916757058119,0.1524,10.404948650719305,1.5709841628737065,1.2130658970667563,2.4261317941335125,9.116059131796248,1.1100366775457713
81,7Iron,A,two8_path_tdm,radar,22,6,-4.043685618068252,9.146999999999982,48.727279229661946,47.111467292198604,-13.190685618068233,-1.0912114646496727,-1.0213605340961067,0.06985093055356595,0.1524,10.404948650719305,1.5709841628737065,1.2130658970667563,2.4261317941335125,9.116059131796248,1.1100366775457713
81,7Iron,A,two8_path_tdm_neg,radar,22,6,-2.300626886331759,9.146999999999982,48.727279229661946,47.111467292198604,-11.447626886331742,-1.0699026513927972,-1.024016621714171,0.045886029678626095,0.1524,10.404948650719305,1.5709841628737065,1.2130658970667563,2.4261317941335125,9.116059131796248,1.1100366775457713
81,7Iron,A,four3,radar,22,6,10.116921463217661,9.146999999999982,48.727279229661946,47.111467292198604,0.9699214632176787,-0.7115727207111875,-0.7090280534797276,0.0025446672314598517,0.1524,10.404948650719305,1.5709841628737065,1.2130658970667563,2.4261317941335125,9.116059131796248,1.1100366775457713
81,7Iron,A,four3_path_tdm,radar,22,6,-1.023240093603855,9.146999999999982,48.727279229661946,47.111467292198604,-10.170240093603837,-0.7726975012264466,-0.7134293380140017,0.05926816321244499,0.1524,10.404948650719305,1.5709841628737065,1.2130658970667563,2.4261317941335125,9.116059131796248,1.1100366775457713
81,7Iron,A,four3_path_tdm_neg,radar,22,6,-2.3021937473666885,9.146999999999982,48.727279229661946,47.111467292198604,-11.449193747366671,-0.745160165207416,-0.7043739270010159,0.04078623820640015,0.1524,10.404948650719305,1.5709841628737065,1.2130658970667563,2.4261317941335125,9.116059131796248,1.1100366775457713
81,7Iron,A,four4_path_tdm,radar,22,6,7.084874277941113,9.146999999999982,48.727279229661946,47.111467292198604,-2.0621257220588696,-0.9234652573640001,-0.9207339717615003,0.0027312856024998,0.1524,10.404948650719305,1.5709841628737065,1.2130658970667563,2.4261317941335125,9.116059131796248,1.1100366775457713
81,7Iron,A,four4_path_tdm_neg,radar,22,6,7.08487427794104,9.146999999999982,48.727279229661946,47.111467292198604,-2.0621257220589424,-0.9234652573640005,-0.9207339717615008,0.002731285602499689,0.1524,10.404948650719305,1.5709841628737065,1.2130658970667563,2.4261317941335125,9.116059131796248,1.1100366775457713
81,7Iron,A,tx_later4,radar,22,6,9.430530515999807,9.146999999999982,48.727279229661946,47.111467292198604,0.28353051599982493,-1.0588665778618698,-1.0585146382307438,0.0003519396311260081,0.1524,10.404948650719305,1.5709841628737065,1.2130658970667563,2.4261317941335125,9.116059131796248,1.1100366775457713
81,7Iron,A,tx_earlier4,radar,22,6,11.344902604665318,9.146999999999982,48.727279229661946,47.111467292198604,2.1979026046653356,-0.922388460496235,-0.9138744312407275,0.008514029255507483,0.1524,10.404948650719305,1.5709841628737065,1.2130658970667563,2.4261317941335125,9.116059131796248,1.1100366775457713
82,7Iron,A,two8,radar,23,6,12.065325571224935,17.27599999999998,48.548463526066854,46.632556508514135,-5.210674428775043,-1.3637225523595256,-1.1335971282248256,0.23012542413469994,0.1524,10.404948650719305,1.5709841628737065,2.2022425912240573,4.404485182448115,16.592540459898302,0.7556428417146562
82,7Iron,A,two8_path_tdm,radar,23,6,12.032191572123182,17.27599999999998,48.548463526066854,46.632556508514135,-5.243808427876797,-1.3634882347223922,-1.1271040426714045,0.2363841920509877,0.1524,10.404948650719305,1.5709841628737065,2.2022425912240573,4.404485182448115,16.592540459898302,0.7556428417146562
82,7Iron,A,two8_path_tdm_neg,radar,23,6,12.119892578417446,17.27599999999998,48.548463526066854,46.632556508514135,-5.156107421582533,-1.36403518536999,-1.1406503840935966,0.22338480127639326,0.1524,10.404948650719305,1.5709841628737065,2.2022425912240573,4.404485182448115,16.592540459898302,0.7556428417146562
82,7Iron,A,four3,radar,23,6,15.64996351563079,17.27599999999998,48.548463526066854,46.632556508514135,-1.6260364843691892,-1.5235906359570786,-1.5101517524708312,0.013438883486247333,0.1524,10.404948650719305,1.5709841628737065,2.2022425912240573,4.404485182448115,16.592540459898302,0.7556428417146562
82,7Iron,A,four3_path_tdm,radar,23,6,15.728177491215932,17.27599999999998,48.548463526066854,46.632556508514135,-1.547822508784046,-1.53048684829628,-1.515911619725926,0.014575228570353982,0.1524,10.404948650719305,1.5709841628737065,2.2022425912240573,4.404485182448115,16.592540459898302,0.7556428417146562
82,7Iron,A,four3_path_tdm_neg,radar,23,6,15.454841876597968,17.27599999999998,48.548463526066854,46.632556508514135,-1.8211581234020109,-1.5156765784454957,-1.501422833686873,0.014253744758622844,0.1524,10.404948650719305,1.5709841628737065,2.2022425912240573,4.404485182448115,16.592540459898302,0.7556428417146562
82,7Iron,A,four4_path_tdm,radar,23,6,17.8843545964081,17.27599999999998,48.548463526066854,46.632556508514135,0.6083545964081232,-1.5630699125677292,-1.558580044495626,0.004489868072103276,0.1524,10.404948650719305,1.5709841628737065,2.2022425912240573,4.404485182448115,16.592540459898302,0.7556428417146562
82,7Iron,A,four4_path_tdm_neg,radar,23,6,17.884354596408194,17.27599999999998,48.548463526066854,46.632556508514135,0.6083545964082155,-1.5630699125677294,-1.558580044495625,0.004489868072104386,0.1524,10.404948650719305,1.5709841628737065,2.2022425912240573,4.404485182448115,16.592540459898302,0.7556428417146562
82,7Iron,A,tx_later4,radar,23,6,12.5694946107943,17.27599999999998,48.548463526066854,46.632556508514135,-4.706505389205679,-2.080460839095707,-2.0142173324329495,0.06624350666275758,0.1524,10.404948650719305,1.5709841628737065,2.2022425912240573,4.404485182448115,16.592540459898302,0.7556428417146562
82,7Iron,A,tx_earlier4,radar,23,6,18.551719082130948,17.27599999999998,48.548463526066854,46.632556508514135,1.2757190821309692,-1.1194434417260646,-1.116076080328723,0.003367361397341506,0.1524,10.404948650719305,1.5709841628737065,2.2022425912240573,4.404485182448115,16.592540459898302,0.7556428417146562
83,7Iron,A,two8,radar,20,5,12.692077865528548,18.87599999999999,50.06839700662512,48.107925317263614,-6.183922134471443,-1.3787508659086485,-1.0981212283623363,0.2806296375463122,0.1524,10.404948650719305,1.5709841628737065,2.4691407043011426,4.938281408602285,18.62202001539187,0.6976842000458159
83,7Iron,A,two8_path_tdm,radar,20,5,12.64720232905531,18.87599999999999,50.06839700662512,48.107925317263614,-6.228797670944681,-1.3757129234193826,-1.08951676469622,0.2861961587231625,0.1524,10.404948650719305,1.5709841628737065,2.4691407043011426,4.938281408602285,18.62202001539187,0.6976842000458159
83,7Iron,A,two8_path_tdm_neg,radar,20,5,12.798868010480085,18.87599999999999,50.06839700662512,48.107925317263614,-6.077131989519906,-1.3815421534673558,-1.1060640308843768,0.275478122582979,0.1524,10.404948650719305,1.5709841628737065,2.4691407043011426,4.938281408602285,18.62202001539187,0.6976842000458159
83,7Iron,A,four3,radar,20,5,14.732579433823586,18.87599999999999,50.06839700662512,48.107925317263614,-4.143420566176404,-1.3677787093840412,-1.3298127938734763,0.03796591551056494,0.1524,10.404948650719305,1.5709841628737065,2.4691407043011426,4.938281408602285,18.62202001539187,0.6976842000458159
83,7Iron,A,four3_path_tdm,radar,20,5,14.809548979281237,18.87599999999999,50.06839700662512,48.107925317263614,-4.066451020718754,-1.3742400405444015,-1.337587402614035,0.03665263793036644,0.1524,10.404948650719305,1.5709841628737065,2.4691407043011426,4.938281408602285,18.62202001539187,0.6976842000458159
83,7Iron,A,four3_path_tdm_neg,radar,20,5,-3.5904478608266253,18.87599999999999,50.06839700662512,48.107925317263614,-22.466447860826616,-1.4004167388444757,-1.3218391403975227,0.078577598446953,0.1524,10.404948650719305,1.5709841628737065,2.4691407043011426,4.938281408602285,18.62202001539187,0.6976842000458159
83,7Iron,A,four4_path_tdm,radar,20,5,15.641616422746257,18.87599999999999,50.06839700662512,48.107925317263614,-3.234383577253734,-1.5245560722557288,-1.4942618264511673,0.030294245804561415,0.1524,10.404948650719305,1.5709841628737065,2.4691407043011426,4.938281408602285,18.62202001539187,0.6976842000458159
83,7Iron,A,four4_path_tdm_neg,radar,20,5,15.64161642274684,18.87599999999999,50.06839700662512,48.107925317263614,-3.2343835772531513,-1.5245560722557268,-1.4942618264511673,0.030294245804559417,0.1524,10.404948650719305,1.5709841628737065,2.4691407043011426,4.938281408602285,18.62202001539187,0.6976842000458159
83,7Iron,A,tx_later4,radar,20,5,14.486401747222363,18.87599999999999,50.06839700662512,48.107925317263614,-4.389598252777628,-1.3891397461717916,-1.336770969234589,0.052368776937202544,0.1524,10.404948650719305,1.5709841628737065,2.4691407043011426,4.938281408602285,18.62202001539187,0.6976842000458159
83,7Iron,A,tx_earlier4,radar,20,5,20.9153635940455,18.87599999999999,50.06839700662512,48.107925317263614,2.0393635940455077,-1.7023870353731947,-1.6768660545669007,0.025520980806293947,0.1524,10.404948650719305,1.5709841628737065,2.4691407043011426,4.938281408602285,18.62202001539187,0.6976842000458159
84,7Iron,A,two8,radar,12,3,9.498906355185412,16.949999999999992,54.53878959650236,52.80983073560512,-7.451093644814581,-1.5747575797619826,-1.2825354153796507,0.29222216438233195,0.1524,10.404948650719305,1.5709841628737065,2.0684070619679806,4.136814123935961,15.57550984134723,0.7811093678297149
84,7Iron,A,two8_path_tdm,radar,12,3,9.480462645765536,16.949999999999992,54.53878959650236,52.80983073560512,-7.469537354234456,-1.5787744500949756,-1.2713044341758923,0.3074700159190833,0.1524,10.404948650719305,1.5709841628737065,2.0684070619679806,4.136814123935961,15.57550984134723,0.7811093678297149
84,7Iron,A,two8_path_tdm_neg,radar,12,3,9.522335186822998,16.949999999999992,54.53878959650236,52.80983073560512,-7.427664813176994,-1.5706173447131224,-1.2927824420887388,0.2778349026243836,0.1524,10.404948650719305,1.5709841628737065,2.0684070619679806,4.136814123935961,15.57550984134723,0.7811093678297149
84,7Iron,A,four3,radar,12,3,12.470607273764708,16.949999999999992,54.53878959650236,52.80983073560512,-4.479392726235284,-1.3864553015865162,-1.3518510616306416,0.03460423995587458,0.1524,10.404948650719305,1.5709841628737065,2.0684070619679806,4.136814123935961,15.57550984134723,0.7811093678297149
84,7Iron,A,four3_path_tdm,radar,12,3,12.707456536996752,16.949999999999992,54.53878959650236,52.80983073560512,-4.242543463003241,-1.3964685324164687,-1.3638706279909976,0.03259790442547117,0.1524,10.404948650719305,1.5709841628737065,2.0684070619679806,4.136814123935961,15.57550984134723,0.7811093678297149
84,7Iron,A,four3_path_tdm_neg,radar,12,3,12.223112099273052,16.949999999999992,54.53878959650236,52.80983073560512,-4.72688790072694,-1.3760129882586407,-1.3390097770011913,0.03700321125744943,0.1524,10.404948650719305,1.5709841628737065,2.0684070619679806,4.136814123935961,15.57550984134723,0.7811093678297149
84,7Iron,A,four4_path_tdm,radar,12,3,16.105365418464253,16.949999999999992,54.53878959650236,52.80983073560512,-0.8446345815357397,-1.3041704634286344,-1.3030485840185513,0.0011218794100831264,0.1524,10.404948650719305,1.5709841628737065,2.0684070619679806,4.136814123935961,15.57550984134723,0.7811093678297149
84,7Iron,A,four4_path_tdm_neg,radar,12,3,16.10536541846477,16.949999999999992,54.53878959650236,52.80983073560512,-0.844634581535221,-1.304170463428634,-1.303048584018552,0.0011218794100820162,0.1524,10.404948650719305,1.5709841628737065,2.0684070619679806,4.136814123935961,15.57550984134723,0.7811093678297149
84,7Iron,A,tx_later4,radar,12,3,18.95155046570029,16.949999999999992,54.53878959650236,52.80983073560512,2.001550465700298,-1.449450608878888,-1.4385989941141855,0.010851614764702644,0.1524,10.404948650719305,1.5709841628737065,2.0684070619679806,4.136814123935961,15.57550984134723,0.7811093678297149
84,7Iron,A,tx_earlier4,radar,12,3,0.06925627448759433,16.949999999999992,54.53878959650236,52.80983073560512,-16.8807437255124,-1.6945535215435668,-1.503732794866889,0.1908207266766777,0.1524,10.404948650719305,1.5709841628737065,2.0684070619679806,4.136814123935961,15.57550984134723,0.7811093678297149
86,5Iron,A,two8,radar,20,5,12.66871347040177,14.677,50.023693080726346,47.53024373748418,-2.00828652959823,-1.1159280613115687,-1.0818411974242135,0.03408686388735527,0.1524,10.404948650719305,1.5709841628737065,1.830169880733401,3.660339761466802,13.772614440308676,0.8545019415926262
86,5Iron,A,two8_path_tdm,radar,20,5,-4.029145361965508,14.677,50.023693080726346,47.53024373748418,-18.706145361965508,-1.1683646668427428,-1.0820826232375673,0.08628204360517544,0.1524,10.404948650719305,1.5709841628737065,1.830169880733401,3.660339761466802,13.772614440308676,0.8545019415926262
86,5Iron,A,two8_path_tdm_neg,radar,20,5,12.675299395708464,14.677,50.023693080726346,47.53024373748418,-2.0017006042915355,-1.1154231304542184,-1.08220364311503,0.03321948733918845,0.1524,10.404948650719305,1.5709841628737065,1.830169880733401,3.660339761466802,13.772614440308676,0.8545019415926262
86,5Iron,A,four3,radar,20,5,15.87042894526116,14.677,50.023693080726346,47.53024373748418,1.1934289452611608,-1.175371607669863,-1.1699539950602698,0.005417612609593281,0.1524,10.404948650719305,1.5709841628737065,1.830169880733401,3.660339761466802,13.772614440308676,0.8545019415926262
86,5Iron,A,four3_path_tdm,radar,20,5,-4.013995355164991,14.677,50.023693080726346,47.53024373748418,-18.69099535516499,-1.2474628172573468,-1.1747027544226436,0.07276006283470315,0.1524,10.404948650719305,1.5709841628737065,1.830169880733401,3.660339761466802,13.772614440308676,0.8545019415926262
86,5Iron,A,four3_path_tdm_neg,radar,20,5,15.814242255255609,14.677,50.023693080726346,47.53024373748418,1.1372422552556092,-1.1707177434274016,-1.1666188594960065,0.004098883931395125,0.1524,10.404948650719305,1.5709841628737065,1.830169880733401,3.660339761466802,13.772614440308676,0.8545019415926262
86,5Iron,A,four4_path_tdm,radar,20,5,12.898972262924751,14.677,50.023693080726346,47.53024373748418,-1.7780277370752486,-1.573012556486607,-1.557846548864775,0.015166007621832067,0.1524,10.404948650719305,1.5709841628737065,1.830169880733401,3.660339761466802,13.772614440308676,0.8545019415926262
86,5Iron,A,four4_path_tdm_neg,radar,20,5,12.89897226292488,14.677,50.023693080726346,47.53024373748418,-1.778027737075119,-1.573012556486608,-1.557846548864775,0.015166007621832955,0.1524,10.404948650719305,1.5709841628737065,1.830169880733401,3.660339761466802,13.772614440308676,0.8545019415926262
86,5Iron,A,tx_later4,radar,20,5,15.440194625576602,14.677,50.023693080726346,47.53024373748418,0.7631946255766024,-1.700948487982916,-1.6961698187510563,0.004778669231859656,0.1524,10.404948650719305,1.5709841628737065,1.830169880733401,3.660339761466802,13.772614440308676,0.8545019415926262
86,5Iron,A,tx_earlier4,radar,20,5,7.782259982680897,14.677,50.023693080726346,47.53024373748418,-6.894740017319102,-1.4397609248489212,-1.3395752442099118,0.10018568063900934,0.1524,10.404948650719305,1.5709841628737065,1.830169880733401,3.660339761466802,13.772614440308676,0.8545019415926262
87,5Iron,A,two8,radar,20,6,13.010310939907239,15.406999999999991,52.84004041234901,51.122749823040635,-2.3966890600927524,-1.5173845743289673,-1.3998286360508303,0.11755593827813704,0.1524,10.404948650719305,1.5709841628737065,2.073984248967231,4.147968497934462,15.621778450791949,0.7994059066044559
87,5Iron,A,two8_path_tdm,radar,20,6,13.022282086372138,15.406999999999991,52.84004041234901,51.122749823040635,-2.3847179136278527,-1.522656800359344,-1.4060362542519036,0.11662054610744033,0.1524,10.404948650719305,1.5709841628737065,2.073984248967231,4.147968497934462,15.621778450791949,0.7994059066044559
87,5Iron,A,two8_path_tdm_neg,radar,20,6,13.001584081692501,15.406999999999991,52.84004041234901,51.122749823040635,-2.40541591830749,-1.5124425309353668,-1.3942312695211527,0.11821126141421412,0.1524,10.404948650719305,1.5709841628737065,2.073984248967231,4.147968497934462,15.621778450791949,0.7994059066044559
87,5Iron,A,four3,radar,20,6,14.260334005700038,15.406999999999991,52.84004041234901,51.122749823040635,-1.146665994299953,-1.4690104661790835,-1.4592148404235747,0.009795625755508741,0.1524,10.404948650719305,1.5709841628737065,2.073984248967231,4.147968497934462,15.621778450791949,0.7994059066044559
87,5Iron,A,four3_path_tdm,radar,20,6,14.269220842721184,15.406999999999991,52.84004041234901,51.122749823040635,-1.137779157278807,-1.4799261734904465,-1.471136676380264,0.00878949711018251,0.1524,10.404948650719305,1.5709841628737065,2.073984248967231,4.147968497934462,15.621778450791949,0.7994059066044559
87,5Iron,A,four3_path_tdm_neg,radar,20,6,14.274852516641234,15.406999999999991,52.84004041234901,51.122749823040635,-1.1321474833587573,-1.4590251658286026,-1.4486474409148844,0.010377724913718245,0.1524,10.404948650719305,1.5709841628737065,2.073984248967231,4.147968497934462,15.621778450791949,0.7994059066044559
87,5Iron,A,four4_path_tdm,radar,20,6,9.468067397408369,15.406999999999991,52.84004041234901,51.122749823040635,-5.938932602591622,-1.8108753612636106,-1.7201259865567533,0.09074937470685729,0.1524,10.404948650719305,1.5709841628737065,2.073984248967231,4.147968497934462,15.621778450791949,0.7994059066044559
87,5Iron,A,four4_path_tdm_neg,radar,20,6,9.468067397408632,15.406999999999991,52.84004041234901,51.122749823040635,-5.938932602591359,-1.8108753612636124,-1.7201259865567515,0.09074937470686084,0.1524,10.404948650719305,1.5709841628737065,2.073984248967231,4.147968497934462,15.621778450791949,0.7994059066044559
87,5Iron,A,tx_later4,radar,20,6,11.49769597054441,15.406999999999991,52.84004041234901,51.122749823040635,-3.9093040294555816,-1.9237209177391048,-1.8573121370797077,0.06640878065939715,0.1524,10.404948650719305,1.5709841628737065,2.073984248967231,4.147968497934462,15.621778450791949,0.7994059066044559
87,5Iron,A,tx_earlier4,radar,20,6,4.3174185523783395,15.406999999999991,52.84004041234901,51.122749823040635,-11.08958144762165,-1.7367658238772101,-1.5956025347086962,0.14116328916851395,0.1524,10.404948650719305,1.5709841628737065,2.073984248967231,4.147968497934462,15.621778450791949,0.7994059066044559
88,5Iron,A,two8,radar,24,6,0.2843308745512986,0.5110000000000001,44.07807093618961,43.00582860650462,-0.22666912544870155,-1.9253365488488996,-1.9253321836621886,4.36518671098618e-06,0.1524,10.404948650719305,1.5709841628737065,0.25544694724937145,0.5108938944987429,1.9179862205920113,2.145118679555189
88,5Iron,A,two8_path_tdm,radar,24,6,-4.198059156815616,0.5110000000000001,44.07807093618961,43.00582860650462,-4.709059156815616,-1.957202807958156,-1.9238954912913113,0.03330731666684472,0.1524,10.404948650719305,1.5709841628737065,0.25544694724937145,0.5108938944987429,1.9179862205920113,2.145118679555189
88,5Iron,A,two8_path_tdm_neg,radar,24,6,-2.606410717889587,0.5110000000000001,44.07807093618961,43.00582860650462,-3.117410717889587,-1.9998314623513869,-1.9265893745276266,0.0732420878237603,0.1524,10.404948650719305,1.5709841628737065,0.25544694724937145,0.5108938944987429,1.9179862205920113,2.145118679555189
88,5Iron,A,four3,radar,24,6,0.48215493682481897,0.5110000000000001,44.07807093618961,43.00582860650462,-0.02884506317518115,-1.6943366390285288,-1.6943365551893095,8.383921934473904e-08,0.1524,10.404948650719305,1.5709841628737065,0.25544694724937145,0.5108938944987429,1.9179862205920113,2.145118679555189
88,5Iron,A,four3_path_tdm,radar,24,6,-4.180059561352227,0.5110000000000001,44.07807093618961,43.00582860650462,-4.691059561352227,-1.748867441795462,-1.6938810007645728,0.05498644103088912,0.1524,10.404948650719305,1.5709841628737065,0.25544694724937145,0.5108938944987429,1.9179862205920113,2.145118679555189
88,5Iron,A,four3_path_tdm_neg,radar,24,6,-2.6480631198537328,0.5110000000000001,44.07807093618961,43.00582860650462,-3.159063119853733,-1.7884081473271722,-1.694673242618262,0.09373490470891022,0.1524,10.404948650719305,1.5709841628737065,0.25544694724937145,0.5108938944987429,1.9179862205920113,2.145118679555189
88,5Iron,A,four4_path_tdm,radar,24,6,11.522838910178791,0.5110000000000001,44.07807093618961,43.00582860650462,11.011838910178792,-1.545455947544254,-1.459455827247319,0.08600012029693493,0.1524,10.404948650719305,1.5709841628737065,0.25544694724937145,0.5108938944987429,1.9179862205920113,2.145118679555189
88,5Iron,A,four4_path_tdm_neg,radar,24,6,11.52283891017887,0.5110000000000001,44.07807093618961,43.00582860650462,11.01183891017887,-1.5454559475442533,-1.4594558272473102,0.08600012029694315,0.1524,10.404948650719305,1.5709841628737065,0.25544694724937145,0.5108938944987429,1.9179862205920113,2.145118679555189
88,5Iron,A,tx_later4,radar,24,6,12.009186102496837,0.5110000000000001,44.07807093618961,43.00582860650462,11.498186102496838,-1.640012366897108,-1.6036219193889902,0.03639044750811782,0.1524,10.404948650719305,1.5709841628737065,0.25544694724937145,0.5108938944987429,1.9179862205920113,2.145118679555189
88,5Iron,A,tx_earlier4,radar,24,6,17.61429029461631,0.5110000000000001,44.07807093618961,43.00582860650462,17.10329029461631,-1.3290979741086175,-1.2485128214205752,0.08058515268804234,0.1524,10.404948650719305,1.5709841628737065,0.25544694724937145,0.5108938944987429,1.9179862205920113,2.145118679555189
90,5Iron,A,two8,radar,17,5,5.402952774877275,12.959999999999992,54.04704641161587,50.56141437408992,-7.557047225122717,-1.1684885652565389,-0.9905351618087643,0.17795340344777455,0.1524,10.404948650719305,1.5709841628737065,1.6542931834962804,3.308586366992561,12.443758449542177,0.9172849332763519
90,5Iron,A,two8_path_tdm,radar,17,5,-4.191965271880513,12.959999999999992,54.04704641161587,50.56141437408992,-17.151965271880506,-1.214449754245019,-0.9839751923163339,0.2304745619286851,0.1524,10.404948650719305,1.5709841628737065,1.6542931834962804,3.308586366992561,12.443758449542177,0.9172849332763519
90,5Iron,A,two8_path_tdm_neg,radar,17,5,-2.0540071616008566,12.959999999999992,54.04704641161587,50.56141437408992,-15.014007161600848,-1.2526433363396376,-0.9967313129542456,0.2559120233853921,0.1524,10.404948650719305,1.5709841628737065,1.6542931834962804,3.308586366992561,12.443758449542177,0.9172849332763519
90,5Iron,A,four3,radar,17,5,20.384748102486494,12.959999999999992,54.04704641161587,50.56141437408992,7.424748102486502,-1.011314184445625,-0.9411420613962689,0.07017212304935616,0.1524,10.404948650719305,1.5709841628737065,1.6542931834962804,3.308586366992561,12.443758449542177,0.9172849332763519
90,5Iron,A,four3_path_tdm,radar,17,5,20.351368002298006,12.959999999999992,54.04704641161587,50.56141437408992,7.391368002298014,-1.0170055867256191,-0.9428994617129552,0.07410612501266389,0.1524,10.404948650719305,1.5709841628737065,1.6542931834962804,3.308586366992561,12.443758449542177,0.9172849332763519
90,5Iron,A,four3_path_tdm_neg,radar,17,5,20.402611829836303,12.959999999999992,54.04704641161587,50.56141437408992,7.442611829836311,-1.0031275944327116,-0.9394578157566436,0.06366977867606805,0.1524,10.404948650719305,1.5709841628737065,1.6542931834962804,3.308586366992561,12.443758449542177,0.9172849332763519
90,5Iron,A,four4_path_tdm,radar,17,5,15.704833373205178,12.959999999999992,54.04704641161587,50.56141437408992,2.7448333732051857,-1.250605864686225,-1.2281640061060934,0.02244185858013159,0.1524,10.404948650719305,1.5709841628737065,1.6542931834962804,3.308586366992561,12.443758449542177,0.9172849332763519
90,5Iron,A,four4_path_tdm_neg,radar,17,5,15.704833373205107,12.959999999999992,54.04704641161587,50.56141437408992,2.7448333732051147,-1.2506058646862246,-1.2281640061060948,0.022441858580129814,0.1524,10.404948650719305,1.5709841628737065,1.6542931834962804,3.308586366992561,12.443758449542177,0.9172849332763519
90,5Iron,A,tx_later4,radar,17,5,18.297555397993705,12.959999999999992,54.04704641161587,50.56141437408992,5.337555397993713,-1.5308521791680139,-1.4626644333864784,0.06818774578153541,0.1524,10.404948650719305,1.5709841628737065,1.6542931834962804,3.308586366992561,12.443758449542177,0.9172849332763519
90,5Iron,A,tx_earlier4,radar,17,5,-5.0,12.959999999999992,54.04704641161587,50.56141437408992,-17.959999999999994,-0.846902057398047,-0.7959123468469582,0.05098971055108881,0.1524,10.404948650719305,1.5709841628737065,1.6542931834962804,3.308586366992561,12.443758449542177,0.9172849332763519
91,5Iron,A,two8,radar,22,6,7.292303914907981,9.892999999999994,47.20734574910368,46.19584787565755,-2.6006960850920127,-1.1396845101849882,-1.1069931079131623,0.032691402271825876,0.1524,10.404948650719305,1.5709841628737065,1.3886861795654903,2.7773723591309807,10.44175678178403,1.053626646417774
91,5Iron,A,two8_path_tdm,radar,22,6,-3.0824077419889506,9.892999999999994,47.20734574910368,46.19584787565755,-12.975407741988944,-1.1894738534478215,-1.1079598772039752,0.08151397624384638,0.1524,10.404948650719305,1.5709841628737065,1.3886861795654903,2.7773723591309807,10.44175678178403,1.053626646417774
91,5Iron,A,two8_path_tdm_neg,radar,22,6,7.331423120106692,9.892999999999994,47.20734574910368,46.19584787565755,-2.561576879893302,-1.1383575489475308,-1.106780342574744,0.031577206372786826,0.1524,10.404948650719305,1.5709841628737065,1.3886861795654903,2.7773723591309807,10.44175678178403,1.053626646417774
91,5Iron,A,four3,radar,22,6,13.478433641912355,9.892999999999994,47.20734574910368,46.19584787565755,3.5854336419123616,-0.8464974561088142,-0.8092790873350251,0.037218368773789146,0.1524,10.404948650719305,1.5709841628737065,1.3886861795654903,2.7773723591309807,10.44175678178403,1.053626646417774
91,5Iron,A,four3_path_tdm,radar,22,6,-3.109382603244799,9.892999999999994,47.20734574910368,46.19584787565755,-13.002382603244794,-0.8608660370901795,-0.8117522698050642,0.049113767285115295,0.1524,10.404948650719305,1.5709841628737065,1.3886861795654903,2.7773723591309807,10.44175678178403,1.053626646417774
91,5Iron,A,four3_path_tdm_neg,radar,22,6,13.450684830961267,9.892999999999994,47.20734574910368,46.19584787565755,3.557684830961273,-0.8437315884209152,-0.8075878483695055,0.036143740051409745,0.1524,10.404948650719305,1.5709841628737065,1.3886861795654903,2.7773723591309807,10.44175678178403,1.053626646417774
91,5Iron,A,four4_path_tdm,radar,22,6,12.839198142746332,9.892999999999994,47.20734574910368,46.19584787565755,2.946198142746338,-1.3197580170908312,-1.3115579816063694,0.008200035484461798,0.1524,10.404948650719305,1.5709841628737065,1.3886861795654903,2.7773723591309807,10.44175678178403,1.053626646417774
91,5Iron,A,four4_path_tdm_neg,radar,22,6,12.839198142746133,9.892999999999994,47.20734574910368,46.19584787565755,2.9461981427461392,-1.319758017090832,-1.3115579816063712,0.00820003548446091,0.1524,10.404948650719305,1.5709841628737065,1.3886861795654903,2.7773723591309807,10.44175678178403,1.053626646417774
91,5Iron,A,tx_later4,radar,22,6,16.15507761761981,9.892999999999994,47.20734574910368,46.19584787565755,6.262077617619816,-1.4644839689713651,-1.316590019129498,0.1478939498418672,0.1524,10.404948650719305,1.5709841628737065,1.3886861795654903,2.7773723591309807,10.44175678178403,1.053626646417774
91,5Iron,A,tx_earlier4,radar,22,6,11.911873352325436,9.892999999999994,47.20734574910368,46.19584787565755,2.0188733523254427,-1.4432625081201491,-1.4335537486175571,0.00970875950259198,0.1524,10.404948650719305,1.5709841628737065,1.3886861795654903,2.7773723591309807,10.44175678178403,1.053626646417774
92,5Iron,A,two8,radar,19,5,5.916585826759809,10.917999999999983,48.10142426707913,46.135109857309985,-5.001414173240175,-1.7846335394202355,-1.6284373148615625,0.156196224558673,0.1524,10.404948650719305,1.5709841628737065,1.4549127740177914,2.909825548035583,10.939804100319732,1.0058188062164823
92,5Iron,A,two8_path_tdm,radar,19,5,-3.4130377050105642,10.917999999999983,48.10142426707913,46.135109857309985,-14.331037705010548,-1.8554996176691936,-1.620839333934256,0.23466028373493764,0.1524,10.404948650719305,1.5709841628737065,1.4549127740177914,2.909825548035583,10.939804100319732,1.0058188062164823
92,5Iron,A,two8_path_tdm_neg,radar,19,5,-4.037129572927024,10.917999999999983,48.10142426707913,46.135109857309985,-14.955129572927007,-1.9046839956758048,-1.6354018528983645,0.26928214277744034,0.1524,10.404948650719305,1.5709841628737065,1.4549127740177914,2.909825548035583,10.939804100319732,1.0058188062164823
92,5Iron,A,four3,radar,19,5,6.092006195820655,10.917999999999983,48.10142426707913,46.135109857309985,-4.825993804179328,-1.479400185714072,-1.440007915577775,0.03939227013629698,0.1524,10.404948650719305,1.5709841628737065,1.4549127740177914,2.909825548035583,10.939804100319732,1.0058188062164823
92,5Iron,A,four3_path_tdm,radar,19,5,-3.4261672986278064,10.917999999999983,48.10142426707913,46.135109857309985,-14.34416729862779,-1.5562899212867212,-1.4368720348507176,0.1194178864360036,0.1524,10.404948650719305,1.5709841628737065,1.4549127740177914,2.909825548035583,10.939804100319732,1.0058188062164823
92,5Iron,A,four3_path_tdm_neg,radar,19,5,-4.021596377243481,10.917999999999983,48.10142426707913,46.135109857309985,-14.939596377243465,-1.6487554062707317,-1.443552936243715,0.20520247002701675,0.1524,10.404948650719305,1.5709841628737065,1.4549127740177914,2.909825548035583,10.939804100319732,1.0058188062164823
92,5Iron,A,four4_path_tdm,radar,19,5,1.1062594599129536,10.917999999999983,48.10142426707913,46.135109857309985,-9.81174054008703,-1.9616935297075109,-1.9080340595946912,0.053659470112819685,0.1524,10.404948650719305,1.5709841628737065,1.4549127740177914,2.909825548035583,10.939804100319732,1.0058188062164823
92,5Iron,A,four4_path_tdm_neg,radar,19,5,1.1062594599238944,10.917999999999983,48.10142426707913,46.135109857309985,-9.811740540076089,-1.9616935297074982,-1.9080340595946912,0.05365947011280703,0.1524,10.404948650719305,1.5709841628737065,1.4549127740177914,2.909825548035583,10.939804100319732,1.0058188062164823
92,5Iron,A,tx_later4,radar,19,5,3.505105075963945,10.917999999999983,48.10142426707913,46.135109857309985,-7.4128949240360384,-2.0511764902013994,-1.954587655217816,0.09658883498358328,0.1524,10.404948650719305,1.5709841628737065,1.4549127740177914,2.909825548035583,10.939804100319732,1.0058188062164823
92,5Iron,A,tx_earlier4,radar,19,5,12.889442042665193,10.917999999999983,48.10142426707913,46.135109857309985,1.9714420426652097,-2.2770427326927463,-2.255203371968077,0.021839360724669188,0.1524,10.404948650719305,1.5709841628737065,1.4549127740177914,2.909825548035583,10.939804100319732,1.0058188062164823
93,5Iron,A,two8,radar,20,5,-3.4061866356031802,1.5239999999999743,38.89241553193201,38.26469086258259,-4.930186635603155,-2.8724731669411367,-2.858520709397142,0.013952457543994878,0.1524,10.404948650719305,1.5709841628737065,0.37216837516523826,0.7443367503304765,2.794048546185296,1.858979688002948
93,5Iron,A,two8_path_tdm,radar,20,5,-4.157317187529927,1.5239999999999743,38.89241553193201,38.26469086258259,-5.681317187529901,-2.936355421115518,-2.857757634208537,0.07859778690698072,0.1524,10.404948650719305,1.5709841628737065,0.37216837516523826,0.7443367503304765,2.794048546185296,1.858979688002948
93,5Iron,A,two8_path_tdm_neg,radar,20,5,-3.3953692377881537,1.5239999999999743,38.89241553193201,38.26469086258259,-4.919369237788128,-2.9134709779979473,-2.8592604588675217,0.05421051913042563,0.1524,10.404948650719305,1.5709841628737065,0.37216837516523826,0.7443367503304765,2.794048546185296,1.858979688002948
93,5Iron,A,four3,radar,20,5,3.2740827791681917,1.5239999999999743,38.89241553193201,38.26469086258259,1.7500827791682174,-2.674666114572941,-2.673084517962008,0.0015815966109329338,0.1524,10.404948650719305,1.5709841628737065,0.37216837516523826,0.7443367503304765,2.794048546185296,1.858979688002948
93,5Iron,A,four3_path_tdm,radar,20,5,-4.175635128646438,1.5239999999999743,38.89241553193201,38.26469086258259,-5.699635128646412,-2.74665677158707,-2.6725247238179204,0.07413204776914961,0.1524,10.404948650719305,1.5709841628737065,0.37216837516523826,0.7443367503304765,2.794048546185296,1.858979688002948
93,5Iron,A,four3_path_tdm_neg,radar,20,5,-3.3884418052025236,1.5239999999999743,38.89241553193201,38.26469086258259,-4.912441805202498,-2.7227677702077315,-2.6736227965602195,0.049144973647512025,0.1524,10.404948650719305,1.5709841628737065,0.37216837516523826,0.7443367503304765,2.794048546185296,1.858979688002948
93,5Iron,A,four4_path_tdm,radar,20,5,7.048277980787712,1.5239999999999743,38.89241553193201,38.26469086258259,5.524277980787738,-2.491702213398573,-2.461190089049718,0.030512124348855085,0.1524,10.404948650719305,1.5709841628737065,0.37216837516523826,0.7443367503304765,2.794048546185296,1.858979688002948
93,5Iron,A,four4_path_tdm_neg,radar,20,5,7.048277980787577,1.5239999999999743,38.89241553193201,38.26469086258259,5.524277980787603,-2.491702213398574,-2.461190089049714,0.03051212434885997,0.1524,10.404948650719305,1.5709841628737065,0.37216837516523826,0.7443367503304765,2.794048546185296,1.858979688002948
93,5Iron,A,tx_later4,radar,20,5,13.073441239493938,1.5239999999999743,38.89241553193201,38.26469086258259,11.549441239493964,-2.604787972095797,-2.5506987959702334,0.05408917612556374,0.1524,10.404948650719305,1.5709841628737065,0.37216837516523826,0.7443367503304765,2.794048546185296,1.858979688002948
93,5Iron,A,tx_earlier4,radar,20,5,5.120037765809693,1.5239999999999743,38.89241553193201,38.26469086258259,3.5960377658097187,-2.4121078272348524,-2.406148835689283,0.0059589915455693365,0.1524,10.404948650719305,1.5709841628737065,0.37216837516523826,0.7443367503304765,2.794048546185296,1.858979688002948
94,5Iron,A,two8,radar,20,5,7.68392792496512,13.115999999999982,57.93628796480906,56.37819553311256,-5.432072075034862,-1.3986732963899278,-1.1986742782494566,0.19999901814047116,0.1524,10.404948650719305,1.5709841628737065,1.8177196947201546,3.635439389440309,13.682075021098795,0.883340420062072
94,5Iron,A,two8_path_tdm,radar,20,5,-3.5771055265085203,13.115999999999982,57.93628796480906,56.37819553311256,-16.693105526508504,-1.45359596622895,-1.1985584958059934,0.25503747042295655,0.1524,10.404948650719305,1.5709841628737065,1.8177196947201546,3.635439389440309,13.682075021098795,0.883340420062072
94,5Iron,A,two8_path_tdm_neg,radar,20,5,7.771461245128666,13.115999999999982,57.93628796480906,56.37819553311256,-5.344538754871316,-1.391726582239881,-1.2002950586409242,0.19143152359895677,0.1524,10.404948650719305,1.5709841628737065,1.8177196947201546,3.635439389440309,13.682075021098795,0.883340420062072
94,5Iron,A,four3,radar,20,5,18.164433451577583,13.115999999999982,57.93628796480906,56.37819553311256,5.048433451577601,-1.5579332863871502,-1.434821700679289,0.12311158570786129,0.1524,10.404948650719305,1.5709841628737065,1.8177196947201546,3.635439389440309,13.682075021098795,0.883340420062072
94,5Iron,A,four3_path_tdm,radar,20,5,18.185594879191665,13.115999999999982,57.93628796480906,56.37819553311256,5.069594879191683,-1.5679934962390685,-1.4438738612531323,0.12411963498593614,0.1524,10.404948650719305,1.5709841628737065,1.8177196947201546,3.635439389440309,13.682075021098795,0.883340420062072
94,5Iron,A,four3_path_tdm_neg,radar,20,5,18.152688636978514,13.115999999999982,57.93628796480906,56.37819553311256,5.036688636978532,-1.5493978631243903,-1.4265093471102595,0.12288851601413087,0.1524,10.404948650719305,1.5709841628737065,1.8177196947201546,3.635439389440309,13.682075021098795,0.883340420062072
94,5Iron,A,four4_path_tdm,radar,20,5,14.152514060159232,13.115999999999982,57.93628796480906,56.37819553311256,1.0365140601592504,-1.9714586520811082,-1.9641656256857174,0.007293026395390756,0.1524,10.404948650719305,1.5709841628737065,1.8177196947201546,3.635439389440309,13.682075021098795,0.883340420062072
94,5Iron,A,four4_path_tdm_neg,radar,20,5,14.152514060159097,13.115999999999982,57.93628796480906,56.37819553311256,1.0365140601591154,-1.971458652081107,-1.9641656256857185,0.0072930263953885355,0.1524,10.404948650719305,1.5709841628737065,1.8177196947201546,3.635439389440309,13.682075021098795,0.883340420062072
94,5Iron,A,tx_later4,radar,20,5,12.662251281195914,13.115999999999982,57.93628796480906,56.37819553311256,-0.45374871880406786,-2.2898568127956853,-2.288812449910586,0.001044362885099126,0.1524,10.404948650719305,1.5709841628737065,1.8177196947201546,3.635439389440309,13.682075021098795,0.883340420062072
94,5Iron,A,tx_earlier4,radar,20,5,6.415340561020099,13.115999999999982,57.93628796480906,56.37819553311256,-6.700659438979883,-1.5299730016977766,-1.4788058998180102,0.051167101879766363,0.1524,10.404948650719305,1.5709841628737065,1.8177196947201546,3.635439389440309,13.682075021098795,0.883340420062072
95,5Iron,A,two8,radar,24,6,10.869721016054916,14.271999999999982,51.2306990799932,48.76380628406203,-3.4022789839450667,-1.3360783815212274,-1.2348206901082561,0.10125769141297125,0.1524,10.404948650719305,1.5709841628737065,1.9059080915290516,3.811816183058103,14.34844760241199,0.8468228576104178
95,5Iron,A,two8_path_tdm,radar,24,6,10.811820295315124,14.271999999999982,51.2306990799932,48.76380628406203,-3.460179704684858,-1.3366715082960496,-1.2335973471417134,0.10307416115433621,0.1524,10.404948650719305,1.5709841628737065,1.9059080915290516,3.811816183058103,14.34844760241199,0.8468228576104178
95,5Iron,A,two8_path_tdm_neg,radar,24,6,10.945275743637852,14.271999999999982,51.2306990799932,48.76380628406203,-3.32672425636213,-1.3358411616668429,-1.2368528977904656,0.09898826387637727,0.1524,10.404948650719305,1.5709841628737065,1.9059080915290516,3.811816183058103,14.34844760241199,0.8468228576104178
95,5Iron,A,four3,radar,24,6,11.692234818470382,14.271999999999982,51.2306990799932,48.76380628406203,-2.5797651815296003,-1.2463902413651344,-1.2275768006356602,0.018813440729474218,0.1524,10.404948650719305,1.5709841628737065,1.9059080915290516,3.811816183058103,14.34844760241199,0.8468228576104178
95,5Iron,A,four3_path_tdm,radar,24,6,-4.56491636708741,14.271999999999982,51.2306990799932,48.76380628406203,-18.836916367087394,-1.368596726373626,-1.236830942313188,0.13176578406043804,0.1524,10.404948650719305,1.5709841628737065,1.9059080915290516,3.811816183058103,14.34844760241199,0.8468228576104178
95,5Iron,A,four3_path_tdm_neg,radar,24,6,-4.414719132897719,14.271999999999982,51.2306990799932,48.76380628406203,-18.6867191328977,-1.3202651589470356,-1.2187826997616418,0.10148245918539378,0.1524,10.404948650719305,1.5709841628737065,1.9059080915290516,3.811816183058103,14.34844760241199,0.8468228576104178
95,5Iron,A,four4_path_tdm,radar,24,6,12.446362331869542,14.271999999999982,51.2306990799932,48.76380628406203,-1.8256376681304403,-1.6128327680043364,-1.6058310663045603,0.007001701699776097,0.1524,10.404948650719305,1.5709841628737065,1.9059080915290516,3.811816183058103,14.34844760241199,0.8468228576104178
95,5Iron,A,four4_path_tdm_neg,radar,24,6,12.446362331869153,14.271999999999982,51.2306990799932,48.76380628406203,-1.8256376681308293,-1.6128327680043384,-1.6058310663045596,0.007001701699778762,0.1524,10.404948650719305,1.5709841628737065,1.9059080915290516,3.811816183058103,14.34844760241199,0.8468228576104178
95,5Iron,A,tx_later4,radar,24,6,15.19037637573092,14.271999999999982,51.2306990799932,48.76380628406203,0.9183763757309382,-1.5960155435551577,-1.59262708785874,0.003388455696417658,0.1524,10.404948650719305,1.5709841628737065,1.9059080915290516,3.811816183058103,14.34844760241199,0.8468228576104178
95,5Iron,A,tx_earlier4,radar,24,6,7.026961734640612,14.271999999999982,51.2306990799932,48.76380628406203,-7.24503826535937,-1.8724677331237096,-1.7802556130686107,0.09221212005509893,0.1524,10.404948650719305,1.5709841628737065,1.9059080915290516,3.811816183058103,14.34844760241199,0.8468228576104178
96,5Iron,A,two8,radar,16,4,8.742106844760782,14.196999999999997,57.93628796480906,56.177827827840886,-5.4548931552392155,-1.2021058080086728,-1.0052606240420798,0.196845183966593,0.1524,10.404948650719305,1.5709841628737065,1.9370068808541419,3.8740137617082837,14.584699016582743,0.8420125190401792
96,5Iron,A,two8_path_tdm,radar,16,4,-2.505995105711314,14.196999999999997,57.93628796480906,56.177827827840886,-16.70299510571131,-1.4858403943888447,-1.0063924453604167,0.479447949028428,0.1524,10.404948650719305,1.5709841628737065,1.9370068808541419,3.8740137617082837,14.584699016582743,0.8420125190401792
96,5Iron,A,two8_path_tdm_neg,radar,16,4,-0.8062446928881355,14.196999999999997,57.93628796480906,56.177827827840886,-15.003244692888133,-1.1972870958556432,-1.0048992742241853,0.19238782163145784,0.1524,10.404948650719305,1.5709841628737065,1.9370068808541419,3.8740137617082837,14.584699016582743,0.8420125190401792
96,5Iron,A,four3,radar,16,4,16.028982806724922,14.196999999999997,57.93628796480906,56.177827827840886,1.831982806724925,-1.2753865084484577,-1.2513714322665739,0.02401507618188381,0.1524,10.404948650719305,1.5709841628737065,1.9370068808541419,3.8740137617082837,14.584699016582743,0.8420125190401792
96,5Iron,A,four3_path_tdm,radar,16,4,-2.49131448086277,14.196999999999997,57.93628796480906,56.177827827840886,-16.68831448086277,-1.474145199671839,-1.2612548434101567,0.2128903562616824,0.1524,10.404948650719305,1.5709841628737065,1.9370068808541419,3.8740137617082837,14.584699016582743,0.8420125190401792
96,5Iron,A,four3_path_tdm_neg,radar,16,4,16.052455496871907,14.196999999999997,57.93628796480906,56.177827827840886,1.85545549687191,-1.2647652984558626,-1.2423714291707766,0.02239386928508602,0.1524,10.404948650719305,1.5709841628737065,1.9370068808541419,3.8740137617082837,14.584699016582743,0.8420125190401792
96,5Iron,A,four4_path_tdm,radar,16,4,9.85895167073673,14.196999999999997,57.93628796480906,56.177827827840886,-4.338048329263268,-1.8567328681974704,-1.7968505407231532,0.05988232747431721,0.1524,10.404948650719305,1.5709841628737065,1.9370068808541419,3.8740137617082837,14.584699016582743,0.8420125190401792
96,5Iron,A,four4_path_tdm_neg,radar,16,4,9.858951670737397,14.196999999999997,57.93628796480906,56.177827827840886,-4.3380483292626,-1.8567328681974735,-1.7968505407231514,0.059882327474322095,0.1524,10.404948650719305,1.5709841628737065,1.9370068808541419,3.8740137617082837,14.584699016582743,0.8420125190401792
96,5Iron,A,tx_later4,radar,16,4,8.489526110494598,14.196999999999997,57.93628796480906,56.177827827840886,-5.707473889505399,-2.023506336618241,-1.9454740820734067,0.07803225454483442,0.1524,10.404948650719305,1.5709841628737065,1.9370068808541419,3.8740137617082837,14.584699016582743,0.8420125190401792
96,5Iron,A,tx_earlier4,radar,16,4,10.41569893895876,14.196999999999997,57.93628796480906,56.177827827840886,-3.781301061041237,-1.5298643818220048,-1.490203483474531,0.03966089834747377,0.1524,10.404948650719305,1.5709841628737065,1.9370068808541419,3.8740137617082837,14.584699016582743,0.8420125190401792
97,5Iron,A,two8,radar,16,4,6.084187602112605,14.368000000000002,56.95280159503608,55.24302226726476,-8.283812397887397,-1.7269183272764268,-1.1558660063310497,0.5710523209453771,0.1524,10.404948650719305,1.5709841628737065,1.9516237768788858,3.9032475537577715,14.695206365077336,0.836547611268714
97,5Iron,A,two8_path_tdm,radar,16,4,-2.6409160098067392,14.368000000000002,56.95280159503608,55.24302226726476,-17.00891600980674,-1.8479885184157188,-1.1563884665122903,0.6916000519034284,0.1524,10.404948650719305,1.5709841628737065,1.9516237768788858,3.9032475537577715,14.695206365077336,0.836547611268714
97,5Iron,A,two8_path_tdm_neg,radar,16,4,-2.492087697217857,14.368000000000002,56.95280159503608,55.24302226726476,-16.86008769721786,-1.7500666029568328,-1.1557958168659788,0.594270786090854,0.1524,10.404948650719305,1.5709841628737065,1.9516237768788858,3.9032475537577715,14.695206365077336,0.836547611268714
97,5Iron,A,four3,radar,16,4,16.423621057718737,14.368000000000002,56.95280159503608,55.24302226726476,2.055621057718735,-1.7540901051444293,-1.7090715651699269,0.04501853997450245,0.1524,10.404948650719305,1.5709841628737065,1.9516237768788858,3.9032475537577715,14.695206365077336,0.836547611268714
97,5Iron,A,four3_path_tdm,radar,16,4,16.43391249395908,14.368000000000002,56.95280159503608,55.24302226726476,2.065912493959079,-1.7669457977409655,-1.7217607162622186,0.04518508147874689,0.1524,10.404948650719305,1.5709841628737065,1.9516237768788858,3.9032475537577715,14.695206365077336,0.836547611268714
97,5Iron,A,four3_path_tdm_neg,radar,16,4,16.416167940669503,14.368000000000002,56.95280159503608,55.24302226726476,2.048167940669501,-1.7419254714761196,-1.6968701054547388,0.04505536602138083,0.1524,10.404948650719305,1.5709841628737065,1.9516237768788858,3.9032475537577715,14.695206365077336,0.836547611268714
97,5Iron,A,four4_path_tdm,radar,16,4,13.947413902854661,14.368000000000002,56.95280159503608,55.24302226726476,-0.4205860971453408,-2.203319447316297,-2.2024172844588312,0.0009021628574656937,0.1524,10.404948650719305,1.5709841628737065,1.9516237768788858,3.9032475537577715,14.695206365077336,0.836547611268714
97,5Iron,A,four4_path_tdm_neg,radar,16,4,13.947413902854679,14.368000000000002,56.95280159503608,55.24302226726476,-0.420586097145323,-2.203319447316297,-2.2024172844588303,0.0009021628574665819,0.1524,10.404948650719305,1.5709841628737065,1.9516237768788858,3.9032475537577715,14.695206365077336,0.836547611268714
97,5Iron,A,tx_later4,radar,16,4,11.501736499358183,14.368000000000002,56.95280159503608,55.24302226726476,-2.8662635006418196,-2.831842530433004,-2.740688109739776,0.09115442069322821,0.1524,10.404948650719305,1.5709841628737065,1.9516237768788858,3.9032475537577715,14.695206365077336,0.836547611268714
97,5Iron,A,tx_earlier4,radar,16,4,14.030946950658791,14.368000000000002,56.95280159503608,55.24302226726476,-0.33705304934121116,-1.692762034256614,-1.692482418027779,0.00027961622883498904,0.1524,10.404948650719305,1.5709841628737065,1.9516237768788858,3.9032475537577715,14.695206365077336,0.836547611268714
98,5Iron,A,two8,radar,17,5,11.522332044415041,14.74200000000001,59.05388611227838,57.17589581846707,-3.2196679555849688,-1.6575586366212174,-1.545967130186623,0.11159150643459448,0.1524,10.404948650719305,1.5709841628737065,2.0490738298257094,4.098147659651419,15.434208507583765,0.81335466805409
98,5Iron,A,two8_path_tdm,radar,17,5,11.568627731712558,14.74200000000001,59.05388611227838,57.17589581846707,-3.1733722682874514,-1.6608135239752198,-1.5532609413702148,0.107552582605005,0.1524,10.404948650719305,1.5709841628737065,2.0490738298257094,4.098147659651419,15.434208507583765,0.81335466805409
98,5Iron,A,two8_path_tdm_neg,radar,17,5,11.517017484955286,14.74200000000001,59.05388611227838,57.17589581846707,-3.224982515044724,-1.6546099120822462,-1.5394980928221824,0.11511181926006375,0.1524,10.404948650719305,1.5709841628737065,2.0490738298257094,4.098147659651419,15.434208507583765,0.81335466805409
98,5Iron,A,four3,radar,17,5,10.089343308823828,14.74200000000001,59.05388611227838,57.17589581846707,-4.6526566911761815,-1.6186859309936719,-1.563829479046096,0.054856451947575824,0.1524,10.404948650719305,1.5709841628737065,2.0490738298257094,4.098147659651419,15.434208507583765,0.81335466805409
98,5Iron,A,four3_path_tdm,radar,17,5,10.135167183742192,14.74200000000001,59.05388611227838,57.17589581846707,-4.606832816257818,-1.622863652613263,-1.571221964913852,0.05164168769941102,0.1524,10.404948650719305,1.5709841628737065,2.0490738298257094,4.098147659651419,15.434208507583765,0.81335466805409
98,5Iron,A,four3_path_tdm_neg,radar,17,5,10.064392410900867,14.74200000000001,59.05388611227838,57.17589581846707,-4.677607589099143,-1.6146511286958223,-1.5571086051686054,0.05754252352721689,0.1524,10.404948650719305,1.5709841628737065,2.0490738298257094,4.098147659651419,15.434208507583765,0.81335466805409
98,5Iron,A,four4_path_tdm,radar,17,5,13.377177487849291,14.74200000000001,59.05388611227838,57.17589581846707,-1.3648225121507185,-1.8633959364223567,-1.8565992349267009,0.00679670149565581,0.1524,10.404948650719305,1.5709841628737065,2.0490738298257094,4.098147659651419,15.434208507583765,0.81335466805409
98,5Iron,A,four4_path_tdm_neg,radar,17,5,13.377177487849982,14.74200000000001,59.05388611227838,57.17589581846707,-1.3648225121500275,-1.8633959364223585,-1.8565992349266984,0.006796701495660029,0.1524,10.404948650719305,1.5709841628737065,2.0490738298257094,4.098147659651419,15.434208507583765,0.81335466805409
98,5Iron,A,tx_later4,radar,17,5,13.552119771279068,14.74200000000001,59.05388611227838,57.17589581846707,-1.1898802287209413,-2.068254379422591,-2.057091425466905,0.011162953955686117,0.1524,10.404948650719305,1.5709841628737065,2.0490738298257094,4.098147659651419,15.434208507583765,0.81335466805409
98,5Iron,A,tx_earlier4,radar,17,5,13.362397260145364,14.74200000000001,59.05388611227838,57.17589581846707,-1.3796027398546453,-1.842856175894692,-1.836475139416001,0.006381036478690927,0.1524,10.404948650719305,1.5709841628737065,2.0490738298257094,4.098147659651419,15.434208507583765,0.81335466805409
99,5Iron,A,two8,radar,19,5,9.564462989175482,14.71499999999999,58.47273507559434,56.6371797113006,-5.150537010824507,-1.55466868679613,-1.2002292563759516,0.35443943042017834,0.1524,10.404948650719305,1.5709841628737065,2.069316851266989,4.138633702533978,15.588137354243273,0.8102372342042677
99,5Iron,A,two8_path_tdm,radar,19,5,9.556224254101286,14.71499999999999,58.47273507559434,56.6371797113006,-5.158775745898703,-1.5586047796790539,-1.199397404564375,0.35920737511467893,0.1524,10.404948650719305,1.5709841628737065,2.069316851266989,4.138633702533978,15.588137354243273,0.8102372342042677
99,5Iron,A,two8_path_tdm_neg,radar,19,5,9.565360192670877,14.71499999999999,58.47273507559434,56.6371797113006,-5.1496398073291125,-1.5524166128542265,-1.2021065064340104,0.3503101064202161,0.1524,10.404948650719305,1.5709841628737065,2.069316851266989,4.138633702533978,15.588137354243273,0.8102372342042677
99,5Iron,A,four3,radar,19,5,14.581695260522368,14.71499999999999,58.47273507559434,56.6371797113006,-0.13330473947762123,-1.4976438702139074,-1.49616231485211,0.0014815553617975041,0.1524,10.404948650719305,1.5709841628737065,2.069316851266989,4.138633702533978,15.588137354243273,0.8102372342042677
99,5Iron,A,four3_path_tdm,radar,19,5,14.609009441960428,14.71499999999999,58.47273507559434,56.6371797113006,-0.10599055803956148,-1.504148681046874,-1.5027774320221845,0.001371249024689547,0.1524,10.404948650719305,1.5709841628737065,2.069316851266989,4.138633702533978,15.588137354243273,0.8102372342042677
99,5Iron,A,four3_path_tdm_neg,radar,19,5,14.546135546727003,14.71499999999999,58.47273507559434,56.6371797113006,-0.16886445327298638,-1.491410490867907,-1.489812610565642,0.0015978803022649313,0.1524,10.404948650719305,1.5709841628737065,2.069316851266989,4.138633702533978,15.588137354243273,0.8102372342042677
99,5Iron,A,four4_path_tdm,radar,19,5,16.574275057011963,14.71499999999999,58.47273507559434,56.6371797113006,1.859275057011974,-1.8622580292969555,-1.8376399112005792,0.024618118096376262,0.1524,10.404948650719305,1.5709841628737065,2.069316851266989,4.138633702533978,15.588137354243273,0.8102372342042677
99,5Iron,A,four4_path_tdm_neg,radar,19,5,16.57427505701201,14.71499999999999,58.47273507559434,56.6371797113006,1.8592750570120202,-1.8622580292969555,-1.8376399112005786,0.02461811809637693,0.1524,10.404948650719305,1.5709841628737065,2.069316851266989,4.138633702533978,15.588137354243273,0.8102372342042677
99,5Iron,A,tx_later4,radar,19,5,15.907121446048262,14.71499999999999,58.47273507559434,56.6371797113006,1.1921214460482723,-1.9417388961359154,-1.9266488634790193,0.015090032656896124,0.1524,10.404948650719305,1.5709841628737065,2.069316851266989,4.138633702533978,15.588137354243273,0.8102372342042677
99,5Iron,A,tx_earlier4,radar,19,5,15.55013426560969,14.71499999999999,58.47273507559434,56.6371797113006,0.8351342656097014,-1.5159937341774143,-1.5135190135407626,0.0024747206366517727,0.1524,10.404948650719305,1.5709841628737065,2.069316851266989,4.138633702533978,15.588137354243273,0.8102372342042677
101,5Iron,A,two8,radar,16,4,9.728304893929806,14.392000000000003,57.08691337273239,55.92534376491948,-4.663695106070197,-1.3635264659478306,-1.1452592477273535,0.218267218220477,0.1524,10.404948650719305,1.5709841628737065,1.9135333155520295,3.827066631104059,14.40596371483836,0.8428939363622897
101,5Iron,A,two8_path_tdm,radar,16,4,9.709205962179334,14.392000000000003,57.08691337273239,55.92534376491948,-4.682794037820669,-1.3697003867942357,-1.15049921767692,0.2192011691173157,0.1524,10.404948650719305,1.5709841628737065,1.9135333155520295,3.827066631104059,14.40596371483836,0.8428939363622897
101,5Iron,A,two8_path_tdm_neg,radar,16,4,9.757610914377558,14.392000000000003,57.08691337273239,55.92534376491948,-4.634389085622445,-1.3577642299439847,-1.1411384707396939,0.21662575920429084,0.1524,10.404948650719305,1.5709841628737065,1.9135333155520295,3.827066631104059,14.40596371483836,0.8428939363622897
101,5Iron,A,four3,radar,16,4,14.047545504859027,14.392000000000003,57.08691337273239,55.92534376491948,-0.34445449514097604,-1.2759961337198424,-1.275602906959784,0.00039322676005837387,0.1524,10.404948650719305,1.5709841628737065,1.9135333155520295,3.827066631104059,14.40596371483836,0.8428939363622897
101,5Iron,A,four3_path_tdm,radar,16,4,-2.142173765521878,14.392000000000003,57.08691337273239,55.92534376491948,-16.53417376552188,-1.411578470045997,-1.2858796522723521,0.1256988177736449,0.1524,10.404948650719305,1.5709841628737065,1.9135333155520295,3.827066631104059,14.40596371483836,0.8428939363622897
101,5Iron,A,four3_path_tdm_neg,radar,16,4,14.158419943399297,14.392000000000003,57.08691337273239,55.92534376491948,-0.23358005660070624,-1.2650366342481916,-1.26556631701173,-0.000529682763538375,0.1524,10.404948650719305,1.5709841628737065,1.9135333155520295,3.827066631104059,14.40596371483836,0.8428939363622897
101,5Iron,A,four4_path_tdm,radar,16,4,15.526999562452984,14.392000000000003,57.08691337273239,55.92534376491948,1.1349995624529807,-1.8802865294488493,-1.8749336612471597,0.005352868201689676,0.1524,10.404948650719305,1.5709841628737065,1.9135333155520295,3.827066631104059,14.40596371483836,0.8428939363622897
101,5Iron,A,four4_path_tdm_neg,radar,16,4,15.526999562453353,14.392000000000003,57.08691337273239,55.92534376491948,1.1349995624533502,-1.880286529448848,-1.8749336612471557,0.00535286820169234,0.1524,10.404948650719305,1.5709841628737065,1.9135333155520295,3.827066631104059,14.40596371483836,0.8428939363622897
101,5Iron,A,tx_later4,radar,16,4,15.04669389211906,14.392000000000003,57.08691337273239,55.92534376491948,0.6546938921190577,-1.956008290248782,-1.9538338461834317,0.0021744440653503894,0.1524,10.404948650719305,1.5709841628737065,1.9135333155520295,3.827066631104059,14.40596371483836,0.8428939363622897
101,5Iron,A,tx_earlier4,radar,16,4,17.362718304373082,14.392000000000003,57.08691337273239,55.92534376491948,2.9707183043730794,-1.5605017823829952,-1.5395217733850124,0.020980008997982802,0.1524,10.404948650719305,1.5709841628737065,1.9135333155520295,3.827066631104059,14.40596371483836,0.8428939363622897
103,Driver,A,two8,radar,12,3,6.828652676964993,10.004000000000007,66.20651425608196,65.04050420858877,-3.1753473230350133,-2.115597846907706,-1.9653749197603014,0.15022292714740448,0.1524,10.404948650719305,1.5725731270754948,1.4680188300076558,2.9360376600153115,11.037954798479962,0.9924350878985017
103,Driver,A,two8_path_tdm,radar,12,3,6.87555052602596,10.004000000000007,66.20651425608196,65.04050420858877,-3.1284494739740465,-2.1161948492421274,-1.9660855624858726,0.1501092867562548,0.1524,10.404948650719305,1.5725731270754948,1.4680188300076558,2.9360376600153115,11.037954798479962,0.9924350878985017
103,Driver,A,two8_path_tdm_neg,radar,12,3,6.778584160409013,10.004000000000007,66.20651425608196,65.04050420858877,-3.225415839590994,-2.115064752630628,-1.9625832624468023,0.15248149018382562,0.1524,10.404948650719305,1.5725731270754948,1.4680188300076558,2.9360376600153115,11.037954798479962,0.9924350878985017
103,Driver,A,four3,radar,12,3,12.796275661470847,10.004000000000007,66.20651425608196,65.04050420858877,2.792275661470841,-1.8497633809671772,-1.8274559368077892,0.022307444159388012,0.1524,10.404948650719305,1.5725731270754948,1.4680188300076558,2.9360376600153115,11.037954798479962,0.9924350878985017
103,Driver,A,four3_path_tdm,radar,12,3,-3.7032855082228697,10.004000000000007,66.20651425608196,65.04050420858877,-13.707285508222876,-1.900020781373482,-1.8293457315334007,0.07067504984008122,0.1524,10.404948650719305,1.5725731270754948,1.4680188300076558,2.9360376600153115,11.037954798479962,0.9924350878985017
103,Driver,A,four3_path_tdm_neg,radar,12,3,12.893478161945376,10.004000000000007,66.20651425608196,65.04050420858877,2.8894781619453695,-1.8453991711374347,-1.8258131070586632,0.019586064078771503,0.1524,10.404948650719305,1.5725731270754948,1.4680188300076558,2.9360376600153115,11.037954798479962,0.9924350878985017
103,Driver,A,four4_path_tdm,radar,12,3,12.885608356346582,10.004000000000007,66.20651425608196,65.04050420858877,2.8816083563465753,-2.011803724631631,-1.9864379963867158,0.025365728244915342,0.1524,10.404948650719305,1.5725731270754948,1.4680188300076558,2.9360376600153115,11.037954798479962,0.9924350878985017
103,Driver,A,four4_path_tdm_neg,radar,12,3,12.88560835634697,10.004000000000007,66.20651425608196,65.04050420858877,2.8816083563469626,-2.0118037246316303,-1.986437996386716,0.025365728244914232,0.1524,10.404948650719305,1.5725731270754948,1.4680188300076558,2.9360376600153115,11.037954798479962,0.9924350878985017
103,Driver,A,tx_later4,radar,12,3,-2.6859138398817834,10.004000000000007,66.20651425608196,65.04050420858877,-12.68991383988179,-1.9465018556955254,-1.7822986766321243,0.1642031790634011,0.1524,10.404948650719305,1.5725731270754948,1.4680188300076558,2.9360376600153115,11.037954798479962,0.9924350878985017
103,Driver,A,tx_earlier4,radar,12,3,10.99578059651883,10.004000000000007,66.20651425608196,65.04050420858877,0.991780596518824,-2.007138773972693,-2.0047875468265213,0.0023512271461716416,0.1524,10.404948650719305,1.5725731270754948,1.4680188300076558,2.9360376600153115,11.037954798479962,0.9924350878985017
104,Driver,A,two8,radar,23,6,13.449242828503568,17.990000000000002,61.557305962609625,58.72067316160003,-4.540757171496434,-1.3916147148717763,-1.0961913394622218,0.29542337540955455,0.1524,10.404948650719305,1.5725731270754948,2.5019463814999865,5.003892762999973,18.871953151609723,0.6913486647756732
104,Driver,A,two8_path_tdm,radar,23,6,13.438196700916812,17.990000000000002,61.557305962609625,58.72067316160003,-4.55180329908319,-1.3928726467899482,-1.1021742206133933,0.29069842617655484,0.1524,10.404948650719305,1.5725731270754948,2.5019463814999865,5.003892762999973,18.871953151609723,0.6913486647756732
104,Driver,A,two8_path_tdm_neg,radar,23,6,13.462808851984725,17.990000000000002,61.557305962609625,58.72067316160003,-4.527191148015277,-1.3904457801308965,-1.0909444267012733,0.29950135342962314,0.1524,10.404948650719305,1.5725731270754948,2.5019463814999865,5.003892762999973,18.871953151609723,0.6913486647756732
104,Driver,A,four3,radar,23,6,13.065424885167284,17.990000000000002,61.557305962609625,58.72067316160003,-4.924575114832718,-1.404387156746866,-1.3289236787959489,0.07546347795091712,0.1524,10.404948650719305,1.5725731270754948,2.5019463814999865,5.003892762999973,18.871953151609723,0.6913486647756732
104,Driver,A,four3_path_tdm,radar,23,6,14.474400430962152,17.990000000000002,61.557305962609625,58.72067316160003,-3.5155995690378496,-1.4107419896767055,-1.3375437080412966,0.07319828163540887,0.1524,10.404948650719305,1.5725731270754948,2.5019463814999865,5.003892762999973,18.871953151609723,0.6913486647756732
104,Driver,A,four3_path_tdm_neg,radar,23,6,12.889286604088374,17.990000000000002,61.557305962609625,58.72067316160003,-5.100713395911628,-1.3990976673255764,-1.3209408813924919,0.0781567859330845,0.1524,10.404948650719305,1.5725731270754948,2.5019463814999865,5.003892762999973,18.871953151609723,0.6913486647756732
104,Driver,A,four4_path_tdm,radar,23,6,11.519563675509712,17.990000000000002,61.557305962609625,58.72067316160003,-6.47043632449029,-1.5751379483579269,-1.4467416130147106,0.12839633534321626,0.1524,10.404948650719305,1.5725731270754948,2.5019463814999865,5.003892762999973,18.871953151609723,0.6913486647756732
104,Driver,A,four4_path_tdm_neg,radar,23,6,11.519563675509554,17.990000000000002,61.557305962609625,58.72067316160003,-6.470436324490448,-1.575137948357927,-1.4467416130147113,0.12839633534321582,0.1524,10.404948650719305,1.5725731270754948,2.5019463814999865,5.003892762999973,18.871953151609723,0.6913486647756732
104,Driver,A,tx_later4,radar,23,6,13.052051039001787,17.990000000000002,61.557305962609625,58.72067316160003,-4.937948960998215,-1.4239650913320698,-1.3790105406688697,0.04495455066320009,0.1524,10.404948650719305,1.5725731270754948,2.5019463814999865,5.003892762999973,18.871953151609723,0.6913486647756732
104,Driver,A,tx_earlier4,radar,23,6,10.089918090112691,17.990000000000002,61.557305962609625,58.72067316160003,-7.9000819098873105,-1.8815021752459575,-1.5764610386243862,0.3050411366215713,0.1524,10.404948650719305,1.5725731270754948,2.5019463814999865,5.003892762999973,18.871953151609723,0.6913486647756732
105,Driver,A,two8,radar,20,5,-5.0,5.857999999999973,64.32894936833353,62.482001443068725,-10.857999999999972,-1.964896541456969,-1.8259932410410724,0.1389033004158966,0.1524,10.404948650719305,1.5725731270754948,1.044172718182057,2.088345436364114,7.846955185495891,1.2631332221367655
105,Driver,A,two8_path_tdm,radar,20,5,-1.9855107676254007,5.857999999999973,64.32894936833353,62.482001443068725,-7.843510767625373,-2.0182808779182886,-1.8283220148105426,0.189958863107746,0.1524,10.404948650719305,1.5725731270754948,1.044172718182057,2.088345436364114,7.846955185495891,1.2631332221367655
105,Driver,A,two8_path_tdm_neg,radar,20,5,-3.3376248638350132,5.857999999999973,64.32894936833353,62.482001443068725,-9.195624863834986,-2.0437618804530997,-1.8235302812826581,0.22023159917044155,0.1524,10.404948650719305,1.5725731270754948,1.044172718182057,2.088345436364114,7.846955185495891,1.2631332221367655
105,Driver,A,four3,radar,20,5,-2.6474921889688767,5.857999999999973,64.32894936833353,62.482001443068725,-8.50549218896885,-1.6000246886768394,-1.5663034443778159,0.03372124429902357,0.1524,10.404948650719305,1.5725731270754948,1.044172718182057,2.088345436364114,7.846955185495891,1.2631332221367655
105,Driver,A,four3_path_tdm,radar,20,5,-3.6231489184649117,5.857999999999973,64.32894936833353,62.482001443068725,-9.481148918464886,-1.6615540493058643,-1.5685320000625755,0.09302204924328872,0.1524,10.404948650719305,1.5725731270754948,1.044172718182057,2.088345436364114,7.846955185495891,1.2631332221367655
105,Driver,A,four3_path_tdm_neg,radar,20,5,-3.37842799252372,5.857999999999973,64.32894936833353,62.482001443068725,-9.236427992523693,-1.674245695864093,-1.5640451340311283,0.11020056183296467,0.1524,10.404948650719305,1.5725731270754948,1.044172718182057,2.088345436364114,7.846955185495891,1.2631332221367655
105,Driver,A,four4_path_tdm,radar,20,5,-5.0,5.857999999999973,64.32894936833353,62.482001443068725,-10.857999999999972,-2.11602871705822,-2.0927592976754434,0.02326941938277649,0.1524,10.404948650719305,1.5725731270754948,1.044172718182057,2.088345436364114,7.846955185495891,1.2631332221367655
105,Driver,A,four4_path_tdm_neg,radar,20,5,-5.0,5.857999999999973,64.32894936833353,62.482001443068725,-10.857999999999972,-2.1160287170583865,-2.0927592976754434,0.023269419382943024,0.1524,10.404948650719305,1.5725731270754948,1.044172718182057,2.088345436364114,7.846955185495891,1.2631332221367655
105,Driver,A,tx_later4,radar,20,5,8.237277543877982,5.857999999999973,64.32894936833353,62.482001443068725,2.3792775438780085,-2.0684310701733284,-2.0357068865039225,0.03272418366940588,0.1524,10.404948650719305,1.5725731270754948,1.044172718182057,2.088345436364114,7.846955185495891,1.2631332221367655
105,Driver,A,tx_earlier4,radar,20,5,-2.1547000056075025,5.857999999999973,64.32894936833353,62.482001443068725,-8.012700005607476,-2.110858211920198,-2.0243870413008143,0.08647117061938392,0.1524,10.404948650719305,1.5725731270754948,1.044172718182057,2.088345436364114,7.846955185495891,1.2631332221367655
112,Driver,A,two8,radar,12,3,6.754441521089386,10.008999999999974,68.57582232871691,66.71210258129634,-3.254558478910588,-1.6839655300850696,-1.6267414502023867,0.057224079882682855,0.1524,10.404948650719305,1.5725731270754948,1.3903005998755602,2.7806011997511204,10.449600011826398,1.0011940781634343
112,Driver,A,two8_path_tdm,radar,12,3,6.612682002589936,10.008999999999974,68.57582232871691,66.71210258129634,-3.396317997410038,-1.684651080824329,-1.6224031702247774,0.06224791059955148,0.1524,10.404948650719305,1.5725731270754948,1.3903005998755602,2.7806011997511204,10.449600011826398,1.0011940781634343
112,Driver,A,two8_path_tdm_neg,radar,12,3,-2.338729104027367,10.008999999999974,68.57582232871691,66.71210258129634,-12.34772910402734,-1.7079631090450436,-1.6311963382302774,0.07676677081476613,0.1524,10.404948650719305,1.5725731270754948,1.3903005998755602,2.7806011997511204,10.449600011826398,1.0011940781634343
112,Driver,A,four3,radar,12,3,20.88730303464154,10.008999999999974,68.57582232871691,66.71210258129634,10.878303034641567,-1.7884387244718052,-1.4792213047999307,0.30921741967187444,0.1524,10.404948650719305,1.5725731270754948,1.3903005998755602,2.7806011997511204,10.449600011826398,1.0011940781634343
112,Driver,A,four3_path_tdm,radar,12,3,20.90730517344661,10.008999999999974,68.57582232871691,66.71210258129634,10.898305173446635,-1.7904346505582815,-1.482876552051975,0.30755809850630644,0.1524,10.404948650719305,1.5725731270754948,1.3903005998755602,2.7806011997511204,10.449600011826398,1.0011940781634343
112,Driver,A,four3_path_tdm_neg,radar,12,3,20.92046899799782,10.008999999999974,68.57582232871691,66.71210258129634,10.911468997997845,-1.7902623893025449,-1.4759269311392138,0.3143354581633311,0.1524,10.404948650719305,1.5725731270754948,1.3903005998755602,2.7806011997511204,10.449600011826398,1.0011940781634343
112,Driver,A,four4_path_tdm,radar,12,3,17.791129965521154,10.008999999999974,68.57582232871691,66.71210258129634,7.782129965521181,-1.691496592884168,-1.5735796119039833,0.11791698098018477,0.1524,10.404948650719305,1.5725731270754948,1.3903005998755602,2.7806011997511204,10.449600011826398,1.0011940781634343
112,Driver,A,four4_path_tdm_neg,radar,12,3,17.791129965521577,10.008999999999974,68.57582232871691,66.71210258129634,7.782129965521603,-1.691496592884169,-1.5735796119039795,0.11791698098018943,0.1524,10.404948650719305,1.5725731270754948,1.3903005998755602,2.7806011997511204,10.449600011826398,1.0011940781634343
112,Driver,A,tx_later4,radar,12,3,12.577400830219608,10.008999999999974,68.57582232871691,66.71210258129634,2.568400830219634,-2.169987948523284,-2.1544310603884997,0.015556888134784064,0.1524,10.404948650719305,1.5725731270754948,1.3903005998755602,2.7806011997511204,10.449600011826398,1.0011940781634343
112,Driver,A,tx_earlier4,radar,12,3,27.714777850253032,10.008999999999974,68.57582232871691,66.71210258129634,17.705777850253057,-1.5076023906205307,-0.953044571745036,0.5545578188754947,0.1524,10.404948650719305,1.5725731270754948,1.3903005998755602,2.7806011997511204,10.449600011826398,1.0011940781634343
113,Driver,A,two8,radar,16,5,10.381767579041052,13.960999999999997,65.53595536760038,63.52557867311998,-3.5792324209589452,-1.953420275627855,-1.7123537412911098,0.24106653433674508,0.1524,10.404948650719305,1.5725731270754948,1.9491502920374049,3.8983005840748097,14.674646970406412,0.8258946377695198
113,Driver,A,two8_path_tdm,radar,16,5,10.36570072522811,13.960999999999997,65.53595536760038,63.52557867311998,-3.595299274771886,-1.9530011999351333,-1.7063389778769857,0.24666222205814758,0.1524,10.404948650719305,1.5725731270754948,1.9491502920374049,3.8983005840748097,14.674646970406412,0.8258946377695198
113,Driver,A,two8_path_tdm_neg,radar,16,5,10.39947608664843,13.960999999999997,65.53595536760038,63.52557867311998,-3.561523913351566,-1.954320690285138,-1.719282991947837,0.23503769833730104,0.1524,10.404948650719305,1.5725731270754948,1.9491502920374049,3.8983005840748097,14.674646970406412,0.8258946377695198
113,Driver,A,four3,radar,16,5,11.087707642618797,13.960999999999997,65.53595536760038,63.52557867311998,-2.8732923573811995,-1.947127326797983,-1.8990997061111545,0.04802762068682842,0.1524,10.404948650719305,1.5725731270754948,1.9491502920374049,3.8983005840748097,14.674646970406412,0.8258946377695198
113,Driver,A,four3_path_tdm,radar,16,5,11.145688761858553,13.960999999999997,65.53595536760038,63.52557867311998,-2.815311238141444,-1.9505811096755976,-1.9048104746965173,0.045770634979080294,0.1524,10.404948650719305,1.5725731270754948,1.9491502920374049,3.8983005840748097,14.674646970406412,0.8258946377695198
113,Driver,A,four3_path_tdm_neg,radar,16,5,11.038774392194808,13.960999999999997,65.53595536760038,63.52557867311998,-2.9222256078051885,-1.9441346606186731,-1.8940315254649005,0.05010313515377263,0.1524,10.404948650719305,1.5725731270754948,1.9491502920374049,3.8983005840748097,14.674646970406412,0.8258946377695198
113,Driver,A,four4_path_tdm,radar,16,5,8.518684904397995,13.960999999999997,65.53595536760038,63.52557867311998,-5.442315095602002,-2.2951440972834587,-2.1858405837795982,0.10930351350386047,0.1524,10.404948650719305,1.5725731270754948,1.9491502920374049,3.8983005840748097,14.674646970406412,0.8258946377695198
113,Driver,A,four4_path_tdm_neg,radar,16,5,8.518684904397896,13.960999999999997,65.53595536760038,63.52557867311998,-5.442315095602101,-2.2951440972834605,-2.1858405837796,0.10930351350386047,0.1524,10.404948650719305,1.5725731270754948,1.9491502920374049,3.8983005840748097,14.674646970406412,0.8258946377695198
113,Driver,A,tx_later4,radar,16,5,5.935674929502037,13.960999999999997,65.53595536760038,63.52557867311998,-8.02532507049796,-2.443219951703564,-2.232386957941978,0.21083299376158582,0.1524,10.404948650719305,1.5725731270754948,1.9491502920374049,3.8983005840748097,14.674646970406412,0.8258946377695198
113,Driver,A,tx_earlier4,radar,16,5,9.7740316213243,13.960999999999997,65.53595536760038,63.52557867311998,-4.186968378675697,-2.2560067089803786,-2.2228121295627745,0.033194579417604064,0.1524,10.404948650719305,1.5725731270754948,1.9491502920374049,3.8983005840748097,14.674646970406412,0.8258946377695198
114,Driver,A,two8,radar,18,5,13.506993362668139,14.620999999999993,68.754638032312,66.41769366658134,-1.1140066373318547,-1.5289881224033783,-1.5030139453190088,0.025974177084369554,0.1524,10.404948650719305,1.5725731270754948,2.16559499209531,4.33118998419062,16.31789028523732,0.7810483268166849
114,Driver,A,two8_path_tdm,radar,18,5,13.476839814459618,14.620999999999993,68.754638032312,66.41769366658134,-1.1441601855403754,-1.5292990461530747,-1.5021849127383398,0.027114133414734898,0.1524,10.404948650719305,1.5725731270754948,2.16559499209531,4.33118998419062,16.31789028523732,0.7810483268166849
114,Driver,A,two8_path_tdm_neg,radar,18,5,13.510436653488235,14.620999999999993,68.754638032312,66.41769366658134,-1.1105633465117588,-1.5309233897004477,-1.505541627157817,0.025381762542630693,0.1524,10.404948650719305,1.5725731270754948,2.16559499209531,4.33118998419062,16.31789028523732,0.7810483268166849
114,Driver,A,four3,radar,18,5,10.095617871113957,14.620999999999993,68.754638032312,66.41769366658134,-4.5253821288860365,-1.754551349944397,-1.6445134543581053,0.11003789558629173,0.1524,10.404948650719305,1.5725731270754948,2.16559499209531,4.33118998419062,16.31789028523732,0.7810483268166849
114,Driver,A,four3_path_tdm,radar,18,5,10.201129672427884,14.620999999999993,68.754638032312,66.41769366658134,-4.419870327572109,-1.762087107206155,-1.6597331380216747,0.10235396918448036,0.1524,10.404948650719305,1.5725731270754948,2.16559499209531,4.33118998419062,16.31789028523732,0.7810483268166849
114,Driver,A,four3_path_tdm_neg,radar,18,5,10.014131659462503,14.620999999999993,68.754638032312,66.41769366658134,-4.60686834053749,-1.7471954135295715,-1.630502700560445,0.11669271296912642,0.1524,10.404948650719305,1.5725731270754948,2.16559499209531,4.33118998419062,16.31789028523732,0.7810483268166849
114,Driver,A,four4_path_tdm,radar,18,5,12.84124215523858,14.620999999999993,68.754638032312,66.41769366658134,-1.7797578447614129,-2.08024528036692,-2.056293089118054,0.02395219124886605,0.1524,10.404948650719305,1.5725731270754948,2.16559499209531,4.33118998419062,16.31789028523732,0.7810483268166849
114,Driver,A,four4_path_tdm_neg,radar,18,5,12.841242155238726,14.620999999999993,68.754638032312,66.41769366658134,-1.7797578447612672,-2.0802452803669214,-2.0562930891180535,0.023952191248867827,0.1524,10.404948650719305,1.5725731270754948,2.16559499209531,4.33118998419062,16.31789028523732,0.7810483268166849
114,Driver,A,tx_later4,radar,18,5,11.238630803355226,14.620999999999993,68.754638032312,66.41769366658134,-3.382369196644767,-2.098065694685102,-2.05045172425494,0.047613970430162134,0.1524,10.404948650719305,1.5725731270754948,2.16559499209531,4.33118998419062,16.31789028523732,0.7810483268166849
114,Driver,A,tx_earlier4,radar,18,5,13.94105557814341,14.620999999999993,68.754638032312,66.41769366658134,-0.6799444218565842,-1.8720381112616977,-1.8696683636499603,0.0023697476117374716,0.1524,10.404948650719305,1.5725731270754948,2.16559499209531,4.33118998419062,16.31789028523732,0.7810483268166849
115,SandWedge,A,two8,radar,28,7,28.28448348908776,31.661999999999985,31.33745205503947,28.836434147209175,-3.3775165109122263,-1.8198919329099827,-1.459114605240837,0.3607773276691457,0.1524,10.404948650719305,1.5709841628737065,3.8724657626442394,7.744931525288479,29.397005873423044,0.4753926341898024
115,SandWedge,A,two8_path_tdm,radar,28,7,28.392554989809554,31.661999999999985,31.33745205503947,28.836434147209175,-3.269445010190431,-1.8382182280363992,-1.4705660934335139,0.36765213460288537,0.1524,10.404948650719305,1.5709841628737065,3.8724657626442394,7.744931525288479,29.397005873423044,0.4753926341898024
115,SandWedge,A,two8_path_tdm_neg,radar,28,7,28.119390712174994,31.661999999999985,31.33745205503947,28.836434147209175,-3.542609287824991,-1.8057872299090276,-1.446367256891055,0.35941997301797257,0.1524,10.404948650719305,1.5709841628737065,3.8724657626442394,7.744931525288479,29.397005873423044,0.4753926341898024
115,SandWedge,A,four3,radar,28,7,28.243780862609395,31.661999999999985,31.33745205503947,28.836434147209175,-3.41821913739059,-2.0460155646701996,-1.74457474521251,0.30144081945768963,0.1524,10.404948650719305,1.5709841628737065,3.8724657626442394,7.744931525288479,29.397005873423044,0.4753926341898024
115,SandWedge,A,four3_path_tdm,radar,28,7,28.22542394803678,31.661999999999985,31.33745205503947,28.836434147209175,-3.436576051963204,-2.061286387543078,-1.7506481154540394,0.3106382720890386,0.1524,10.404948650719305,1.5709841628737065,3.8724657626442394,7.744931525288479,29.397005873423044,0.4753926341898024
115,SandWedge,A,four3_path_tdm_neg,radar,28,7,28.284257501356898,31.661999999999985,31.33745205503947,28.836434147209175,-3.3777424986430873,-2.0302361694899607,-1.737966673305001,0.2922694961849597,0.1524,10.404948650719305,1.5709841628737065,3.8724657626442394,7.744931525288479,29.397005873423044,0.4753926341898024
115,SandWedge,A,four4_path_tdm,radar,28,7,27.457517567239247,31.661999999999985,31.33745205503947,28.836434147209175,-4.204482432760738,-2.108085648824272,-1.9207280343665403,0.1873576144577318,0.1524,10.404948650719305,1.5709841628737065,3.8724657626442394,7.744931525288479,29.397005873423044,0.4753926341898024
115,SandWedge,A,four4_path_tdm_neg,radar,28,7,27.4575175672392,31.661999999999985,31.33745205503947,28.836434147209175,-4.204482432760784,-2.108085648824271,-1.9207280343665545,0.1873576144577167,0.1524,10.404948650719305,1.5709841628737065,3.8724657626442394,7.744931525288479,29.397005873423044,0.4753926341898024
115,SandWedge,A,tx_later4,radar,28,7,29.22013504685196,31.661999999999985,31.33745205503947,28.836434147209175,-2.4418649531480234,-2.1662503199029,-2.0653717087900483,0.10087861111285168,0.1524,10.404948650719305,1.5709841628737065,3.8724657626442394,7.744931525288479,29.397005873423044,0.4753926341898024
115,SandWedge,A,tx_earlier4,radar,28,7,25.36536227716836,31.661999999999985,31.33745205503947,28.836434147209175,-6.296637722831626,-2.063527507280895,-1.8656803306267487,0.19784717665414653,0.1524,10.404948650719305,1.5709841628737065,3.8724657626442394,7.744931525288479,29.397005873423044,0.4753926341898024
116,SandWedge,A,two8,radar,21,6,28.486192880730037,29.217000000000002,29.728110722683663,30.553232406976534,-0.730807119269965,-1.2872465025806374,-1.2771359439446692,0.010110558635968214,0.1524,10.404948650719305,1.5709841628737065,3.3100337456237083,6.620067491247417,25.046198040024592,0.5376648972888615
116,SandWedge,A,two8_path_tdm,radar,21,6,28.568793136809866,29.217000000000002,29.728110722683663,30.553232406976534,-0.6482068631901363,-1.2884937269404448,-1.281044457460763,0.007449269479681941,0.1524,10.404948650719305,1.5709841628737065,3.3100337456237083,6.620067491247417,25.046198040024592,0.5376648972888615
116,SandWedge,A,two8_path_tdm_neg,radar,21,6,28.465615498354126,29.217000000000002,29.728110722683663,30.553232406976534,-0.7513845016458767,-1.2882062876876923,-1.2774416404653284,0.010764647222363921,0.1524,10.404948650719305,1.5709841628737065,3.3100337456237083,6.620067491247417,25.046198040024592,0.5376648972888615
116,SandWedge,A,four3,radar,21,6,28.958001619787602,29.217000000000002,29.728110722683663,30.553232406976534,-0.2589983802124003,-1.3213940129169612,-1.320652779915591,0.0007412330013703006,0.1524,10.404948650719305,1.5709841628737065,3.3100337456237083,6.620067491247417,25.046198040024592,0.5376648972888615
116,SandWedge,A,four3_path_tdm,radar,21,6,29.033896058899153,29.217000000000002,29.728110722683663,30.553232406976534,-0.1831039411008497,-1.3368499362837294,-1.336481155075435,0.00036878120829442196,0.1524,10.404948650719305,1.5709841628737065,3.3100337456237083,6.620067491247417,25.046198040024592,0.5376648972888615
116,SandWedge,A,four3_path_tdm_neg,radar,21,6,28.839869939369553,29.217000000000002,29.728110722683663,30.553232406976534,-0.3771300606304493,-1.3073055111044443,-1.3061757870311668,0.0011297240732774938,0.1524,10.404948650719305,1.5709841628737065,3.3100337456237083,6.620067491247417,25.046198040024592,0.5376648972888615
116,SandWedge,A,four4_path_tdm,radar,21,6,24.229426257157765,29.217000000000002,29.728110722683663,30.553232406976534,-4.987573742842237,-1.451078464761706,-1.3582203770748247,0.09285808768688142,0.1524,10.404948650719305,1.5709841628737065,3.3100337456237083,6.620067491247417,25.046198040024592,0.5376648972888615
116,SandWedge,A,four4_path_tdm_neg,radar,21,6,24.22942625715776,29.217000000000002,29.728110722683663,30.553232406976534,-4.987573742842244,-1.451078464761706,-1.358220377074823,0.0928580876868832,0.1524,10.404948650719305,1.5709841628737065,3.3100337456237083,6.620067491247417,25.046198040024592,0.5376648972888615
116,SandWedge,A,tx_later4,radar,21,6,23.372987183937717,29.217000000000002,29.728110722683663,30.553232406976534,-5.8440128160622855,-1.6947544071685332,-1.5248715870646956,0.1698828201038376,0.1524,10.404948650719305,1.5709841628737065,3.3100337456237083,6.620067491247417,25.046198040024592,0.5376648972888615
116,SandWedge,A,tx_earlier4,radar,21,6,25.80382928109188,29.217000000000002,29.728110722683663,30.553232406976534,-3.4131707189081233,-1.592659618807927,-1.542791742301472,0.049867876506454856,0.1524,10.404948650719305,1.5709841628737065,3.3100337456237083,6.620067491247417,25.046198040024592,0.5376648972888615
117,SandWedge,A,two8,radar,20,5,26.297315132150562,30.729999999999986,33.79616797947195,31.204397850742673,-4.432684867849424,-1.9418331995711562,-1.3040687074370303,0.6377644921341259,0.1524,10.404948650719305,1.5709841628737065,3.524188126309047,7.048376252618094,26.69652477231528,0.5106154543428811
117,SandWedge,A,two8_path_tdm,radar,20,5,26.301754973347695,30.729999999999986,33.79616797947195,31.204397850742673,-4.4282450266522915,-1.948228738178009,-1.3093814369312928,0.6388473012467162,0.1524,10.404948650719305,1.5709841628737065,3.524188126309047,7.048376252618094,26.69652477231528,0.5106154543428811
117,SandWedge,A,two8_path_tdm_neg,radar,20,5,26.29778185403762,30.729999999999986,33.79616797947195,31.204397850742673,-4.432218145962366,-1.9356815838868333,-1.2996390488302043,0.636042535056629,0.1524,10.404948650719305,1.5709841628737065,3.524188126309047,7.048376252618094,26.69652477231528,0.5106154543428811
117,SandWedge,A,four3,radar,20,5,26.72014060848806,30.729999999999986,33.79616797947195,31.204397850742673,-4.009859391511927,-2.1754952762447193,-1.7116911605426002,0.4638041157021191,0.1524,10.404948650719305,1.5709841628737065,3.524188126309047,7.048376252618094,26.69652477231528,0.5106154543428811
117,SandWedge,A,four3_path_tdm,radar,20,5,26.505063141586913,30.729999999999986,33.79616797947195,31.204397850742673,-4.2249368584130735,-2.1872902588408754,-1.7039740129541259,0.4833162458867495,0.1524,10.404948650719305,1.5709841628737065,3.524188126309047,7.048376252618094,26.69652477231528,0.5106154543428811
117,SandWedge,A,four3_path_tdm_neg,radar,20,5,26.787561100979747,30.729999999999986,33.79616797947195,31.204397850742673,-3.942438899020239,-2.164665564155836,-1.7181489520928452,0.44651661206299087,0.1524,10.404948650719305,1.5709841628737065,3.524188126309047,7.048376252618094,26.69652477231528,0.5106154543428811
117,SandWedge,A,four4_path_tdm,radar,20,5,25.011889831592963,30.729999999999986,33.79616797947195,31.204397850742673,-5.718110168407023,-2.1463899623345326,-1.9700161177720783,0.1763738445624543,0.1524,10.404948650719305,1.5709841628737065,3.524188126309047,7.048376252618094,26.69652477231528,0.5106154543428811
117,SandWedge,A,four4_path_tdm_neg,radar,20,5,25.011889831592917,30.729999999999986,33.79616797947195,31.204397850742673,-5.718110168407069,-2.146389962334532,-1.970016117772078,0.17637384456245409,0.1524,10.404948650719305,1.5709841628737065,3.524188126309047,7.048376252618094,26.69652477231528,0.5106154543428811
117,SandWedge,A,tx_later4,radar,20,5,26.23820590150586,30.729999999999986,33.79616797947195,31.204397850742673,-4.491794098494125,-2.3711150589187966,-2.1239648363949835,0.24715022252381313,0.1524,10.404948650719305,1.5709841628737065,3.524188126309047,7.048376252618094,26.69652477231528,0.5106154543428811
117,SandWedge,A,tx_earlier4,radar,20,5,25.536818045993737,30.729999999999986,33.79616797947195,31.204397850742673,-5.193181954006249,-2.2484776687196764,-1.8940376992515617,0.3544399694681146,0.1524,10.404948650719305,1.5709841628737065,3.524188126309047,7.048376252618094,26.69652477231528,0.5106154543428811
118,SandWedge,A,two8,radar,28,7,27.841135298020657,33.168000000000006,32.544458054306325,27.391119567093856,-5.32686470197935,-1.1520481017607274,-0.6919121769469502,0.4601359248137772,0.1524,10.404948650719305,1.5709841628737065,3.9849769800591184,7.969953960118237,30.26995334610673,0.4620312690066585
118,SandWedge,A,two8_path_tdm,radar,28,7,27.7975663028305,33.168000000000006,32.544458054306325,27.391119567093856,-5.370433697169506,-1.166187153621202,-0.7074219170808435,0.4587652365403586,0.1524,10.404948650719305,1.5709841628737065,3.9849769800591184,7.969953960118237,30.26995334610673,0.4620312690066585
118,SandWedge,A,two8_path_tdm_neg,radar,28,7,27.847682194557745,33.168000000000006,32.544458054306325,27.391119567093856,-5.3203178054422615,-1.1375196688432008,-0.6776003874465666,0.4599192813966342,0.1524,10.404948650719305,1.5709841628737065,3.9849769800591184,7.969953960118237,30.26995334610673,0.4620312690066585
118,SandWedge,A,four3,radar,28,7,28.87975341479322,33.168000000000006,32.544458054306325,27.391119567093856,-4.288246585206785,-1.3897979738879482,-1.1279084233121963,0.2618895505757519,0.1524,10.404948650719305,1.5709841628737065,3.9849769800591184,7.969953960118237,30.26995334610673,0.4620312690066585
118,SandWedge,A,four3_path_tdm,radar,28,7,29.014608858251,33.168000000000006,32.544458054306325,27.391119567093856,-4.153391141749008,-1.4051787801020559,-1.1408780848878197,0.26430069521423616,0.1524,10.404948650719305,1.5709841628737065,3.9849769800591184,7.969953960118237,30.26995334610673,0.4620312690066585
118,SandWedge,A,four3_path_tdm_neg,radar,28,7,28.739410369942323,33.168000000000006,32.544458054306325,27.391119567093856,-4.428589630057683,-1.3755740189290055,-1.1140352852905804,0.26153873363842517,0.1524,10.404948650719305,1.5709841628737065,3.9849769800591184,7.969953960118237,30.26995334610673,0.4620312690066585
118,SandWedge,A,four4_path_tdm,radar,28,7,31.841246008766287,33.168000000000006,32.544458054306325,27.391119567093856,-1.3267539912337192,-1.953497001375084,-1.9235437517077565,0.029953249667327597,0.1524,10.404948650719305,1.5709841628737065,3.9849769800591184,7.969953960118237,30.26995334610673,0.4620312690066585
118,SandWedge,A,four4_path_tdm_neg,radar,28,7,31.841246008766273,33.168000000000006,32.544458054306325,27.391119567093856,-1.3267539912337334,-1.9534970013750848,-1.9235437517077567,0.02995324966732804,0.1524,10.404948650719305,1.5709841628737065,3.9849769800591184,7.969953960118237,30.26995334610673,0.4620312690066585
118,SandWedge,A,tx_later4,radar,28,7,32.672950310478036,33.168000000000006,32.544458054306325,27.391119567093856,-0.49504968952197004,-1.9169524711868031,-1.9129561171594993,0.003996354027303806,0.1524,10.404948650719305,1.5709841628737065,3.9849769800591184,7.969953960118237,30.26995334610673,0.4620312690066585
118,SandWedge,A,tx_earlier4,radar,28,7,32.498485094450295,33.168000000000006,32.544458054306325,27.391119567093856,-0.6695149055497112,-2.038077288766668,-2.015093761937522,0.022983526829145617,0.1524,10.404948650719305,1.5709841628737065,3.9849769800591184,7.969953960118237,30.26995334610673,0.4620312690066585
119,SandWedge,A,two8,radar,24,6,24.40695273438781,26.353999999999992,33.125609090990366,31.457996680962957,-1.9470472656121807,-1.0664547579569141,-0.9874729502377844,0.07898180771912977,0.1524,10.404948650719305,1.5709841628737065,3.1897268056889527,6.3794536113779055,24.126409774219685,0.5608317966675292
119,SandWedge,A,two8_path_tdm,radar,24,6,24.467644943534193,26.353999999999992,33.125609090990366,31.457996680962957,-1.8863550564657992,-1.074921741977344,-0.9974020976357733,0.07751964434157077,0.1524,10.404948650719305,1.5709841628737065,3.1897268056889527,6.3794536113779055,24.126409774219685,0.5608317966675292
119,SandWedge,A,two8_path_tdm_neg,radar,24,6,24.36260693381531,26.353999999999992,33.125609090990366,31.457996680962957,-1.9913930661846813,-1.0606791608855806,-0.9813623086509183,0.07931685223466223,0.1524,10.404948650719305,1.5709841628737065,3.1897268056889527,6.3794536113779055,24.126409774219685,0.5608317966675292
119,SandWedge,A,four3,radar,24,6,21.14846949363118,26.353999999999992,33.125609090990366,31.457996680962957,-5.205530506368813,-1.5140206643782141,-1.4358400914504248,0.07818057292778935,0.1524,10.404948650719305,1.5709841628737065,3.1897268056889527,6.3794536113779055,24.126409774219685,0.5608317966675292
119,SandWedge,A,four3_path_tdm,radar,24,6,21.306351973804937,26.353999999999992,33.125609090990366,31.457996680962957,-5.047648026195056,-1.5258209600631796,-1.4501315840139937,0.07568937604918591,0.1524,10.404948650719305,1.5709841628737065,3.1897268056889527,6.3794536113779055,24.126409774219685,0.5608317966675292
119,SandWedge,A,four3_path_tdm_neg,radar,24,6,21.05043988630445,26.353999999999992,33.125609090990366,31.457996680962957,-5.303560113695543,-1.502137051772226,-1.421603715199088,0.08053333657313799,0.1524,10.404948650719305,1.5709841628737065,3.1897268056889527,6.3794536113779055,24.126409774219685,0.5608317966675292
119,SandWedge,A,four4_path_tdm,radar,24,6,21.713917629584703,26.353999999999992,33.125609090990366,31.457996680962957,-4.640082370415289,-1.5806987924297733,-1.5159945487318207,0.06470424369795258,0.1524,10.404948650719305,1.5709841628737065,3.1897268056889527,6.3794536113779055,24.126409774219685,0.5608317966675292
119,SandWedge,A,four4_path_tdm_neg,radar,24,6,21.713917629584845,26.353999999999992,33.125609090990366,31.457996680962957,-4.640082370415147,-1.580698792429773,-1.515994548731821,0.06470424369795214,0.1524,10.404948650719305,1.5709841628737065,3.1897268056889527,6.3794536113779055,24.126409774219685,0.5608317966675292
119,SandWedge,A,tx_later4,radar,24,6,25.343911431886124,26.353999999999992,33.125609090990366,31.457996680962957,-1.0100885681138685,-1.6708718930641757,-1.6512364611126935,0.019635431951482207,0.1524,10.404948650719305,1.5709841628737065,3.1897268056889527,6.3794536113779055,24.126409774219685,0.5608317966675292
119,SandWedge,A,tx_earlier4,radar,24,6,16.201301187711113,26.353999999999992,33.125609090990366,31.457996680962957,-10.152698812288879,-1.6607196428241073,-1.5650511233967233,0.09566851942738408,0.1524,10.404948650719305,1.5709841628737065,3.1897268056889527,6.3794536113779055,24.126409774219685,0.5608317966675292
120,SandWedge,A,two8,radar,28,7,24.361133981645345,27.744999999999997,31.113932425545606,29.06312767179844,-3.3838660183546523,-1.8264010911464947,-1.5663216692299609,0.2600794219165339,0.1524,10.404948650719305,1.5709841628737065,3.4623416439668486,6.924683287933697,26.225448184121255,0.526106820898689
120,SandWedge,A,two8_path_tdm,radar,28,7,24.393314004936595,27.744999999999997,31.113932425545606,29.06312767179844,-3.351685995063402,-1.8361237459560618,-1.5733852998027302,0.26273844615333153,0.1524,10.404948650719305,1.5709841628737065,3.4623416439668486,6.924683287933697,26.225448184121255,0.526106820898689
120,SandWedge,A,two8_path_tdm_neg,radar,28,7,24.328478511825093,27.744999999999997,31.113932425545606,29.06312767179844,-3.4165214881749044,-1.8174078264657978,-1.5597472248634678,0.25766060160232995,0.1524,10.404948650719305,1.5709841628737065,3.4623416439668486,6.924683287933697,26.225448184121255,0.526106820898689
120,SandWedge,A,four3,radar,28,7,23.870721132476856,27.744999999999997,31.113932425545606,29.06312767179844,-3.8742788675231417,-2.072389982482841,-1.7886403860838047,0.2837495963990364,0.1524,10.404948650719305,1.5709841628737065,3.4623416439668486,6.924683287933697,26.225448184121255,0.526106820898689
120,SandWedge,A,four3_path_tdm,radar,28,7,23.882297509962896,27.744999999999997,31.113932425545606,29.06312767179844,-3.862702490037101,-2.082117577059886,-1.799464887695857,0.2826526893640289,0.1524,10.404948650719305,1.5709841628737065,3.4623416439668486,6.924683287933697,26.225448184121255,0.526106820898689
120,SandWedge,A,four3_path_tdm_neg,radar,28,7,23.860185329885567,27.744999999999997,31.113932425545606,29.06312767179844,-3.88481467011443,-2.0636417944081735,-1.7787367042149842,0.2849050901931893,0.1524,10.404948650719305,1.5709841628737065,3.4623416439668486,6.924683287933697,26.225448184121255,0.526106820898689
120,SandWedge,A,four4_path_tdm,radar,28,7,22.923633707207852,27.744999999999997,31.113932425545606,29.06312767179844,-4.8213662927921455,-2.141102354331774,-1.964031950701195,0.17707040363057924,0.1524,10.404948650719305,1.5709841628737065,3.4623416439668486,6.924683287933697,26.225448184121255,0.526106820898689
120,SandWedge,A,four4_path_tdm_neg,radar,28,7,22.923633707208083,27.744999999999997,31.113932425545606,29.06312767179844,-4.8213662927919145,-2.141102354331775,-1.9640319507011468,0.17707040363062831,0.1524,10.404948650719305,1.5709841628737065,3.4623416439668486,6.924683287933697,26.225448184121255,0.526106820898689
120,SandWedge,A,tx_later4,radar,28,7,24.687791099240155,27.744999999999997,31.113932425545606,29.06312767179844,-3.057208900759843,-1.9197543524208136,-1.800861252207413,0.1188931002134006,0.1524,10.404948650719305,1.5709841628737065,3.4623416439668486,6.924683287933697,26.225448184121255,0.526106820898689
120,SandWedge,A,tx_earlier4,radar,28,7,23.196016157660477,27.744999999999997,31.113932425545606,29.06312767179844,-4.548983842339521,-2.436126271333446,-2.1827748343429367,0.25335143699050944,0.1524,10.404948650719305,1.5709841628737065,3.4623416439668486,6.924683287933697,26.225448184121255,0.526106820898689
121,SandWedge,A,two8,radar,24,6,21.320898308262578,24.805000000000007,30.890412796051745,29.415892449724353,-3.484101691737429,-1.925709647321696,-1.5236480533512946,0.4020615939704013,0.1524,10.404948650719305,1.5709841628737065,2.9119847378435315,5.823969475687063,21.99614029432109,0.6010643022550819
121,SandWedge,A,two8_path_tdm,radar,24,6,21.33452314922622,24.805000000000007,30.890412796051745,29.415892449724353,-3.4704768507737853,-1.9256055294703167,-1.5266345448076946,0.39897098466262215,0.1524,10.404948650719305,1.5709841628737065,2.9119847378435315,5.823969475687063,21.99614029432109,0.6010643022550819
121,SandWedge,A,two8_path_tdm_neg,radar,24,6,21.3204577950914,24.805000000000007,30.890412796051745,29.415892449724353,-3.4845422049086068,-1.9265468875979241,-1.5215958061990174,0.4049510813989068,0.1524,10.404948650719305,1.5709841628737065,2.9119847378435315,5.823969475687063,21.99614029432109,0.6010643022550819
121,SandWedge,A,four3,radar,24,6,22.636249445916064,24.805000000000007,30.890412796051745,29.415892449724353,-2.1687505540839425,-2.307043880654175,-2.191171286890115,0.11587259376406012,0.1524,10.404948650719305,1.5709841628737065,2.9119847378435315,5.823969475687063,21.99614029432109,0.6010643022550819
121,SandWedge,A,four3_path_tdm,radar,24,6,22.548932275322738,24.805000000000007,30.890412796051745,29.415892449724353,-2.256067724677269,-2.3143771029087143,-2.195085430887271,0.11929167202144342,0.1524,10.404948650719305,1.5709841628737065,2.9119847378435315,5.823969475687063,21.99614029432109,0.6010643022550819
121,SandWedge,A,four3_path_tdm_neg,radar,24,6,22.75466844009455,24.805000000000007,30.890412796051745,29.415892449724353,-2.0503315599054552,-2.3003505865869935,-2.1879165702911076,0.1124340162958859,0.1524,10.404948650719305,1.5709841628737065,2.9119847378435315,5.823969475687063,21.99614029432109,0.6010643022550819
121,SandWedge,A,four4_path_tdm,radar,24,6,21.477410404349783,24.805000000000007,30.890412796051745,29.415892449724353,-3.327589595650224,-2.2730099026719026,-2.1488672088760317,0.12414269379587095,0.1524,10.404948650719305,1.5709841628737065,2.9119847378435315,5.823969475687063,21.99614029432109,0.6010643022550819
121,SandWedge,A,four4_path_tdm_neg,radar,24,6,21.477410404349747,24.805000000000007,30.890412796051745,29.415892449724353,-3.3275895956502595,-2.273009902671903,-2.1488672088760317,0.1241426937958714,0.1524,10.404948650719305,1.5709841628737065,2.9119847378435315,5.823969475687063,21.99614029432109,0.6010643022550819
121,SandWedge,A,tx_later4,radar,24,6,22.70931997025603,24.805000000000007,30.890412796051745,29.415892449724353,-2.0956800297439777,-2.364536791789462,-2.2958590884317975,0.06867770335766465,0.1524,10.404948650719305,1.5709841628737065,2.9119847378435315,5.823969475687063,21.99614029432109,0.6010643022550819
121,SandWedge,A,tx_earlier4,radar,24,6,20.064171128395696,24.805000000000007,30.890412796051745,29.415892449724353,-4.740828871604311,-2.114230356180658,-1.9877608686224193,0.1264694875582386,0.1524,10.404948650719305,1.5709841628737065,2.9119847378435315,5.823969475687063,21.99614029432109,0.6010643022550819
122,SandWedge,A,two8,radar,24,6,26.916455781062176,31.036999999999985,31.069228499646837,27.266565734039325,-4.120544218937809,-1.708552668837286,-1.1570941331588467,0.5514585356784394,0.1524,10.404948650719305,1.5709841628737065,3.4249328883737884,6.849865776747577,25.929636526856708,0.5202917978149689
122,SandWedge,A,two8_path_tdm,radar,24,6,26.936707467718833,31.036999999999985,31.069228499646837,27.266565734039325,-4.100292532281152,-1.7156438480471916,-1.1644555371216871,0.5511883109255045,0.1524,10.404948650719305,1.5709841628737065,3.4249328883737884,6.849865776747577,25.929636526856708,0.5202917978149689
122,SandWedge,A,two8_path_tdm_neg,radar,24,6,26.881960357747964,31.036999999999985,31.069228499646837,27.266565734039325,-4.155039642252021,-1.700530084103548,-1.1506920383607773,0.5498380457427707,0.1524,10.404948650719305,1.5709841628737065,3.4249328883737884,6.849865776747577,25.929636526856708,0.5202917978149689
122,SandWedge,A,four3,radar,24,6,26.21447937746458,31.036999999999985,31.069228499646837,27.266565734039325,-4.822520622535404,-2.278623648789657,-1.8566946518043748,0.4219289969852824,0.1524,10.404948650719305,1.5709841628737065,3.4249328883737884,6.849865776747577,25.929636526856708,0.5202917978149689
122,SandWedge,A,four3_path_tdm,radar,24,6,26.232011918609967,31.036999999999985,31.069228499646837,27.266565734039325,-4.804988081390018,-2.285440233807645,-1.868411673087606,0.41702856072003924,0.1524,10.404948650719305,1.5709841628737065,3.4249328883737884,6.849865776747577,25.929636526856708,0.5202917978149689
122,SandWedge,A,four3_path_tdm_neg,radar,24,6,26.194069371861122,31.036999999999985,31.069228499646837,27.266565734039325,-4.842930628138863,-2.2703274963407902,-1.8436775534028282,0.426649942937962,0.1524,10.404948650719305,1.5709841628737065,3.4249328883737884,6.849865776747577,25.929636526856708,0.5202917978149689
122,SandWedge,A,four4_path_tdm,radar,24,6,27.081632717974646,31.036999999999985,31.069228499646837,27.266565734039325,-3.955367282025339,-2.14913372068457,-2.0121781566622325,0.13695556402233766,0.1524,10.404948650719305,1.5709841628737065,3.4249328883737884,6.849865776747577,25.929636526856708,0.5202917978149689
122,SandWedge,A,four4_path_tdm_neg,radar,24,6,27.081632717974628,31.036999999999985,31.069228499646837,27.266565734039325,-3.9553672820253567,-2.14913372068457,-2.0121781566622325,0.13695556402233766,0.1524,10.404948650719305,1.5709841628737065,3.4249328883737884,6.849865776747577,25.929636526856708,0.5202917978149689
122,SandWedge,A,tx_later4,radar,24,6,27.44876377892593,31.036999999999985,31.069228499646837,27.266565734039325,-3.5882362210740553,-2.4993609351088253,-2.2890261743231695,0.21033476078565583,0.1524,10.404948650719305,1.5709841628737065,3.4249328883737884,6.849865776747577,25.929636526856708,0.5202917978149689
122,SandWedge,A,tx_earlier4,radar,24,6,26.119060231291982,31.036999999999985,31.069228499646837,27.266565734039325,-4.917939768708003,-1.8546574130784939,-1.6580010562157363,0.1966563568627575,0.1524,10.404948650719305,1.5709841628737065,3.4249328883737884,6.849865776747577,25.929636526856708,0.5202917978149689
123,SandWedge,A,two8,radar,29,8,26.323286455633983,29.30099999999999,36.567811385195846,33.55577069682823,-2.977713544366008,-1.6489563554797086,-1.3530372241360533,0.29591913134365533,0.1524,10.404948650719305,1.5709841628737065,3.7012055625709195,7.402411125141839,28.07152716809978,0.4972382779092419
123,SandWedge,A,two8_path_tdm,radar,29,8,26.331228603448007,29.30099999999999,36.567811385195846,33.55577069682823,-2.969771396551984,-1.6539982005803517,-1.3604757529168459,0.2935224476635059,0.1524,10.404948650719305,1.5709841628737065,3.7012055625709195,7.402411125141839,28.07152716809978,0.4972382779092419
123,SandWedge,A,two8_path_tdm_neg,radar,29,8,26.29385572968616,29.30099999999999,36.567811385195846,33.55577069682823,-3.0071442703138302,-1.6449362052363043,-1.3468356386661058,0.29810056657019857,0.1524,10.404948650719305,1.5709841628737065,3.7012055625709195,7.402411125141839,28.07152716809978,0.4972382779092419
123,SandWedge,A,four3,radar,29,8,24.69259115487263,29.30099999999999,36.567811385195846,33.55577069682823,-4.608408845127361,-1.8434358217882387,-1.5389604653985618,0.30447535638967693,0.1524,10.404948650719305,1.5709841628737065,3.7012055625709195,7.402411125141839,28.07152716809978,0.4972382779092419
123,SandWedge,A,four3_path_tdm,radar,29,8,24.702986928065737,29.30099999999999,36.567811385195846,33.55577069682823,-4.598013071934254,-1.848540180664745,-1.5481116747422865,0.3004285059224585,0.1524,10.404948650719305,1.5709841628737065,3.7012055625709195,7.402411125141839,28.07152716809978,0.4972382779092419
123,SandWedge,A,four3_path_tdm_neg,radar,29,8,24.67451180555735,29.30099999999999,36.567811385195846,33.55577069682823,-4.62648819444264,-1.8395528666743273,-1.5304908066565281,0.3090620600177991,0.1524,10.404948650719305,1.5709841628737065,3.7012055625709195,7.402411125141839,28.07152716809978,0.4972382779092419
123,SandWedge,A,four4_path_tdm,radar,29,8,25.055035673830748,29.30099999999999,36.567811385195846,33.55577069682823,-4.2459643261692435,-1.9849236692228842,-1.7851199092410512,0.19980375998183297,0.1524,10.404948650719305,1.5709841628737065,3.7012055625709195,7.402411125141839,28.07152716809978,0.4972382779092419
123,SandWedge,A,four4_path_tdm_neg,radar,29,8,25.055035673830773,29.30099999999999,36.567811385195846,33.55577069682823,-4.245964326169219,-1.984923669222884,-1.7851199092410583,0.19980375998182565,0.1524,10.404948650719305,1.5709841628737065,3.7012055625709195,7.402411125141839,28.07152716809978,0.4972382779092419
123,SandWedge,A,tx_later4,radar,29,8,25.497063139771118,29.30099999999999,36.567811385195846,33.55577069682823,-3.8039368602288732,-1.8794119113562666,-1.7345446072118276,0.14486730414443905,0.1524,10.404948650719305,1.5709841628737065,3.7012055625709195,7.402411125141839,28.07152716809978,0.4972382779092419
123,SandWedge,A,tx_earlier4,radar,29,8,23.883727373527098,29.30099999999999,36.567811385195846,33.55577069682823,-5.417272626472894,-2.0406821712822936,-1.7662120459950845,0.27447012528720904,0.1524,10.404948650719305,1.5709841628737065,3.7012055625709195,7.402411125141839,28.07152716809978,0.4972382779092419
124,SandWedge,A,two8,radar,24,6,24.36174509772806,28.975,37.64070560676638,33.66567501422932,-4.61325490227194,-1.6190500556410539,-1.1902837581004897,0.42876629754056417,0.1524,10.404948650719305,1.5709841628737065,3.497486384293025,6.99497276858605,26.495186275163086,0.5184960128241207
124,SandWedge,A,two8_path_tdm,radar,24,6,24.42966947582282,28.975,37.64070560676638,33.66567501422932,-4.5453305241771815,-1.6255814240763315,-1.199744405669511,0.42583701840682053,0.1524,10.404948650719305,1.5709841628737065,3.497486384293025,6.99497276858605,26.495186275163086,0.5184960128241207
124,SandWedge,A,two8_path_tdm_neg,radar,24,6,24.270152927180426,28.975,37.64070560676638,33.66567501422932,-4.704847072819575,-1.6133964397837577,-1.1826661999410302,0.4307302398427275,0.1524,10.404948650719305,1.5709841628737065,3.497486384293025,6.99497276858605,26.495186275163086,0.5184960128241207
124,SandWedge,A,four3,radar,24,6,24.751009937687108,28.975,37.64070560676638,33.66567501422932,-4.223990062312893,-2.0561286706427517,-1.766265373502961,0.28986329713979075,0.1524,10.404948650719305,1.5709841628737065,3.497486384293025,6.99497276858605,26.495186275163086,0.5184960128241207
124,SandWedge,A,four3_path_tdm,radar,24,6,24.811400226826123,28.975,37.64070560676638,33.66567501422932,-4.163599773173878,-2.067344100564821,-1.7791471937522818,0.2881969068125394,0.1524,10.404948650719305,1.5709841628737065,3.497486384293025,6.99497276858605,26.495186275163086,0.5184960128241207
124,SandWedge,A,four3_path_tdm_neg,radar,24,6,24.68130467289285,28.975,37.64070560676638,33.66567501422932,-4.293695327107152,-2.0455727054219217,-1.7571024523307575,0.28847025309116425,0.1524,10.404948650719305,1.5709841628737065,3.497486384293025,6.99497276858605,26.495186275163086,0.5184960128241207
124,SandWedge,A,four4_path_tdm,radar,24,6,24.95658350500168,28.975,37.64070560676638,33.66567501422932,-4.01841649499832,-1.9937704659028384,-1.8413977741621996,0.15237269174063872,0.1524,10.404948650719305,1.5709841628737065,3.497486384293025,6.99497276858605,26.495186275163086,0.5184960128241207
124,SandWedge,A,four4_path_tdm_neg,radar,24,6,24.95658350500167,28.975,37.64070560676638,33.66567501422932,-4.0184164949983305,-1.9937704659028384,-1.8413977741622019,0.1523726917406365,0.1524,10.404948650719305,1.5709841628737065,3.497486384293025,6.99497276858605,26.495186275163086,0.5184960128241207
124,SandWedge,A,tx_later4,radar,24,6,27.60274113120874,28.975,37.64070560676638,33.66567501422932,-1.3722588687912598,-1.9585190317982768,-1.9281318981048534,0.030387133693423385,0.1524,10.404948650719305,1.5709841628737065,3.497486384293025,6.99497276858605,26.495186275163086,0.5184960128241207
124,SandWedge,A,tx_earlier4,radar,24,6,20.310726323834466,28.975,37.64070560676638,33.66567501422932,-8.664273676165536,-2.438022988408185,-1.8642541777877997,0.5737688106203855,0.1524,10.404948650719305,1.5709841628737065,3.497486384293025,6.99497276858605,26.495186275163086,0.5184960128241207
130,9Iron (relabeled),B,two8,radar,13,4,19.21768864980357,22.888999999999974,45.73211619444419,46.20615528850821,-3.6713113501964045,-1.0601447529185855,-0.9768886119997084,0.08325614091887701,0.5715,6.6,1.9073300055312925,6.678854341727836,13.357708683455671,13.102698597322604,1.6546091220894474
130,9Iron (relabeled),B,two8_path_tdm,radar,13,4,19.44057331764942,22.888999999999974,45.73211619444419,46.20615528850821,-3.4484266823505543,-1.0543413586158348,-1.0012595268351343,0.05308183178070047,0.5715,6.6,1.9073300055312925,6.678854341727836,13.357708683455671,13.102698597322604,1.6546091220894474
130,9Iron (relabeled),B,two8_path_tdm_neg,radar,13,4,19.135840082678925,22.888999999999974,45.73211619444419,46.20615528850821,-3.7531599173210495,-1.1254569187383883,-1.0141713002454642,0.11128561849292407,0.5715,6.6,1.9073300055312925,6.678854341727836,13.357708683455671,13.102698597322604,1.6546091220894474
130,9Iron (relabeled),B,four3,radar,13,4,23.791747044564264,22.888999999999974,45.73211619444419,46.20615528850821,0.9027470445642898,-0.7882409214423172,-0.7850140963843246,0.003226825057992544,0.5715,6.6,1.9073300055312925,6.678854341727836,13.357708683455671,13.102698597322604,1.6546091220894474
130,9Iron (relabeled),B,four3_path_tdm,radar,13,4,-3.3998841947202214,22.888999999999974,45.73211619444419,46.20615528850821,-26.288884194720197,-0.8883797924049026,-0.8553628848296219,0.03301690757528075,0.5715,6.6,1.9073300055312925,6.678854341727836,13.357708683455671,13.102698597322604,1.6546091220894474
130,9Iron (relabeled),B,four3_path_tdm_neg,radar,13,4,22.85834211678078,22.888999999999974,45.73211619444419,46.20615528850821,-0.03065788321919527,-0.8307952803082065,-0.8308846855038039,-8.9405195597414e-05,0.5715,6.6,1.9073300055312925,6.678854341727836,13.357708683455671,13.102698597322604,1.6546091220894474
130,9Iron (relabeled),B,four4_path_tdm,radar,13,4,23.72624091517823,22.888999999999974,45.73211619444419,46.20615528850821,0.8372409151782563,-1.454662409520708,-1.4518525070992954,0.0028099024214125468,0.5715,6.6,1.9073300055312925,6.678854341727836,13.357708683455671,13.102698597322604,1.6546091220894474
130,9Iron (relabeled),B,four4_path_tdm_neg,radar,13,4,23.726240915178657,22.888999999999974,45.73211619444419,46.20615528850821,0.8372409151786826,-1.454662409520706,-1.4518525070992956,0.0028099024214103263,0.5715,6.6,1.9073300055312925,6.678854341727836,13.357708683455671,13.102698597322604,1.6546091220894474
130,9Iron (relabeled),B,tx_later4,radar,13,4,20.097545039028557,22.888999999999974,45.73211619444419,46.20615528850821,-2.791454960971418,-1.4328038610667087,-1.395102460089069,0.03770140097763974,0.5715,6.6,1.9073300055312925,6.678854341727836,13.357708683455671,13.102698597322604,1.6546091220894474
130,9Iron (relabeled),B,tx_earlier4,radar,13,4,26.5315412707353,22.888999999999974,45.73211619444419,46.20615528850821,3.6425412707353253,-1.4897783273464384,-1.4274382023137515,0.06234012503268693,0.5715,6.6,1.9073300055312925,6.678854341727836,13.357708683455671,13.102698597322604,1.6546091220894474
131,9Iron (relabeled),B,two8,radar,19,6,20.620151204623607,20.895000000000007,49.263726340447214,47.40927947969549,-0.27484879537639983,-1.0391248492302185,-1.0382557139712916,0.0008691352589269563,0.5715,6.6,1.9073300055312925,8.644109543751878,17.288219087503755,17.11365102046774,1.6682298671661466
131,9Iron (relabeled),B,two8_path_tdm,radar,19,6,20.583787564273496,20.895000000000007,49.263726340447214,47.40927947969549,-0.31121243572651025,-1.1095752020352359,-1.1083206909645147,0.0012545110707211649,0.5715,6.6,1.9073300055312925,8.644109543751878,17.288219087503755,17.11365102046774,1.6682298671661466
131,9Iron (relabeled),B,two8_path_tdm_neg,radar,19,6,20.58205159909201,20.895000000000007,49.263726340447214,47.40927947969549,-0.31294840090799525,-0.8766484504140847,-0.8754122070275093,0.001236243386575353,0.5715,6.6,1.9073300055312925,8.644109543751878,17.288219087503755,17.11365102046774,1.6682298671661466
131,9Iron (relabeled),B,four3,radar,19,6,21.162379223841363,20.895000000000007,49.263726340447214,47.40927947969549,0.26737922384135615,-0.9467344817076816,-0.9465084040309256,0.0002260776767559758,0.5715,6.6,1.9073300055312925,8.644109543751878,17.288219087503755,17.11365102046774,1.6682298671661466
131,9Iron (relabeled),B,four3_path_tdm,radar,19,6,21.528158843923528,20.895000000000007,49.263726340447214,47.40927947969549,0.6331588439235212,-1.063753739455976,-1.0615886964222916,0.0021650430336843662,0.5715,6.6,1.9073300055312925,8.644109543751878,17.288219087503755,17.11365102046774,1.6682298671661466
131,9Iron (relabeled),B,four3_path_tdm_neg,radar,19,6,-0.8377909960252218,20.895000000000007,49.263726340447214,47.40927947969549,-21.73279099602523,-0.8279798804316331,-0.7633544351196141,0.06462544531201897,0.5715,6.6,1.9073300055312925,8.644109543751878,17.288219087503755,17.11365102046774,1.6682298671661466
131,9Iron (relabeled),B,four4_path_tdm,radar,19,6,16.741316707693496,20.895000000000007,49.263726340447214,47.40927947969549,-4.153683292306511,-1.1817200671355936,-1.1630001545388786,0.018719912596715016,0.5715,6.6,1.9073300055312925,8.644109543751878,17.288219087503755,17.11365102046774,1.6682298671661466
131,9Iron (relabeled),B,four4_path_tdm_neg,radar,19,6,16.741316707693077,20.895000000000007,49.263726340447214,47.40927947969549,-4.15368329230693,-1.181720067135593,-1.1630001545388773,0.018719912596715682,0.5715,6.6,1.9073300055312925,8.644109543751878,17.288219087503755,17.11365102046774,1.6682298671661466
131,9Iron (relabeled),B,tx_later4,radar,19,6,20.50386732225726,20.895000000000007,49.263726340447214,47.40927947969549,-0.3911326777427462,-1.2484658123061034,-1.2480971186200984,0.00036869368600500607,0.5715,6.6,1.9073300055312925,8.644109543751878,17.288219087503755,17.11365102046774,1.6682298671661466
131,9Iron (relabeled),B,tx_earlier4,radar,19,6,15.806085270941509,20.895000000000007,49.263726340447214,47.40927947969549,-5.088914729058498,-1.2407713818217307,-1.2237198323142582,0.017051549507472563,0.5715,6.6,1.9073300055312925,8.644109543751878,17.288219087503755,17.11365102046774,1.6682298671661466
132,9Iron (relabeled),B,two8,radar,22,7,16.968366018420472,18.08299999999998,41.440539308162045,41.26240080570217,-1.1146339815795088,-1.1921607322333025,-1.1627656669634274,0.02939506526987512,0.5715,6.6,1.9073300055312925,7.918854097573447,15.837708195146893,15.689083949343956,1.7824523861683286
132,9Iron (relabeled),B,two8_path_tdm,radar,22,7,17.00407894850493,18.08299999999998,41.440539308162045,41.26240080570217,-1.0789210514950511,-1.2673458284879093,-1.2385287773599682,0.028817051127941085,0.5715,6.6,1.9073300055312925,7.918854097573447,15.837708195146893,15.689083949343956,1.7824523861683286
132,9Iron (relabeled),B,two8_path_tdm_neg,radar,22,7,16.895803219470384,18.08299999999998,41.440539308162045,41.26240080570217,-1.1871967805295967,-1.0803169488082107,-1.0480134692034644,0.03230347960474633,0.5715,6.6,1.9073300055312925,7.918854097573447,15.837708195146893,15.689083949343956,1.7824523861683286
132,9Iron (relabeled),B,four3,radar,22,7,16.86326754717386,18.08299999999998,41.440539308162045,41.26240080570217,-1.219732452826122,-1.1090301126526578,-1.1039150682651255,0.005115044387532297,0.5715,6.6,1.9073300055312925,7.918854097573447,15.837708195146893,15.689083949343956,1.7824523861683286
132,9Iron (relabeled),B,four3_path_tdm,radar,22,7,17.149327594252888,18.08299999999998,41.440539308162045,41.26240080570217,-0.9336724057470924,-1.1798768182256745,-1.1767549161602067,0.0031219020654678076,0.5715,6.6,1.9073300055312925,7.918854097573447,15.837708195146893,15.689083949343956,1.7824523861683286
132,9Iron (relabeled),B,four3_path_tdm_neg,radar,22,7,-5.0,18.08299999999998,41.440539308162045,41.26240080570217,-23.08299999999998,-1.0532171308708644,-1.0116217444518314,0.04159538641903304,0.5715,6.6,1.9073300055312925,7.918854097573447,15.837708195146893,15.689083949343956,1.7824523861683286
132,9Iron (relabeled),B,four4_path_tdm,radar,22,7,19.07314534659128,18.08299999999998,41.440539308162045,41.26240080570217,0.9901453465912979,-1.1980529544915168,-1.1957325586973881,0.0023203957941286824,0.5715,6.6,1.9073300055312925,7.918854097573447,15.837708195146893,15.689083949343956,1.7824523861683286
132,9Iron (relabeled),B,four4_path_tdm_neg,radar,22,7,19.07314534659119,18.08299999999998,41.440539308162045,41.26240080570217,0.9901453465912091,-1.1980529544915164,-1.1957325586973877,0.0023203957941286824,0.5715,6.6,1.9073300055312925,7.918854097573447,15.837708195146893,15.689083949343956,1.7824523861683286
132,9Iron (relabeled),B,tx_later4,radar,22,7,13.466144111197234,18.08299999999998,41.440539308162045,41.26240080570217,-4.616855888802746,-1.2367030304055362,-1.217769182095838,0.01893384830969813,0.5715,6.6,1.9073300055312925,7.918854097573447,15.837708195146893,15.689083949343956,1.7824523861683286
132,9Iron (relabeled),B,tx_earlier4,radar,22,7,20.217967835742666,18.08299999999998,41.440539308162045,41.26240080570217,2.1349678357426853,-0.9822564744111851,-0.972291246158778,0.009965228252407088,0.5715,6.6,1.9073300055312925,7.918854097573447,15.837708195146893,15.689083949343956,1.7824523861683286
133,9Iron,B,two8,radar,14,6,19.86036115887084,21.477999999999987,47.47556930449632,47.012995679586254,-1.6176388411291462,-1.2926883990781837,-1.2390371724219533,0.053651226656230344,0.5715,6.6,1.9073300055312925,6.369203180156779,12.738406360313558,12.494969327204814,1.6879281203481342
133,9Iron,B,two8_path_tdm,radar,14,6,19.908290707439715,21.477999999999987,47.47556930449632,47.012995679586254,-1.5697092925602725,-1.284315803116201,-1.2328366664861636,0.05147913663003734,0.5715,6.6,1.9073300055312925,6.369203180156779,12.738406360313558,12.494969327204814,1.6879281203481342
133,9Iron,B,two8_path_tdm_neg,radar,14,6,19.74813563765581,21.477999999999987,47.47556930449632,47.012995679586254,-1.729864362344177,-1.2907708387700194,-1.2307360148588633,0.06003482391115611,0.5715,6.6,1.9073300055312925,6.369203180156779,12.738406360313558,12.494969327204814,1.6879281203481342
133,9Iron,B,four3,radar,14,6,18.24475456635932,21.477999999999987,47.47556930449632,47.012995679586254,-3.2332454336406684,-1.1685264706024021,-1.0874297837241993,0.08109668687820282,0.5715,6.6,1.9073300055312925,6.369203180156779,12.738406360313558,12.494969327204814,1.6879281203481342
133,9Iron,B,four3_path_tdm,radar,14,6,18.31484564139497,21.477999999999987,47.47556930449632,47.012995679586254,-3.1631543586050164,-1.1551167104471298,-1.0762491271291221,0.0788675833180077,0.5715,6.6,1.9073300055312925,6.369203180156779,12.738406360313558,12.494969327204814,1.6879281203481342
133,9Iron,B,four3_path_tdm_neg,radar,14,6,18.082279581592697,21.477999999999987,47.47556930449632,47.012995679586254,-3.39572041840729,-1.1929016647861026,-1.1049633314922425,0.08793833329386014,0.5715,6.6,1.9073300055312925,6.369203180156779,12.738406360313558,12.494969327204814,1.6879281203481342
133,9Iron,B,four4_path_tdm,radar,14,6,19.986609646458692,21.477999999999987,47.47556930449632,47.012995679586254,-1.491390353541295,-1.3252009160116638,-1.314963664733396,0.0102372512782678,0.5715,6.6,1.9073300055312925,6.369203180156779,12.738406360313558,12.494969327204814,1.6879281203481342
133,9Iron,B,four4_path_tdm_neg,radar,14,6,19.98660964645871,21.477999999999987,47.47556930449632,47.012995679586254,-1.4913903535412771,-1.325200916011662,-1.3149636647333949,0.010237251278267134,0.5715,6.6,1.9073300055312925,6.369203180156779,12.738406360313558,12.494969327204814,1.6879281203481342
133,9Iron,B,tx_later4,radar,14,6,20.935393725862642,21.477999999999987,47.47556930449632,47.012995679586254,-0.542606274137345,-1.3535858319339198,-1.3520017388055559,0.0015840931283639392,0.5715,6.6,1.9073300055312925,6.369203180156779,12.738406360313558,12.494969327204814,1.6879281203481342
133,9Iron,B,tx_earlier4,radar,14,6,18.525045216322624,21.477999999999987,47.47556930449632,47.012995679586254,-2.952954783677363,-1.2939118325820926,-1.263903845821906,0.030007986760186567,0.5715,6.6,1.9073300055312925,6.369203180156779,12.738406360313558,12.494969327204814,1.6879281203481342
134,9Iron,B,two8,radar,16,5,12.10701634211342,15.599999999999998,48.32494389657299,41.964153774828745,-3.492983657886578,-0.6313054711399981,-0.5165160871485364,0.11478938399146177,0.5715,6.6,1.9073300055312925,4.592198265479819,9.184396530959638,8.993174268791424,1.8432049410935831
134,9Iron,B,two8_path_tdm,radar,16,5,11.985715802682076,15.599999999999998,48.32494389657299,41.964153774828745,-3.6142841973179216,-0.6189342152862053,-0.4873004038201099,0.13163381146609537,0.5715,6.6,1.9073300055312925,4.592198265479819,9.184396530959638,8.993174268791424,1.8432049410935831
134,9Iron,B,two8_path_tdm_neg,radar,16,5,12.237628572536634,15.599999999999998,48.32494389657299,41.964153774828745,-3.362371427463364,-0.6307974182826562,-0.5308133204245971,0.09998409785805917,0.5715,6.6,1.9073300055312925,4.592198265479819,9.184396530959638,8.993174268791424,1.8432049410935831
134,9Iron,B,four3,radar,16,5,9.866579696344164,15.599999999999998,48.32494389657299,41.964153774828745,-5.7334203036558335,-0.4989592358592386,-0.4527385990690532,0.0462206367901854,0.5715,6.6,1.9073300055312925,4.592198265479819,9.184396530959638,8.993174268791424,1.8432049410935831
134,9Iron,B,four3_path_tdm,radar,16,5,10.205667060034125,15.599999999999998,48.32494389657299,41.964153774828745,-5.394332939965873,-0.5215092097642156,-0.4781746944322041,0.043334515332011436,0.5715,6.6,1.9073300055312925,4.592198265479819,9.184396530959638,8.993174268791424,1.8432049410935831
134,9Iron,B,four3_path_tdm_neg,radar,16,5,0.178444180390791,15.599999999999998,48.32494389657299,41.964153774828745,-15.421555819609207,-0.4879409868176938,-0.39817136632153505,0.08976962049615878,0.5715,6.6,1.9073300055312925,4.592198265479819,9.184396530959638,8.993174268791424,1.8432049410935831
134,9Iron,B,four4_path_tdm,radar,16,5,14.697764947728814,15.599999999999998,48.32494389657299,41.964153774828745,-0.902235052271184,-0.22841807838297443,-0.2272028554171565,0.0012152229658179137,0.5715,6.6,1.9073300055312925,4.592198265479819,9.184396530959638,8.993174268791424,1.8432049410935831
134,9Iron,B,four4_path_tdm_neg,radar,16,5,14.697764947726558,15.599999999999998,48.32494389657299,41.964153774828745,-0.9022350522734399,-0.2284180783829819,-0.22720285541715518,0.0012152229658267122,0.5715,6.6,1.9073300055312925,4.592198265479819,9.184396530959638,8.993174268791424,1.8432049410935831
134,9Iron,B,tx_later4,radar,16,5,17.464211241542216,15.599999999999998,48.32494389657299,41.964153774828745,1.8642112415422183,-0.49797723748927175,-0.4796128975181523,0.01836433997111947,0.5715,6.6,1.9073300055312925,4.592198265479819,9.184396530959638,8.993174268791424,1.8432049410935831
134,9Iron,B,tx_earlier4,radar,16,5,12.023428972841904,15.599999999999998,48.32494389657299,41.964153774828745,-3.576571027158094,-0.09627287983865829,-0.08856088185821509,0.007711997980443197,0.5715,6.6,1.9073300055312925,4.592198265479819,9.184396530959638,8.993174268791424,1.8432049410935831
137,9Iron,B,two8,radar,29,8,14.812496747044761,18.307,50.06839700662512,46.118199438797674,-3.494503252955237,-1.278925660181705,-1.1264626935225517,0.15246296665915327,0.5715,6.6,1.9073300055312925,7.374838450903987,14.749676901807973,14.57263870236687,1.767360709517417
137,9Iron,B,two8_path_tdm,radar,29,8,14.884658539615874,18.307,50.06839700662512,46.118199438797674,-3.422341460384125,-1.277577326719138,-1.1235523390564377,0.15402498766270023,0.5715,6.6,1.9073300055312925,7.374838450903987,14.749676901807973,14.57263870236687,1.767360709517417
137,9Iron,B,two8_path_tdm_neg,radar,29,8,14.957224540742375,18.307,50.06839700662512,46.118199438797674,-3.349775459257623,-1.2880542697304334,-1.1468949350335842,0.14115933469684916,0.5715,6.6,1.9073300055312925,7.374838450903987,14.749676901807973,14.57263870236687,1.767360709517417
137,9Iron,B,four3,radar,29,8,17.85241082517891,18.307,50.06839700662512,46.118199438797674,-0.45458917482108774,-1.2580700629681596,-1.2573248611096102,0.0007452018585494269,0.5715,6.6,1.9073300055312925,7.374838450903987,14.749676901807973,14.57263870236687,1.767360709517417
137,9Iron,B,four3_path_tdm,radar,29,8,17.81896496939404,18.307,50.06839700662512,46.118199438797674,-0.4880350306059569,-1.281285277819452,-1.280470151902505,0.0008151259169468794,0.5715,6.6,1.9073300055312925,7.374838450903987,14.749676901807973,14.57263870236687,1.767360709517417
137,9Iron,B,four3_path_tdm_neg,radar,29,8,17.96459422382488,18.307,50.06839700662512,46.118199438797674,-0.34240577617512,-1.2672179569977453,-1.266714266150685,0.0005036908470603674,0.5715,6.6,1.9073300055312925,7.374838450903987,14.749676901807973,14.57263870236687,1.767360709517417
137,9Iron,B,four4_path_tdm,radar,29,8,19.715007780687994,18.307,50.06839700662512,46.118199438797674,1.4080077806879956,-1.1620360142651285,-1.1523361076679444,0.009699906597184116,0.5715,6.6,1.9073300055312925,7.374838450903987,14.749676901807973,14.57263870236687,1.767360709517417
137,9Iron,B,four4_path_tdm_neg,radar,29,8,19.715007780687724,18.307,50.06839700662512,46.118199438797674,1.4080077806877256,-1.16203601426513,-1.1523361076679448,0.009699906597185226,0.5715,6.6,1.9073300055312925,7.374838450903987,14.749676901807973,14.57263870236687,1.767360709517417
137,9Iron,B,tx_later4,radar,29,8,16.3612434142131,18.307,50.06839700662512,46.118199438797674,-1.9457565857868993,-1.165469876458571,-1.1560252978557382,0.009444578602832765,0.5715,6.6,1.9073300055312925,7.374838450903987,14.749676901807973,14.57263870236687,1.767360709517417
137,9Iron,B,tx_earlier4,radar,29,8,21.177108973256384,18.307,50.06839700662512,46.118199438797674,2.870108973256386,-1.1893749007564676,-1.1419061396236507,0.04746876113281684,0.5715,6.6,1.9073300055312925,7.374838450903987,14.749676901807973,14.57263870236687,1.767360709517417
142,9Iron,C,two8,radar,13,5,12.48884157439432,15.446,45.553300490849104,40.81541755378828,-2.95715842560568,-0.930090544705607,-0.8841147513323513,0.04597579337325575,0.2667,3.8,1.9065694611002244,3.4853184822120076,6.970636964424015,14.973932039641639,1.2687066380845444
142,9Iron,C,two8_path_tdm,radar,13,5,12.568658274533673,15.446,45.553300490849104,40.81541755378828,-2.8773417254663265,-0.9445049706324978,-0.8998210343467872,0.04468393628571066,0.2667,3.8,1.9065694611002244,3.4853184822120076,6.970636964424015,14.973932039641639,1.2687066380845444
142,9Iron,C,two8_path_tdm_neg,radar,13,5,12.412199164303614,15.446,45.553300490849104,40.81541755378828,-3.033800835696386,-0.9154439365337884,-0.8683130529059465,0.0471308836278419,0.2667,3.8,1.9065694611002244,3.4853184822120076,6.970636964424015,14.973932039641639,1.2687066380845444
142,9Iron,C,four3,radar,13,5,20.999981713637535,15.446,45.553300490849104,40.81541755378828,5.553981713637535,-1.3283215694590824,-1.2021434080849045,0.12617816137417792,0.2667,3.8,1.9065694611002244,3.4853184822120076,6.970636964424015,14.973932039641639,1.2687066380845444
142,9Iron,C,four3_path_tdm,radar,13,5,20.914885806531736,15.446,45.553300490849104,40.81541755378828,5.468885806531736,-1.3362942234278425,-1.2098830521669406,0.12641117126090196,0.2667,3.8,1.9065694611002244,3.4853184822120076,6.970636964424015,14.973932039641639,1.2687066380845444
142,9Iron,C,four3_path_tdm_neg,radar,13,5,21.069055178198973,15.446,45.553300490849104,40.81541755378828,5.623055178198973,-1.319185933531821,-1.1930510747908483,0.12613485874097274,0.2667,3.8,1.9065694611002244,3.4853184822120076,6.970636964424015,14.973932039641639,1.2687066380845444
142,9Iron,C,four4_path_tdm,radar,13,5,20.04382179156786,15.446,45.553300490849104,40.81541755378828,4.597821791567862,-1.429410185065096,-1.3298186405281025,0.09959154453699348,0.2667,3.8,1.9065694611002244,3.4853184822120076,6.970636964424015,14.973932039641639,1.2687066380845444
142,9Iron,C,four4_path_tdm_neg,radar,13,5,20.043821791567833,15.446,45.553300490849104,40.81541755378828,4.597821791567833,-1.429410185065096,-1.3298186405281023,0.0995915445369937,0.2667,3.8,1.9065694611002244,3.4853184822120076,6.970636964424015,14.973932039641639,1.2687066380845444
142,9Iron,C,tx_later4,radar,13,5,21.954754569231984,15.446,45.553300490849104,40.81541755378828,6.508754569231984,-1.4423665937071617,-1.1941165647632426,0.24825002894391912,0.2667,3.8,1.9065694611002244,3.4853184822120076,6.970636964424015,14.973932039641639,1.2687066380845444
142,9Iron,C,tx_earlier4,radar,13,5,14.95784055141478,15.446,45.553300490849104,40.81541755378828,-0.4881594485852201,-1.5717817005437384,-1.5692940494559122,0.002487651087826226,0.2667,3.8,1.9065694611002244,3.4853184822120076,6.970636964424015,14.973932039641639,1.2687066380845444
144,9Iron,C,two8,radar,24,7,18.445610239101438,21.873,47.20734574910368,44.14002359194853,-3.4273897608985635,-1.6180030843269475,-1.4479778803795218,0.1700252039474257,0.2667,3.8,1.9065694611002244,3.885020585328469,7.770041170656938,16.683835684357405,1.1084568950445928
144,9Iron,C,two8_path_tdm,radar,24,7,18.439550041719947,21.873,47.20734574910368,44.14002359194853,-3.433449958280054,-1.6053797159569103,-1.4326645522240915,0.1727151637328188,0.2667,3.8,1.9065694611002244,3.885020585328469,7.770041170656938,16.683835684357405,1.1084568950445928
144,9Iron,C,two8_path_tdm_neg,radar,24,7,18.40479389847256,21.873,47.20734574910368,44.14002359194853,-3.468206101527443,-1.6252737379283109,-1.458450012102648,0.16682372582566285,0.2667,3.8,1.9065694611002244,3.885020585328469,7.770041170656938,16.683835684357405,1.1084568950445928
144,9Iron,C,four3,radar,24,7,18.898636497868765,21.873,47.20734574910368,44.14002359194853,-2.9743635021312365,-1.5950843095086016,-1.5564914137060513,0.03859289580255032,0.2667,3.8,1.9065694611002244,3.885020585328469,7.770041170656938,16.683835684357405,1.1084568950445928
144,9Iron,C,four3_path_tdm,radar,24,7,18.880701673728403,21.873,47.20734574910368,44.14002359194853,-2.992298326271598,-1.5873599653910861,-1.546512553041773,0.04084741234931322,0.2667,3.8,1.9065694611002244,3.885020585328469,7.770041170656938,16.683835684357405,1.1084568950445928
144,9Iron,C,four3_path_tdm_neg,radar,24,7,18.97158124304435,21.873,47.20734574910368,44.14002359194853,-2.9014187569556498,-1.6014280965884844,-1.5646730926142152,0.03675500397426923,0.2667,3.8,1.9065694611002244,3.885020585328469,7.770041170656938,16.683835684357405,1.1084568950445928
144,9Iron,C,four4_path_tdm,radar,24,7,19.19810305853078,21.873,47.20734574910368,44.14002359194853,-2.674896941469221,-1.5897306463631833,-1.5708280662719827,0.018902580091200605,0.2667,3.8,1.9065694611002244,3.885020585328469,7.770041170656938,16.683835684357405,1.1084568950445928
144,9Iron,C,four4_path_tdm_neg,radar,24,7,19.198103058530894,21.873,47.20734574910368,44.14002359194853,-2.6748969414691075,-1.5897306463631824,-1.570828066271982,0.018902580091200383,0.2667,3.8,1.9065694611002244,3.885020585328469,7.770041170656938,16.683835684357405,1.1084568950445928
144,9Iron,C,tx_later4,radar,24,7,21.166957491292717,21.873,47.20734574910368,44.14002359194853,-0.7060425087072844,-1.8588648593250068,-1.8530961221869693,0.005768737138037494,0.2667,3.8,1.9065694611002244,3.885020585328469,7.770041170656938,16.683835684357405,1.1084568950445928
144,9Iron,C,tx_earlier4,radar,24,7,10.56606356281432,21.873,47.20734574910368,44.14002359194853,-11.306936437185682,-1.3947190596149388,-1.2733627512246948,0.12135630839024403,0.2667,3.8,1.9065694611002244,3.885020585328469,7.770041170656938,16.683835684357405,1.1084568950445928
145,9Iron,C,two8,radar,22,6,17.096967543721366,21.694999999999986,48.727279229661946,46.43059895072574,-4.59803245627862,-1.4429813207832642,-1.2590069875724945,0.18397433321076972,0.2667,3.8,1.9065694611002244,3.658020269171658,7.316040538343316,15.697404809792104,1.1358249626659433
145,9Iron,C,two8_path_tdm,radar,22,6,17.050952837127205,21.694999999999986,48.727279229661946,46.43059895072574,-4.644047162872781,-1.4326695582132094,-1.2453387138570224,0.18733084435618697,0.2667,3.8,1.9065694611002244,3.658020269171658,7.316040538343316,15.697404809792104,1.1358249626659433
145,9Iron,C,two8_path_tdm_neg,radar,22,6,17.113405820558384,21.694999999999986,48.727279229661946,46.43059895072574,-4.581594179441602,-1.4434766860287056,-1.2595731896164752,0.18390349641223036,0.2667,3.8,1.9065694611002244,3.658020269171658,7.316040538343316,15.697404809792104,1.1358249626659433
145,9Iron,C,four3,radar,22,6,16.03858868910166,21.694999999999986,48.727279229661946,46.43059895072574,-5.656411310898328,-1.471072008601144,-1.371559109019901,0.09951289958124288,0.2667,3.8,1.9065694611002244,3.658020269171658,7.316040538343316,15.697404809792104,1.1358249626659433
145,9Iron,C,four3_path_tdm,radar,22,6,16.10113526329411,21.694999999999986,48.727279229661946,46.43059895072574,-5.593864736705875,-1.4798661470309398,-1.3764693114666235,0.10339683556431623,0.2667,3.8,1.9065694611002244,3.658020269171658,7.316040538343316,15.697404809792104,1.1358249626659433
145,9Iron,C,four3_path_tdm_neg,radar,22,6,16.13682659861578,21.694999999999986,48.727279229661946,46.43059895072574,-5.558173401384206,-1.4565837744332917,-1.3650055719442038,0.09157820248908788,0.2667,3.8,1.9065694611002244,3.658020269171658,7.316040538343316,15.697404809792104,1.1358249626659433
145,9Iron,C,four4_path_tdm,radar,22,6,20.039669260647155,21.694999999999986,48.727279229661946,46.43059895072574,-1.6553307393528307,-1.373128186828364,-1.354990653736422,0.018137533091941993,0.2667,3.8,1.9065694611002244,3.658020269171658,7.316040538343316,15.697404809792104,1.1358249626659433
145,9Iron,C,four4_path_tdm_neg,radar,22,6,20.039669260647205,21.694999999999986,48.727279229661946,46.43059895072574,-1.655330739352781,-1.3731281868283631,-1.3549906537364222,0.018137533091940883,0.2667,3.8,1.9065694611002244,3.658020269171658,7.316040538343316,15.697404809792104,1.1358249626659433
145,9Iron,C,tx_later4,radar,22,6,20.970732828461575,21.694999999999986,48.727279229661946,46.43059895072574,-0.7242671715384112,-1.6084840279386725,-1.6012158871911633,0.007268140747509255,0.2667,3.8,1.9065694611002244,3.658020269171658,7.316040538343316,15.697404809792104,1.1358249626659433
145,9Iron,C,tx_earlier4,radar,22,6,19.87033369755375,21.694999999999986,48.727279229661946,46.43059895072574,-1.8246663024462357,-1.0655065318587738,-1.0570136607837783,0.008492871074995412,0.2667,3.8,1.9065694611002244,3.658020269171658,7.316040538343316,15.697404809792104,1.1358249626659433
146,9Iron,C,two8,radar,28,7,-1.4041526872917964,6.429999999999999,41.88757856714977,41.17516113785682,-7.8341526872917955,-1.6225068585224367,-1.5369694517417467,0.08553740678069,0.2667,3.8,1.9065694611002244,1.3950984566546865,2.790196913309373,5.9732465797321,1.87777919289151
146,9Iron,C,two8_path_tdm,radar,28,7,-1.5976078149474195,6.429999999999999,41.88757856714977,41.17516113785682,-8.027607814947418,-1.631682161063958,-1.5369265887799421,0.09475557228401588,0.2667,3.8,1.9065694611002244,1.3950984566546865,2.790196913309373,5.9732465797321,1.87777919289151
146,9Iron,C,two8_path_tdm_neg,radar,28,7,-3.077296164569458,6.429999999999999,41.88757856714977,41.17516113785682,-9.507296164569457,-1.7286319377875934,-1.5361981843718735,0.1924337534157199,0.2667,3.8,1.9065694611002244,1.3950984566546865,2.790196913309373,5.9732465797321,1.87777919289151
146,9Iron,C,four3,radar,28,7,-5.0,6.429999999999999,41.88757856714977,41.17516113785682,-11.43,-1.461296994173873,-1.4497166052552257,0.011580388918647211,0.2667,3.8,1.9065694611002244,1.3950984566546865,2.790196913309373,5.9732465797321,1.87777919289151
146,9Iron,C,four3_path_tdm,radar,28,7,0.045082835088791004,6.429999999999999,41.88757856714977,41.17516113785682,-6.384917164911208,-1.461181789165826,-1.4468021437960719,0.014379645369754224,0.2667,3.8,1.9065694611002244,1.3950984566546865,2.790196913309373,5.9732465797321,1.87777919289151
146,9Iron,C,four3_path_tdm_neg,radar,28,7,-3.1269928358260852,6.429999999999999,41.88757856714977,41.17516113785682,-9.556992835826083,-1.548799747766815,-1.4517832974030307,0.09701645036378426,0.2667,3.8,1.9065694611002244,1.3950984566546865,2.790196913309373,5.9732465797321,1.87777919289151
146,9Iron,C,four4_path_tdm,radar,28,7,13.942397608170625,6.429999999999999,41.88757856714977,41.17516113785682,7.512397608170626,-1.3266349579766463,-1.2903986103831018,0.03623634759354455,0.2667,3.8,1.9065694611002244,1.3950984566546865,2.790196913309373,5.9732465797321,1.87777919289151
146,9Iron,C,four4_path_tdm_neg,radar,28,7,13.942397608170424,6.429999999999999,41.88757856714977,41.17516113785682,7.512397608170425,-1.326634957976646,-1.2903986103831036,0.03623634759354255,0.2667,3.8,1.9065694611002244,1.3950984566546865,2.790196913309373,5.9732465797321,1.87777919289151
146,9Iron,C,tx_later4,radar,28,7,11.888567661804247,6.429999999999999,41.88757856714977,41.17516113785682,5.458567661804248,-1.383083945161401,-1.3586950880850013,0.024388857076399706,0.2667,3.8,1.9065694611002244,1.3950984566546865,2.790196913309373,5.9732465797321,1.87777919289151
146,9Iron,C,tx_earlier4,radar,28,7,15.673046033228372,6.429999999999999,41.88757856714977,41.17516113785682,9.243046033228374,-1.3261890537738155,-1.319555079447461,0.006633974326354375,0.2667,3.8,1.9065694611002244,1.3950984566546865,2.790196913309373,5.9732465797321,1.87777919289151
147,9Iron,C,two8,radar,17,6,19.025892592908285,23.108,48.012016415281586,43.677943081386545,-4.082107407091716,-1.0013509798748872,-0.7919003984179604,0.20945058145692674,0.2667,3.8,1.9065694611002244,3.675342541465998,7.350685082931996,15.767970285182447,1.1186288371207325
147,9Iron,C,two8_path_tdm,radar,17,6,18.98893635989419,23.108,48.012016415281586,43.677943081386545,-4.119063640105811,-0.9964185597043826,-0.784519445877991,0.2118991138263916,0.2667,3.8,1.9065694611002244,3.675342541465998,7.350685082931996,15.767970285182447,1.1186288371207325
147,9Iron,C,two8_path_tdm_neg,radar,17,6,19.087593615016342,23.108,48.012016415281586,43.677943081386545,-4.020406384983659,-1.0032713960975486,-0.8002638405762467,0.2030075555213019,0.2667,3.8,1.9065694611002244,3.675342541465998,7.350685082931996,15.767970285182447,1.1186288371207325
147,9Iron,C,four3,radar,17,6,22.585080202187303,23.108,48.012016415281586,43.677943081386545,-0.5229197978126976,-0.8948770298047729,-0.8921961359531422,0.002680893851630728,0.2667,3.8,1.9065694611002244,3.675342541465998,7.350685082931996,15.767970285182447,1.1186288371207325
147,9Iron,C,four3_path_tdm,radar,17,6,22.328538108809575,23.108,48.012016415281586,43.677943081386545,-0.7794618911904259,-0.9137625696908823,-0.9093786731899437,0.004383896500938622,0.2667,3.8,1.9065694611002244,3.675342541465998,7.350685082931996,15.767970285182447,1.1186288371207325
147,9Iron,C,four3_path_tdm_neg,radar,17,6,22.77925632206271,23.108,48.012016415281586,43.677943081386545,-0.32874367793728965,-0.8663023410647616,-0.8659419007173564,0.0003604403474051221,0.2667,3.8,1.9065694611002244,3.675342541465998,7.350685082931996,15.767970285182447,1.1186288371207325
147,9Iron,C,four4_path_tdm,radar,17,6,24.62353857763655,23.108,48.012016415281586,43.677943081386545,1.5155385776365478,-0.6841085003785827,-0.6768066568753053,0.00730184350327745,0.2667,3.8,1.9065694611002244,3.675342541465998,7.350685082931996,15.767970285182447,1.1186288371207325
147,9Iron,C,four4_path_tdm_neg,radar,17,6,24.623538577636452,23.108,48.012016415281586,43.677943081386545,1.5155385776364518,-0.6841085003785837,-0.6768066568753074,0.00730184350327634,0.2667,3.8,1.9065694611002244,3.675342541465998,7.350685082931996,15.767970285182447,1.1186288371207325
147,9Iron,C,tx_later4,radar,17,6,23.41998449902885,23.108,48.012016415281586,43.677943081386545,0.31198449902884917,-0.5851914725313869,-0.5849401182211543,0.0002513543102325988,0.2667,3.8,1.9065694611002244,3.675342541465998,7.350685082931996,15.767970285182447,1.1186288371207325
147,9Iron,C,tx_earlier4,radar,17,6,24.892566770398016,23.108,48.012016415281586,43.677943081386545,1.7845667703980155,-0.7363400336363398,-0.722716898431576,0.01362313520476377,0.2667,3.8,1.9065694611002244,3.675342541465998,7.350685082931996,15.767970285182447,1.1186288371207325
149,9Iron,C,two8,radar,18,5,22.042651042951338,23.08599999999999,50.560140191511614,48.528103736906644,-1.0433489570486536,-1.247644346647735,-1.2281787874045622,0.019465559243172725,0.2667,3.8,1.9065694611002244,3.9106447558295954,7.821289511659191,16.789854936272548,1.091494468289352
149,9Iron,C,two8_path_tdm,radar,18,5,22.048810582514747,23.08599999999999,50.560140191511614,48.528103736906644,-1.0371894174852443,-1.255432325064632,-1.2354396279345814,0.019992697130050585,0.2667,3.8,1.9065694611002244,3.9106447558295954,7.821289511659191,16.789854936272548,1.091494468289352
149,9Iron,C,two8_path_tdm_neg,radar,18,5,22.065634323451526,23.08599999999999,50.560140191511614,48.528103736906644,-1.0203656765484652,-1.2397074531944008,-1.2211461565379977,0.018561296656403048,0.2667,3.8,1.9065694611002244,3.9106447558295954,7.821289511659191,16.789854936272548,1.091494468289352
149,9Iron,C,four3,radar,18,5,24.21297973603335,23.08599999999999,50.560140191511614,48.528103736906644,1.126979736033359,-1.0061575140970127,-0.9981088878609814,0.008048626236031309,0.2667,3.8,1.9065694611002244,3.9106447558295954,7.821289511659191,16.789854936272548,1.091494468289352
149,9Iron,C,four3_path_tdm,radar,18,5,24.118335524730114,23.08599999999999,50.560140191511614,48.528103736906644,1.0323355247301222,-1.0236560848545397,-1.0170243306576219,0.006631754196917861,0.2667,3.8,1.9065694611002244,3.9106447558295954,7.821289511659191,16.789854936272548,1.091494468289352
149,9Iron,C,four3_path_tdm_neg,radar,18,5,24.39098486343238,23.08599999999999,50.560140191511614,48.528103736906644,1.304984863432388,-0.9812692934951229,-0.9703562238379501,0.01091306965717287,0.2667,3.8,1.9065694611002244,3.9106447558295954,7.821289511659191,16.789854936272548,1.091494468289352
149,9Iron,C,four4_path_tdm,radar,18,5,24.904291524666885,23.08599999999999,50.560140191511614,48.528103736906644,1.8182915246668934,-0.946397434662598,-0.9290919014499164,0.01730553321268158,0.2667,3.8,1.9065694611002244,3.9106447558295954,7.821289511659191,16.789854936272548,1.091494468289352
149,9Iron,C,four4_path_tdm_neg,radar,18,5,24.9042915246669,23.08599999999999,50.560140191511614,48.528103736906644,1.8182915246669076,-0.9463974346625985,-0.9290919014499162,0.017305533212682356,0.2667,3.8,1.9065694611002244,3.9106447558295954,7.821289511659191,16.789854936272548,1.091494468289352
149,9Iron,C,tx_later4,radar,18,5,28.386412612309,23.08599999999999,50.560140191511614,48.528103736906644,5.30041261230901,-1.1450502258343216,-1.1026492536904602,0.042400972143861404,0.2667,3.8,1.9065694611002244,3.9106447558295954,7.821289511659191,16.789854936272548,1.091494468289352
149,9Iron,C,tx_earlier4,radar,18,5,26.1453170728872,23.08599999999999,50.560140191511614,48.528103736906644,3.0593170728872074,-0.8264861001225849,-0.8106872502534582,0.01579884986912672,0.2667,3.8,1.9065694611002244,3.9106447558295954,7.821289511659191,16.789854936272548,1.091494468289352
151,9Iron,C,two8,radar,24,7,14.91905939549473,19.529000000000003,46.0450436757356,42.896186746426594,-4.609940604505274,-1.4460869197941784,-1.2638835972405682,0.18220332255361016,0.2667,3.8,1.9065694611002244,3.47170393579157,6.94340787158314,14.897427233347493,1.1866665438037967
151,9Iron,C,two8_path_tdm,radar,24,7,14.940583549598108,19.529000000000003,46.0450436757356,42.896186746426594,-4.588416450401896,-1.44516561103443,-1.2612147283964705,0.18395088263795945,0.2667,3.8,1.9065694611002244,3.47170393579157,6.94340787158314,14.897427233347493,1.1866665438037967
151,9Iron,C,two8_path_tdm_neg,radar,24,7,14.836248079816492,19.529000000000003,46.0450436757356,42.896186746426594,-4.692751920183511,-1.4446430125704628,-1.2589278777751147,0.18571513479534807,0.2667,3.8,1.9065694611002244,3.47170393579157,6.94340787158314,14.897427233347493,1.1866665438037967
151,9Iron,C,four3,radar,24,7,13.702787413436791,19.529000000000003,46.0450436757356,42.896186746426594,-5.826212586563212,-1.4045751873774566,-1.296426107826784,0.10814907955067254,0.2667,3.8,1.9065694611002244,3.47170393579157,6.94340787158314,14.897427233347493,1.1866665438037967
151,9Iron,C,four3_path_tdm,radar,24,7,13.625531039407143,19.529000000000003,46.0450436757356,42.896186746426594,-5.9034689605928605,-1.39638916920971,-1.287648684526532,0.10874048468317787,0.2667,3.8,1.9065694611002244,3.47170393579157,6.94340787158314,14.897427233347493,1.1866665438037967
151,9Iron,C,four3_path_tdm_neg,radar,24,7,13.835025951131353,19.529000000000003,46.0450436757356,42.896186746426594,-5.69397404886865,-1.4110070143371505,-1.302972155891212,0.10803485844593852,0.2667,3.8,1.9065694611002244,3.47170393579157,6.94340787158314,14.897427233347493,1.1866665438037967
151,9Iron,C,four4_path_tdm,radar,24,7,14.743145835288065,19.529000000000003,46.0450436757356,42.896186746426594,-4.785854164711939,-1.3057355735265028,-1.2873984132794747,0.01833716024702814,0.2667,3.8,1.9065694611002244,3.47170393579157,6.94340787158314,14.897427233347493,1.1866665438037967
151,9Iron,C,four4_path_tdm_neg,radar,24,7,14.743145835286839,19.529000000000003,46.0450436757356,42.896186746426594,-4.7858541647131645,-1.3057355735265053,-1.2873984132794736,0.018337160247031692,0.2667,3.8,1.9065694611002244,3.47170393579157,6.94340787158314,14.897427233347493,1.1866665438037967
151,9Iron,C,tx_later4,radar,24,7,26.08822162329496,19.529000000000003,46.0450436757356,42.896186746426594,6.559221623294956,-1.6103603753316058,-1.507284594663627,0.10307578066797873,0.2667,3.8,1.9065694611002244,3.47170393579157,6.94340787158314,14.897427233347493,1.1866665438037967
151,9Iron,C,tx_earlier4,radar,24,7,9.996226110694673,19.529000000000003,46.0450436757356,42.896186746426594,-9.53277388930533,-1.2178365335489867,-1.1004793121023075,0.11735722144667915,0.2667,3.8,1.9065694611002244,3.47170393579157,6.94340787158314,14.897427233347493,1.1866665438037967
152,7Iron,C,two8,radar,19,6,16.03438386270571,16.805000000000007,52.30359330156374,51.3390514463998,-0.7706161372942972,-1.3940964902824977,-1.3863225037123605,0.00777398657013717,0.2667,3.8,1.9065694611002244,3.022956024745782,6.045912049491564,12.961818811490733,1.2849602809781473
152,7Iron,C,two8_path_tdm,radar,19,6,15.964350814153244,16.805000000000007,52.30359330156374,51.3390514463998,-0.8406491858467628,-1.3821911526178798,-1.3724829519818116,0.009708200636068254,0.2667,3.8,1.9065694611002244,3.022956024745782,6.045912049491564,12.961818811490733,1.2849602809781473
152,7Iron,C,two8_path_tdm_neg,radar,19,6,16.13007714257287,16.805000000000007,52.30359330156374,51.3390514463998,-0.6749228574271378,-1.4122830105333721,-1.4067753941056453,0.005507616427726791,0.2667,3.8,1.9065694611002244,3.022956024745782,6.045912049491564,12.961818811490733,1.2849602809781473
152,7Iron,C,four3,radar,19,6,13.690441512533827,16.805000000000007,52.30359330156374,51.3390514463998,-3.11455848746618,-1.3279907904232797,-1.3025195191812775,0.025471271242002214,0.2667,3.8,1.9065694611002244,3.022956024745782,6.045912049491564,12.961818811490733,1.2849602809781473
152,7Iron,C,four3_path_tdm,radar,19,6,14.041644235542174,16.805000000000007,52.30359330156374,51.3390514463998,-2.763355764457833,-1.3164947947397911,-1.2912112545797076,0.025283540160083495,0.2667,3.8,1.9065694611002244,3.022956024745782,6.045912049491564,12.961818811490733,1.2849602809781473
152,7Iron,C,four3_path_tdm_neg,radar,19,6,13.772667535479043,16.805000000000007,52.30359330156374,51.3390514463998,-3.032332464520964,-1.3456869807283385,-1.3220297917533066,0.023657188975031884,0.2667,3.8,1.9065694611002244,3.022956024745782,6.045912049491564,12.961818811490733,1.2849602809781473
152,7Iron,C,four4_path_tdm,radar,19,6,12.433161033394962,16.805000000000007,52.30359330156374,51.3390514463998,-4.371838966605045,-1.327555949646927,-1.29655563254853,0.031000317098397012,0.2667,3.8,1.9065694611002244,3.022956024745782,6.045912049491564,12.961818811490733,1.2849602809781473
152,7Iron,C,four4_path_tdm_neg,radar,19,6,12.433161033394871,16.805000000000007,52.30359330156374,51.3390514463998,-4.371838966605136,-1.3275559496469247,-1.2965556325485303,0.031000317098394348,0.2667,3.8,1.9065694611002244,3.022956024745782,6.045912049491564,12.961818811490733,1.2849602809781473
152,7Iron,C,tx_later4,radar,19,6,14.240126449122029,16.805000000000007,52.30359330156374,51.3390514463998,-2.5648735508779783,-1.372238684948161,-1.366768186051253,0.005470498896907872,0.2667,3.8,1.9065694611002244,3.022956024745782,6.045912049491564,12.961818811490733,1.2849602809781473
152,7Iron,C,tx_earlier4,radar,19,6,16.284751718587316,16.805000000000007,52.30359330156374,51.3390514463998,-0.520248281412691,-1.6881500230669468,-1.6875010198708964,0.000649003196050435,0.2667,3.8,1.9065694611002244,3.022956024745782,6.045912049491564,12.961818811490733,1.2849602809781473
167,7Iron,C,two8,radar,12,5,12.602646251518554,17.914999999999985,56.863393743238525,54.37043330304314,-5.312353748481431,-0.8000264505718423,-0.7287593916876155,0.0712670588842268,0.2667,3.8,1.9065694611002244,2.569004615712356,5.138009231424712,10.996377724942512,1.3221471042626183
167,7Iron,C,two8_path_tdm,radar,12,5,12.578567987471136,17.914999999999985,56.863393743238525,54.37043330304314,-5.336432012528849,-0.8056097504404984,-0.7324440124918647,0.07316573794863368,0.2667,3.8,1.9065694611002244,2.569004615712356,5.138009231424712,10.996377724942512,1.3221471042626183
167,7Iron,C,two8_path_tdm_neg,radar,12,5,12.631306719529219,17.914999999999985,56.863393743238525,54.37043330304314,-5.283693280470766,-0.7915835054135286,-0.7225881693159218,0.06899533609760677,0.2667,3.8,1.9065694611002244,2.569004615712356,5.138009231424712,10.996377724942512,1.3221471042626183
167,7Iron,C,four3,radar,12,5,21.38567999184857,17.914999999999985,56.863393743238525,54.37043330304314,3.4706799918485842,-0.7014219054057168,-0.6830732226845224,0.018348682721194387,0.2667,3.8,1.9065694611002244,2.569004615712356,5.138009231424712,10.996377724942512,1.3221471042626183
167,7Iron,C,four3_path_tdm,radar,12,5,21.33253173262356,17.914999999999985,56.863393743238525,54.37043330304314,3.4175317326235763,-0.7125384609038761,-0.6959697960687314,0.01656866483514463,0.2667,3.8,1.9065694611002244,2.569004615712356,5.138009231424712,10.996377724942512,1.3221471042626183
167,7Iron,C,four3_path_tdm_neg,radar,12,5,21.35110995842259,17.914999999999985,56.863393743238525,54.37043330304314,3.4361099584226054,-0.6837363857637738,-0.6658072362513805,0.017929149512393328,0.2667,3.8,1.9065694611002244,2.569004615712356,5.138009231424712,10.996377724942512,1.3221471042626183
167,7Iron,C,four4_path_tdm,radar,12,5,22.445939872014005,17.914999999999985,56.863393743238525,54.37043330304314,4.53093987201402,-0.3102191826054251,-0.29369689568855195,0.01652228691687313,0.2667,3.8,1.9065694611002244,2.569004615712356,5.138009231424712,10.996377724942512,1.3221471042626183
167,7Iron,C,four4_path_tdm_neg,radar,12,5,22.445939872014762,17.914999999999985,56.863393743238525,54.37043330304314,4.530939872014777,-0.3102191826054256,-0.29369689568855034,0.01652228691687524,0.2667,3.8,1.9065694611002244,2.569004615712356,5.138009231424712,10.996377724942512,1.3221471042626183
167,7Iron,C,tx_later4,radar,12,5,33.269604781843235,17.914999999999985,56.863393743238525,54.37043330304314,15.35460478184325,-0.26907677381416484,-0.05789526055920187,0.21118151325496298,0.2667,3.8,1.9065694611002244,2.569004615712356,5.138009231424712,10.996377724942512,1.3221471042626183
167,7Iron,C,tx_earlier4,radar,12,5,15.583790183880254,17.914999999999985,56.863393743238525,54.37043330304314,-2.331209816119731,-0.8949074753002947,-0.8831457833664335,0.011761691933861229,0.2667,3.8,1.9065694611002244,2.569004615712356,5.138009231424712,10.996377724942512,1.3221471042626183
168,7Iron,C,two8,radar,17,5,12.022759975833198,20.05000000000001,54.89642100369254,51.629201616096076,-8.027240024166813,-1.3802868272515532,-0.9608025233710509,0.4194843038805023,0.2667,3.8,1.9065694611002244,3.3896732745783753,6.779346549156751,14.539049123883048,1.1883389973763958
168,7Iron,C,two8_path_tdm,radar,17,5,11.87235655638645,20.05000000000001,54.89642100369254,51.629201616096076,-8.177643443613562,-1.3837051425889215,-0.9611127383279993,0.42259240426092226,0.2667,3.8,1.9065694611002244,3.3896732745783753,6.779346549156751,14.539049123883048,1.1883389973763958
168,7Iron,C,two8_path_tdm_neg,radar,17,5,11.671467295238644,20.05000000000001,54.89642100369254,51.629201616096076,-8.378532704761367,-1.378185582481829,-0.9720654384021662,0.4061201440796628,0.2667,3.8,1.9065694611002244,3.3896732745783753,6.779346549156751,14.539049123883048,1.1883389973763958
168,7Iron,C,four3,radar,17,5,16.438648163541032,20.05000000000001,54.89642100369254,51.629201616096076,-3.6113518364589794,-1.3809377678799675,-1.337771274362402,0.04316649351756552,0.2667,3.8,1.9065694611002244,3.3896732745783753,6.779346549156751,14.539049123883048,1.1883389973763958
168,7Iron,C,four3_path_tdm,radar,17,5,16.56484485862931,20.05000000000001,54.89642100369254,51.629201616096076,-3.4851551413707007,-1.3948327758093133,-1.3494458707278383,0.045386905081475026,0.2667,3.8,1.9065694611002244,3.3896732745783753,6.779346549156751,14.539049123883048,1.1883389973763958
168,7Iron,C,four3_path_tdm_neg,radar,17,5,16.72265107427707,20.05000000000001,54.89642100369254,51.629201616096076,-3.3273489257229407,-1.3877498111457824,-1.3546326084915403,0.03311720265424212,0.2667,3.8,1.9065694611002244,3.3896732745783753,6.779346549156751,14.539049123883048,1.1883389973763958
168,7Iron,C,four4_path_tdm,radar,17,5,19.390423709102475,20.05000000000001,54.89642100369254,51.629201616096076,-0.6595762908975367,-1.3370846564848773,-1.3363978387274242,0.000686817757453051,0.2667,3.8,1.9065694611002244,3.3896732745783753,6.779346549156751,14.539049123883048,1.1883389973763958
168,7Iron,C,four4_path_tdm_neg,radar,17,5,19.390423709101746,20.05000000000001,54.89642100369254,51.629201616096076,-0.659576290898265,-1.3370846564848773,-1.3363978387274233,0.0006868177574539391,0.2667,3.8,1.9065694611002244,3.3896732745783753,6.779346549156751,14.539049123883048,1.1883389973763958
168,7Iron,C,tx_later4,radar,17,5,17.28315793191795,20.05000000000001,54.89642100369254,51.629201616096076,-2.766842068082063,-1.7108815779243467,-1.7061172152055826,0.004764362718764126,0.2667,3.8,1.9065694611002244,3.3896732745783753,6.779346549156751,14.539049123883048,1.1883389973763958
168,7Iron,C,tx_earlier4,radar,17,5,21.507874316983006,20.05000000000001,54.89642100369254,51.629201616096076,1.4578743169829949,-0.9570209189744581,-0.9505891237816376,0.006431795192820444,0.2667,3.8,1.9065694611002244,3.3896732745783753,6.779346549156751,14.539049123883048,1.1883389973763958
