shot,club,block,model,velocity_source,speed_source,n_snapshots,n_frames,launch_angle_deg,trackman_launch_deg,trackman_ball_ms,radar_ball_ms,launch_error_deg,best_cv_log_error,truth_cv_log_error,truth_minus_best_cv,radar_height_m,tilt_deg,tee_distance_m,median_cross_excess_cm,median_double_excess_cm,median_angle_separation_deg,median_reflection_point_m
62,9Iron,A,two8,radar,ops,25,7,13.932596326892602,16.77799999999999,44.569814121076114,43.08422175707952,-2.8454036731073895,-1.5057865915878084,-1.3464251577773112,0.15936143381049717,0.1524,10.404948650719305,1.5709841628737065,2.309769115208571,4.619538230417142,17.412555575782257,0.7437859456877515
62,9Iron,A,two8_path_tdm,radar,ops,25,7,13.912492831414141,16.77799999999999,44.569814121076114,43.08422175707952,-2.86550716858585,-1.5031940621336457,-1.3460469946304616,0.15714706750318408,0.1524,10.404948650719305,1.5709841628737065,2.309769115208571,4.619538230417142,17.412555575782257,0.7437859456877515
62,9Iron,A,two8_path_tdm_neg,radar,ops,25,7,13.95385025784496,16.77799999999999,44.569814121076114,43.08422175707952,-2.824149742155031,-1.5087095934113617,-1.3474937157018207,0.16121587770954093,0.1524,10.404948650719305,1.5709841628737065,2.309769115208571,4.619538230417142,17.412555575782257,0.7437859456877515
62,9Iron,A,four3,radar,ops,25,7,15.039740910715523,16.77799999999999,44.569814121076114,43.08422175707952,-1.738259089284469,-1.5703148381798524,-1.546901986747892,0.02341285143196048,0.1524,10.404948650719305,1.5709841628737065,2.309769115208571,4.619538230417142,17.412555575782257,0.7437859456877515
62,9Iron,A,four3_path_tdm,radar,ops,25,7,15.087834683613433,16.77799999999999,44.569814121076114,43.08422175707952,-1.6901653163865582,-1.574701126265562,-1.5513404137464792,0.02336071251908267,0.1524,10.404948650719305,1.5709841628737065,2.309769115208571,4.619538230417142,17.412555575782257,0.7437859456877515
62,9Iron,A,four3_path_tdm_neg,radar,ops,25,7,14.981551542940036,16.77799999999999,44.569814121076114,43.08422175707952,-1.796448457059956,-1.5662665922987848,-1.5430350549859395,0.02323153731284533,0.1524,10.404948650719305,1.5709841628737065,2.309769115208571,4.619538230417142,17.412555575782257,0.7437859456877515
62,9Iron,A,four4_path_tdm,radar,ops,25,7,14.376147623084417,16.77799999999999,44.569814121076114,43.08422175707952,-2.401852376915574,-1.6576039440799402,-1.6117100348537998,0.04589390922614034,0.1524,10.404948650719305,1.5709841628737065,2.309769115208571,4.619538230417142,17.412555575782257,0.7437859456877515
62,9Iron,A,four4_path_tdm_neg,radar,ops,25,7,14.376147623084487,16.77799999999999,44.569814121076114,43.08422175707952,-2.401852376915505,-1.6576039440799413,-1.6117100348537992,0.045893909226142116,0.1524,10.404948650719305,1.5709841628737065,2.309769115208571,4.619538230417142,17.412555575782257,0.7437859456877515
62,9Iron,A,tx_later4,radar,ops,25,7,15.765523993900736,16.77799999999999,44.569814121076114,43.08422175707952,-1.0124760060992557,-1.8643505539286735,-1.8435328576963155,0.020817696232358074,0.1524,10.404948650719305,1.5709841628737065,2.309769115208571,4.619538230417142,17.412555575782257,0.7437859456877515
62,9Iron,A,tx_earlier4,radar,ops,25,7,1.4374907905807144,16.77799999999999,44.569814121076114,43.08422175707952,-15.340509209419277,-1.7339290257194746,-1.459400263381065,0.2745287623384096,0.1524,10.404948650719305,1.5709841628737065,2.309769115208571,4.619538230417142,17.412555575782257,0.7437859456877515
63,9Iron,A,two8,radar,ops,16,4,3.982878487755507,11.487999999999987,39.92060582760378,39.69922948327173,-7.5051215122444805,-1.2665894309781887,-1.0969280856261703,0.16966134535201838,0.1524,10.404948650719305,1.5709841628737065,1.418827293737135,2.83765458747427,10.666081418551077,1.0030072176301053
63,9Iron,A,two8_path_tdm,radar,ops,16,4,-2.5404593995013633,11.487999999999987,39.92060582760378,39.69922948327173,-14.028459399501351,-1.4094445838847203,-1.1022354020806922,0.3072091818040281,0.1524,10.404948650719305,1.5709841628737065,1.418827293737135,2.83765458747427,10.666081418551077,1.0030072176301053
63,9Iron,A,two8_path_tdm_neg,radar,ops,16,4,-3.4768877160928486,11.487999999999987,39.92060582760378,39.69922948327173,-14.964887716092836,-1.3329951161693243,-1.0919521332651947,0.24104298290412962,0.1524,10.404948650719305,1.5709841628737065,1.418827293737135,2.83765458747427,10.666081418551077,1.0030072176301053
63,9Iron,A,four3,radar,ops,16,4,16.253623904702764,11.487999999999987,39.92060582760378,39.69922948327173,4.765623904702776,-1.1425512568401708,-1.0968960341533496,0.045655222686821206,0.1524,10.404948650719305,1.5709841628737065,1.418827293737135,2.83765458747427,10.666081418551077,1.0030072176301053
63,9Iron,A,four3_path_tdm,radar,ops,16,4,-2.5483646112594753,11.487999999999987,39.92060582760378,39.69922948327173,-14.036364611259462,-1.1675667261690945,-1.1035120288573095,0.06405469731178504,0.1524,10.404948650719305,1.5709841628737065,1.418827293737135,2.83765458747427,10.666081418551077,1.0030072176301053
63,9Iron,A,four3_path_tdm_neg,radar,ops,16,4,16.362742436368794,11.487999999999987,39.92060582760378,39.69922948327173,4.874742436368807,-1.1343973507453824,-1.0907006704534652,0.0436966802919172,0.1524,10.404948650719305,1.5709841628737065,1.418827293737135,2.83765458747427,10.666081418551077,1.0030072176301053
63,9Iron,A,four4_path_tdm,radar,ops,16,4,15.627051515513354,11.487999999999987,39.92060582760378,39.69922948327173,4.139051515513367,-1.4121108876185906,-1.3860051524163501,0.026105735202240465,0.1524,10.404948650719305,1.5709841628737065,1.418827293737135,2.83765458747427,10.666081418551077,1.0030072176301053
63,9Iron,A,four4_path_tdm_neg,radar,ops,16,4,15.627051515513518,11.487999999999987,39.92060582760378,39.69922948327173,4.139051515513531,-1.4121108876185917,-1.3860051524163512,0.026105735202240465,0.1524,10.404948650719305,1.5709841628737065,1.418827293737135,2.83765458747427,10.666081418551077,1.0030072176301053
63,9Iron,A,tx_later4,radar,ops,16,4,18.17328729972514,11.487999999999987,39.92060582760378,39.69922948327173,6.685287299725152,-1.7225276728848709,-1.6515034341004615,0.07102423878440933,0.1524,10.404948650719305,1.5709841628737065,1.418827293737135,2.83765458747427,10.666081418551077,1.0030072176301053
63,9Iron,A,tx_earlier4,radar,ops,16,4,12.876559394515834,11.487999999999987,39.92060582760378,39.69922948327173,1.3885593945158465,-1.158968441584403,-1.1565543887437357,0.0024140528406673134,0.1524,10.404948650719305,1.5709841628737065,1.418827293737135,2.83765458747427,10.666081418551077,1.0030072176301053
64,9Iron,A,two8,radar,ops,22,7,17.003181497561293,20.468999999999983,49.263726340447214,47.26284337702736,-3.4658185024386903,-1.4786994060635796,-1.2339808273019337,0.24471857876164593,0.1524,10.404948650719305,1.5709841628737065,2.7130779339884725,5.426155867976945,20.481874926733937,0.6503258117595764
64,9Iron,A,two8_path_tdm,radar,ops,22,7,16.9577704766295,20.468999999999983,49.263726340447214,47.26284337702736,-3.511229523370485,-1.4821224781162976,-1.2400228677046699,0.24209961041162775,0.1524,10.404948650719305,1.5709841628737065,2.7130779339884725,5.426155867976945,20.481874926733937,0.6503258117595764
64,9Iron,A,two8_path_tdm_neg,radar,ops,22,7,17.01069741159302,20.468999999999983,49.263726340447214,47.26284337702736,-3.458302588406962,-1.4753537652813524,-1.2285696239831823,0.24678414129817017,0.1524,10.404948650719305,1.5709841628737065,2.7130779339884725,5.426155867976945,20.481874926733937,0.6503258117595764
64,9Iron,A,four3,radar,ops,22,7,18.22911703869056,20.468999999999983,49.263726340447214,47.26284337702736,-2.239882961309423,-1.6361966123784277,-1.5963858494154157,0.039810762963012,0.1524,10.404948650719305,1.5709841628737065,2.7130779339884725,5.426155867976945,20.481874926733937,0.6503258117595764
64,9Iron,A,four3_path_tdm,radar,ops,22,7,18.265999598141065,20.468999999999983,49.263726340447214,47.26284337702736,-2.203000401858919,-1.6498111440718162,-1.6105923645901747,0.03921877948164143,0.1524,10.404948650719305,1.5709841628737065,2.7130779339884725,5.426155867976945,20.481874926733937,0.6503258117595764
64,9Iron,A,four3_path_tdm_neg,radar,ops,22,7,18.193302958805415,20.468999999999983,49.263726340447214,47.26284337702736,-2.2756970411945687,-1.62295893868485,-1.58241425151957,0.040544687165279925,0.1524,10.404948650719305,1.5709841628737065,2.7130779339884725,5.426155867976945,20.481874926733937,0.6503258117595764
64,9Iron,A,four4_path_tdm,radar,ops,22,7,19.820389636601572,20.468999999999983,49.263726340447214,47.26284337702736,-0.6486103633984115,-1.554134146888001,-1.551543944631776,0.0025902022562249716,0.1524,10.404948650719305,1.5709841628737065,2.7130779339884725,5.426155867976945,20.481874926733937,0.6503258117595764
64,9Iron,A,four4_path_tdm_neg,radar,ops,22,7,19.820389636601508,20.468999999999983,49.263726340447214,47.26284337702736,-0.6486103633984754,-1.5541341468880006,-1.551543944631776,0.0025902022562245275,0.1524,10.404948650719305,1.5709841628737065,2.7130779339884725,5.426155867976945,20.481874926733937,0.6503258117595764
64,9Iron,A,tx_later4,radar,ops,22,7,19.4567488144938,20.468999999999983,49.263726340447214,47.26284337702736,-1.0122511855061838,-1.64763324390685,-1.6374014957556262,0.01023174815122374,0.1524,10.404948650719305,1.5709841628737065,2.7130779339884725,5.426155867976945,20.481874926733937,0.6503258117595764
64,9Iron,A,tx_earlier4,radar,ops,22,7,16.500849959210903,20.468999999999983,49.263726340447214,47.26284337702736,-3.96815004078908,-1.5151827010456758,-1.4771966200413458,0.037986081004329986,0.1524,10.404948650719305,1.5709841628737065,2.7130779339884725,5.426155867976945,20.481874926733937,0.6503258117595764
65,9Iron,A,two8,radar,ops,25,7,14.786331797554315,17.449000000000005,49.75546952533371,47.4667803687637,-2.6626682024456905,-1.3827228342100768,-1.2910449845906804,0.0916778496193964,0.1524,10.404948650719305,1.5709841628737065,2.397011687880668,4.794023375761336,18.075606447590822,0.7223149015488257
65,9Iron,A,two8_path_tdm,radar,ops,25,7,14.671056772338817,17.449000000000005,49.75546952533371,47.4667803687637,-2.777943227661188,-1.3826342393465887,-1.2886157778542686,0.09401846149232007,0.1524,10.404948650719305,1.5709841628737065,2.397011687880668,4.794023375761336,18.075606447590822,0.7223149015488257
65,9Iron,A,two8_path_tdm_neg,radar,ops,25,7,14.947282513942847,17.449000000000005,49.75546952533371,47.4667803687637,-2.5017174860571583,-1.383728995580657,-1.2934529057277473,0.0902760898529098,0.1524,10.404948650719305,1.5709841628737065,2.397011687880668,4.794023375761336,18.075606447590822,0.7223149015488257
65,9Iron,A,four3,radar,ops,25,7,14.261681616912817,17.449000000000005,49.75546952533371,47.4667803687637,-3.187318383087188,-1.4719898137158203,-1.4213498519979137,0.05063996171790652,0.1524,10.404948650719305,1.5709841628737065,2.397011687880668,4.794023375761336,18.075606447590822,0.7223149015488257
65,9Iron,A,four3_path_tdm,radar,ops,25,7,14.31993701664784,17.449000000000005,49.75546952533371,47.4667803687637,-3.1290629833521653,-1.473905810205522,-1.4258682084459096,0.04803760175961247,0.1524,10.404948650719305,1.5709841628737065,2.397011687880668,4.794023375761336,18.075606447590822,0.7223149015488257
65,9Iron,A,four3_path_tdm_neg,radar,ops,25,7,14.200599760945773,17.449000000000005,49.75546952533371,47.4667803687637,-3.2484002390542326,-1.4706864717229604,-1.417244212687518,0.05344225903544242,0.1524,10.404948650719305,1.5709841628737065,2.397011687880668,4.794023375761336,18.075606447590822,0.7223149015488257
65,9Iron,A,four4_path_tdm,radar,ops,25,7,13.486628971152669,17.449000000000005,49.75546952533371,47.4667803687637,-3.962371028847336,-1.795180978260936,-1.7344735681829204,0.06070741007801561,0.1524,10.404948650719305,1.5709841628737065,2.397011687880668,4.794023375761336,18.075606447590822,0.7223149015488257
65,9Iron,A,four4_path_tdm_neg,radar,ops,25,7,13.486628971152438,17.449000000000005,49.75546952533371,47.4667803687637,-3.962371028847567,-1.7951809782609358,-1.7344735681829193,0.0607074100780165,0.1524,10.404948650719305,1.5709841628737065,2.397011687880668,4.794023375761336,18.075606447590822,0.7223149015488257
65,9Iron,A,tx_later4,radar,ops,25,7,9.439974026934603,17.449000000000005,49.75546952533371,47.4667803687637,-8.009025973065402,-1.8091066057167164,-1.7348990825057835,0.07420752321093294,0.1524,10.404948650719305,1.5709841628737065,2.397011687880668,4.794023375761336,18.075606447590822,0.7223149015488257
65,9Iron,A,tx_earlier4,radar,ops,25,7,14.549613221798019,17.449000000000005,49.75546952533371,47.4667803687637,-2.899386778201986,-1.7386740285701714,-1.7035662197328105,0.035107808837360865,0.1524,10.404948650719305,1.5709841628737065,2.397011687880668,4.794023375761336,18.075606447590822,0.7223149015488257
66,9Iron,A,two8,radar,ops,20,5,15.427230067948235,21.533999999999995,50.023693080726346,48.11344544831894,-6.10676993205176,-1.505362854921709,-1.0913185776744183,0.41404427724729076,0.1524,10.404948650719305,1.5709841628737065,2.8475994948523042,5.6951989897046085,21.50942147494991,0.6255257799251778
66,9Iron,A,two8_path_tdm,radar,ops,20,5,15.539616361683343,21.533999999999995,50.023693080726346,48.11344544831894,-5.994383638316652,-1.5032306195313478,-1.0965418932248672,0.4066887263064807,0.1524,10.404948650719305,1.5709841628737065,2.8475994948523042,5.6951989897046085,21.50942147494991,0.6255257799251778
66,9Iron,A,two8_path_tdm_neg,radar,ops,20,5,15.32604143063429,21.533999999999995,50.023693080726346,48.11344544831894,-6.207958569365706,-1.5078823711312082,-1.08659737760367,0.42128499352753823,0.1524,10.404948650719305,1.5709841628737065,2.8475994948523042,5.6951989897046085,21.50942147494991,0.6255257799251778
66,9Iron,A,four3,radar,ops,20,5,13.884697036309243,21.533999999999995,50.023693080726346,48.11344544831894,-7.649302963690753,-1.658046325977466,-1.4959993764093635,0.1620469495681025,0.1524,10.404948650719305,1.5709841628737065,2.8475994948523042,5.6951989897046085,21.50942147494991,0.6255257799251778
66,9Iron,A,four3_path_tdm,radar,ops,20,5,15.641588504444437,21.533999999999995,50.023693080726346,48.11344544831894,-5.892411495555558,-1.6589216934261244,-1.5026437389324176,0.15627795449370674,0.1524,10.404948650719305,1.5709841628737065,2.8475994948523042,5.6951989897046085,21.50942147494991,0.6255257799251778
66,9Iron,A,four3_path_tdm_neg,radar,ops,20,5,13.50145862833524,21.533999999999995,50.023693080726346,48.11344544831894,-8.032541371664756,-1.6596784235338535,-1.4886603597335897,0.17101806380026385,0.1524,10.404948650719305,1.5709841628737065,2.8475994948523042,5.6951989897046085,21.50942147494991,0.6255257799251778
66,9Iron,A,four4_path_tdm,radar,ops,20,5,18.214549527025113,21.533999999999995,50.023693080726346,48.11344544831894,-3.319450472974882,-1.7565022429974761,-1.6526969622124525,0.1038052807850236,0.1524,10.404948650719305,1.5709841628737065,2.8475994948523042,5.6951989897046085,21.50942147494991,0.6255257799251778
66,9Iron,A,four4_path_tdm_neg,radar,ops,20,5,18.214549527025287,21.533999999999995,50.023693080726346,48.11344544831894,-3.319450472974708,-1.7565022429974746,-1.652696962212453,0.1038052807850216,0.1524,10.404948650719305,1.5709841628737065,2.8475994948523042,5.6951989897046085,21.50942147494991,0.6255257799251778
66,9Iron,A,tx_later4,radar,ops,20,5,15.996835671865838,21.533999999999995,50.023693080726346,48.11344544831894,-5.537164328134157,-1.6274720593269822,-1.6085857961002739,0.01888626322670839,0.1524,10.404948650719305,1.5709841628737065,2.8475994948523042,5.6951989897046085,21.50942147494991,0.6255257799251778
66,9Iron,A,tx_earlier4,radar,ops,20,5,16.86490620096102,21.533999999999995,50.023693080726346,48.11344544831894,-4.669093799038976,-1.9433651396616507,-1.766227454910306,0.17713768475134462,0.1524,10.404948650719305,1.5709841628737065,2.8475994948523042,5.6951989897046085,21.50942147494991,0.6255257799251778
67,9Iron,A,two8,radar,ops,22,6,17.452878329260102,21.057999999999993,48.23553604477545,45.86818820896334,-3.6051216707398908,-1.407945627547267,-1.2940043313794103,0.11394129616785675,0.1524,10.404948650719305,1.5709841628737065,2.6082585966931027,5.216517193386205,19.67889549826336,0.660964546883451
67,9Iron,A,two8_path_tdm,radar,ops,22,6,17.45585537860522,21.057999999999993,48.23553604477545,45.86818820896334,-3.602144621394771,-1.4018619002140442,-1.289697527055983,0.11216437315806127,0.1524,10.404948650719305,1.5709841628737065,2.6082585966931027,5.216517193386205,19.67889549826336,0.660964546883451
67,9Iron,A,two8_path_tdm_neg,radar,ops,22,6,17.431336347051147,21.057999999999993,48.23553604477545,45.86818820896334,-3.626663652948846,-1.4156040713318205,-1.3008163682013896,0.11478770313043096,0.1524,10.404948650719305,1.5709841628737065,2.6082585966931027,5.216517193386205,19.67889549826336,0.660964546883451
67,9Iron,A,four3,radar,ops,22,6,17.083316019147414,21.057999999999993,48.23553604477545,45.86818820896334,-3.9746839808525785,-1.8473173948407808,-1.6823390976208563,0.16497829721992452,0.1524,10.404948650719305,1.5709841628737065,2.6082585966931027,5.216517193386205,19.67889549826336,0.660964546883451
67,9Iron,A,four3_path_tdm,radar,ops,22,6,17.119890025098773,21.057999999999993,48.23553604477545,45.86818820896334,-3.93810997490122,-1.846692514421431,-1.6908730232262927,0.15581949119513827,0.1524,10.404948650719305,1.5709841628737065,2.6082585966931027,5.216517193386205,19.67889549826336,0.660964546883451
67,9Iron,A,four3_path_tdm_neg,radar,ops,22,6,17.063025753150043,21.057999999999993,48.23553604477545,45.86818820896334,-3.9949742468499494,-1.8492600797709653,-1.6788820796464892,0.17037800012447613,0.1524,10.404948650719305,1.5709841628737065,2.6082585966931027,5.216517193386205,19.67889549826336,0.660964546883451
67,9Iron,A,four4_path_tdm,radar,ops,22,6,19.023858359669912,21.057999999999993,48.23553604477545,45.86818820896334,-2.0341416403300805,-1.8830784963071387,-1.854550243127376,0.02852825317976282,0.1524,10.404948650719305,1.5709841628737065,2.6082585966931027,5.216517193386205,19.67889549826336,0.660964546883451
67,9Iron,A,four4_path_tdm_neg,radar,ops,22,6,19.02385835966998,21.057999999999993,48.23553604477545,45.86818820896334,-2.034141640330013,-1.883078496307139,-1.8545502431273755,0.028528253179763485,0.1524,10.404948650719305,1.5709841628737065,2.6082585966931027,5.216517193386205,19.67889549826336,0.660964546883451
67,9Iron,A,tx_later4,radar,ops,22,6,18.302936513695723,21.057999999999993,48.23553604477545,45.86818820896334,-2.7550634863042696,-2.023818343708258,-1.9533154294652277,0.07050291424303046,0.1524,10.404948650719305,1.5709841628737065,2.6082585966931027,5.216517193386205,19.67889549826336,0.660964546883451
67,9Iron,A,tx_earlier4,radar,ops,22,6,12.407712413316782,21.057999999999993,48.23553604477545,45.86818820896334,-8.650287586683211,-1.7511413668645741,-1.6683772373857033,0.0827641294788708,0.1524,10.404948650719305,1.5709841628737065,2.6082585966931027,5.216517193386205,19.67889549826336,0.660964546883451
68,9Iron,A,two8,radar,ops,20,5,-1.3170954039749134,5.689999999999997,48.23553604477545,47.56644566975043,-7.00709540397491,-1.7625777500837394,-1.6634390954640896,0.09913865461964977,0.1524,10.404948650719305,1.5709841628737065,0.8745533368726965,1.749106673745393,6.570383397192361,1.3805609237244483
68,9Iron,A,two8_path_tdm,radar,ops,20,5,-2.0717135250896215,5.689999999999997,48.23553604477545,47.56644566975043,-7.761713525089618,-1.8294162244530612,-1.662981374138349,0.16643485031471217,0.1524,10.404948650719305,1.5709841628737065,0.8745533368726965,1.749106673745393,6.570383397192361,1.3805609237244483
68,9Iron,A,two8_path_tdm_neg,radar,ops,20,5,-1.8240787064734225,5.689999999999997,48.23553604477545,47.56644566975043,-7.51407870647342,-1.841475391931289,-1.6635793032056518,0.1778960887256371,0.1524,10.404948650719305,1.5709841628737065,0.8745533368726965,1.749106673745393,6.570383397192361,1.3805609237244483
68,9Iron,A,four3,radar,ops,20,5,-1.4858436533016515,5.689999999999997,48.23553604477545,47.56644566975043,-7.175843653301648,-1.3739238771454505,-1.3147515311645939,0.05917234598085663,0.1524,10.404948650719305,1.5709841628737065,0.8745533368726965,1.749106673745393,6.570383397192361,1.3805609237244483
68,9Iron,A,four3_path_tdm,radar,ops,20,5,-2.024413462025691,5.689999999999997,48.23553604477545,47.56644566975043,-7.7144134620256875,-1.471075853507915,-1.3134515816230343,0.1576242718848806,0.1524,10.404948650719305,1.5709841628737065,0.8745533368726965,1.749106673745393,6.570383397192361,1.3805609237244483
68,9Iron,A,four3_path_tdm_neg,radar,ops,20,5,-1.827556756528464,5.689999999999997,48.23553604477545,47.56644566975043,-7.517556756528461,-1.440878674478505,-1.3159526725442716,0.12492600193423331,0.1524,10.404948650719305,1.5709841628737065,0.8745533368726965,1.749106673745393,6.570383397192361,1.3805609237244483
68,9Iron,A,four4_path_tdm,radar,ops,20,5,8.546513570233822,5.689999999999997,48.23553604477545,47.56644566975043,2.856513570233825,-1.8827902150464193,-1.8743665659893878,0.008423649057031524,0.1524,10.404948650719305,1.5709841628737065,0.8745533368726965,1.749106673745393,6.570383397192361,1.3805609237244483
68,9Iron,A,four4_path_tdm_neg,radar,ops,20,5,8.546513570233525,5.689999999999997,48.23553604477545,47.56644566975043,2.8565135702335285,-1.8827902150464186,-1.8743665659893858,0.008423649057032856,0.1524,10.404948650719305,1.5709841628737065,0.8745533368726965,1.749106673745393,6.570383397192361,1.3805609237244483
68,9Iron,A,tx_later4,radar,ops,20,5,8.75645391152511,5.689999999999997,48.23553604477545,47.56644566975043,3.0664539115251133,-1.9369635210888254,-1.905220370395528,0.03174315069329747,0.1524,10.404948650719305,1.5709841628737065,0.8745533368726965,1.749106673745393,6.570383397192361,1.3805609237244483
68,9Iron,A,tx_earlier4,radar,ops,20,5,13.812860824979897,5.689999999999997,48.23553604477545,47.56644566975043,8.122860824979899,-1.9716663369670275,-1.9205658789460263,0.05110045802100127,0.1524,10.404948650719305,1.5709841628737065,0.8745533368726965,1.749106673745393,6.570383397192361,1.3805609237244483
69,9Iron,A,two8,radar,ops,19,7,19.103700540459787,21.013999999999996,52.21418544976619,50.25057192151659,-1.9102994595402087,-1.5402942940978046,-1.4285418692946423,0.11175242480316228,0.1524,10.404948650719305,1.5709841628737065,2.7398578407444862,5.4797156814889725,20.68534627546085,0.6427526723379009
69,9Iron,A,two8_path_tdm,radar,ops,19,7,19.11409049329077,21.013999999999996,52.21418544976619,50.25057192151659,-1.8999095067092249,-1.543217021550602,-1.4316267207167772,0.11159030083382482,0.1524,10.404948650719305,1.5709841628737065,2.7398578407444862,5.4797156814889725,20.68534627546085,0.6427526723379009
69,9Iron,A,two8_path_tdm_neg,radar,ops,19,7,19.100231578006255,21.013999999999996,52.21418544976619,50.25057192151659,-1.9137684219937405,-1.5381668444081835,-1.4257964134094026,0.11237043099878097,0.1524,10.404948650719305,1.5709841628737065,2.7398578407444862,5.4797156814889725,20.68534627546085,0.6427526723379009
69,9Iron,A,four3,radar,ops,19,7,17.620464633172574,21.013999999999996,52.21418544976619,50.25057192151659,-3.3935353668274217,-1.798259573213657,-1.64642834431612,0.15183122889753697,0.1524,10.404948650719305,1.5709841628737065,2.7398578407444862,5.4797156814889725,20.68534627546085,0.6427526723379009
69,9Iron,A,four3_path_tdm,radar,ops,19,7,17.57785341881108,21.013999999999996,52.21418544976619,50.25057192151659,-3.4361465811889147,-1.79795274815251,-1.6488623453079383,0.14909040284457165,0.1524,10.404948650719305,1.5709841628737065,2.7398578407444862,5.4797156814889725,20.68534627546085,0.6427526723379009
69,9Iron,A,four3_path_tdm_neg,radar,ops,19,7,17.686630431227993,21.013999999999996,52.21418544976619,50.25057192151659,-3.327369568772003,-1.797787371497965,-1.646078231188028,0.1517091403099371,0.1524,10.404948650719305,1.5709841628737065,2.7398578407444862,5.4797156814889725,20.68534627546085,0.6427526723379009
69,9Iron,A,four4_path_tdm,radar,ops,19,7,17.876948337955717,21.013999999999996,52.21418544976619,50.25057192151659,-3.1370516620442785,-1.6773360792667766,-1.6078737652293522,0.06946231403742442,0.1524,10.404948650719305,1.5709841628737065,2.7398578407444862,5.4797156814889725,20.68534627546085,0.6427526723379009
69,9Iron,A,four4_path_tdm_neg,radar,ops,19,7,17.876948337955895,21.013999999999996,52.21418544976619,50.25057192151659,-3.137051662044101,-1.6773360792667786,-1.6078737652293529,0.06946231403742575,0.1524,10.404948650719305,1.5709841628737065,2.7398578407444862,5.4797156814889725,20.68534627546085,0.6427526723379009
69,9Iron,A,tx_later4,radar,ops,19,7,18.76355412298982,21.013999999999996,52.21418544976619,50.25057192151659,-2.2504458770101756,-1.7819413152435286,-1.7435895690895449,0.038351746153983735,0.1524,10.404948650719305,1.5709841628737065,2.7398578407444862,5.4797156814889725,20.68534627546085,0.6427526723379009
69,9Iron,A,tx_earlier4,radar,ops,19,7,20.398633905007884,21.013999999999996,52.21418544976619,50.25057192151659,-0.6153660949921118,-1.6787411138973451,-1.673484999547354,0.005256114349991181,0.1524,10.404948650719305,1.5709841628737065,2.7398578407444862,5.4797156814889725,20.68534627546085,0.6427526723379009
70,9Iron,A,two8,radar,ops,22,7,19.28183651249317,22.12999999999998,48.727279229661946,46.809339155828525,-2.8481634875068096,-1.4989053898429034,-1.340994655432078,0.15791073441082548,0.1524,10.404948650719305,1.5709841628737065,2.935175043800109,5.870350087600218,22.179391469162702,0.6104735070053554
70,9Iron,A,two8_path_tdm,radar,ops,22,7,19.303389589529655,22.12999999999998,48.727279229661946,46.809339155828525,-2.8266104104703267,-1.511048224629247,-1.3547926891996451,0.1562555354296018,0.1524,10.404948650719305,1.5709841628737065,2.935175043800109,5.870350087600218,22.179391469162702,0.6104735070053554
70,9Iron,A,two8_path_tdm_neg,radar,ops,22,7,19.374261991191208,22.12999999999998,48.727279229661946,46.809339155828525,-2.7557380088087733,-1.4900496331003534,-1.3290588744917198,0.16099075860863366,0.1524,10.404948650719305,1.5709841628737065,2.935175043800109,5.870350087600218,22.179391469162702,0.6104735070053554
70,9Iron,A,four3,radar,ops,22,7,19.090604482676525,22.12999999999998,48.727279229661946,46.809339155828525,-3.039395517323456,-1.642043984472433,-1.5160263486208094,0.12601763585162362,0.1524,10.404948650719305,1.5709841628737065,2.935175043800109,5.870350087600218,22.179391469162702,0.6104735070053554
70,9Iron,A,four3_path_tdm,radar,ops,22,7,19.069451125775416,22.12999999999998,48.727279229661946,46.809339155828525,-3.0605488742245655,-1.64967553420177,-1.517462265179391,0.13221326902237895,0.1524,10.404948650719305,1.5709841628737065,2.935175043800109,5.870350087600218,22.179391469162702,0.6104735070053554
70,9Iron,A,four3_path_tdm_neg,radar,ops,22,7,19.104951134716668,22.12999999999998,48.727279229661946,46.809339155828525,-3.0250488652833134,-1.6341613627610276,-1.5135233056776403,0.12063805708338737,0.1524,10.404948650719305,1.5709841628737065,2.935175043800109,5.870350087600218,22.179391469162702,0.6104735070053554
70,9Iron,A,four4_path_tdm,radar,ops,22,7,18.147913125538793,22.12999999999998,48.727279229661946,46.809339155828525,-3.9820868744611886,-1.5298950948273322,-1.4202346811995208,0.10966041362781143,0.1524,10.404948650719305,1.5709841628737065,2.935175043800109,5.870350087600218,22.179391469162702,0.6104735070053554
70,9Iron,A,four4_path_tdm_neg,radar,ops,22,7,18.147913125538448,22.12999999999998,48.727279229661946,46.809339155828525,-3.982086874461533,-1.5298950948273333,-1.4202346811995201,0.1096604136278132,0.1524,10.404948650719305,1.5709841628737065,2.935175043800109,5.870350087600218,22.179391469162702,0.6104735070053554
70,9Iron,A,tx_later4,radar,ops,22,7,19.690610614741164,22.12999999999998,48.727279229661946,46.809339155828525,-2.439389385258817,-1.6518095785433602,-1.5771626052989336,0.0746469732444266,0.1524,10.404948650719305,1.5709841628737065,2.935175043800109,5.870350087600218,22.179391469162702,0.6104735070053554
70,9Iron,A,tx_earlier4,radar,ops,22,7,-1.4831173608201664,22.12999999999998,48.727279229661946,46.809339155828525,-23.613117360820148,-1.661525005189049,-1.3389906529749964,0.3225343522140527,0.1524,10.404948650719305,1.5709841628737065,2.935175043800109,5.870350087600218,22.179391469162702,0.6104735070053554
71,9Iron,A,two8,radar,ops,18,6,17.98187135771596,21.279999999999987,49.442542044042305,47.82772354287831,-3.298128642284027,-1.3643744262494177,-1.1247101921482632,0.23966423410115456,0.1524,10.404948650719305,1.5709841628737065,2.8091731726451297,5.618346345290259,21.21562794687845,0.6321818264197856
71,9Iron,A,two8_path_tdm,radar,ops,18,6,17.99822497269279,21.279999999999987,49.442542044042305,47.82772354287831,-3.281775027307198,-1.368588827142001,-1.1298434886568571,0.2387453384851439,0.1524,10.404948650719305,1.5709841628737065,2.8091731726451297,5.618346345290259,21.21562794687845,0.6321818264197856
71,9Iron,A,two8_path_tdm_neg,radar,ops,18,6,17.964342152024752,21.279999999999987,49.442542044042305,47.82772354287831,-3.3156578479752348,-1.3605753668530565,-1.1198068199965825,0.24076854685647398,0.1524,10.404948650719305,1.5709841628737065,2.8091731726451297,5.618346345290259,21.21562794687845,0.6321818264197856
71,9Iron,A,four3,radar,ops,18,6,16.599722802053805,21.279999999999987,49.442542044042305,47.82772354287831,-4.680277197946182,-1.4460775126311571,-1.2667105703048183,0.17936694232633887,0.1524,10.404948650719305,1.5709841628737065,2.8091731726451297,5.618346345290259,21.21562794687845,0.6321818264197856
71,9Iron,A,four3_path_tdm,radar,ops,18,6,16.695174599724048,21.279999999999987,49.442542044042305,47.82772354287831,-4.584825400275939,-1.4513086743072208,-1.2725874490252802,0.17872122528194057,0.1524,10.404948650719305,1.5709841628737065,2.8091731726451297,5.618346345290259,21.21562794687845,0.6321818264197856
71,9Iron,A,four3_path_tdm_neg,radar,ops,18,6,16.50995172306368,21.279999999999987,49.442542044042305,47.82772354287831,-4.770048276936308,-1.4409818838134074,-1.2592620598879014,0.181719823925506,0.1524,10.404948650719305,1.5709841628737065,2.8091731726451297,5.618346345290259,21.21562794687845,0.6321818264197856
71,9Iron,A,four4_path_tdm,radar,ops,18,6,17.77353126278439,21.279999999999987,49.442542044042305,47.82772354287831,-3.506468737215595,-1.416599810839472,-1.3223170577622032,0.09428275307726874,0.1524,10.404948650719305,1.5709841628737065,2.8091731726451297,5.618346345290259,21.21562794687845,0.6321818264197856
71,9Iron,A,four4_path_tdm_neg,radar,ops,18,6,17.773531262784438,21.279999999999987,49.442542044042305,47.82772354287831,-3.506468737215549,-1.4165998108394728,-1.3223170577622032,0.09428275307726963,0.1524,10.404948650719305,1.5709841628737065,2.8091731726451297,5.618346345290259,21.21562794687845,0.6321818264197856
71,9Iron,A,tx_later4,radar,ops,18,6,17.46378439551958,21.279999999999987,49.442542044042305,47.82772354287831,-3.8162156044804085,-1.6164623495624804,-1.502701176636897,0.11376117292558341,0.1524,10.404948650719305,1.5709841628737065,2.8091731726451297,5.618346345290259,21.21562794687845,0.6321818264197856
71,9Iron,A,tx_earlier4,radar,ops,18,6,14.505412163467867,21.279999999999987,49.442542044042305,47.82772354287831,-6.77458783653212,-1.3489855955070753,-1.2268152951675793,0.12217030033949605,0.1524,10.404948650719305,1.5709841628737065,2.8091731726451297,5.618346345290259,21.21562794687845,0.6321818264197856
72,7Iron,A,two8,radar,ops,29,8,-1.2073223243298101,1.6789999999999963,34.19850331256091,34.01207683687395,-2.8863223243298064,-1.2416195947887134,-1.236906090625887,0.004713504162826343,0.1524,10.404948650719305,1.5709841628737065,0.3720232386989153,0.7440464773978306,2.793670820389339,1.9708470209167273
72,7Iron,A,two8_path_tdm,radar,ops,29,8,-3.5535040944221623,1.6789999999999963,34.19850331256091,34.01207683687395,-5.232504094422159,-1.332151877044931,-1.2361308093846302,0.09602106766030083,0.1524,10.404948650719305,1.5709841628737065,0.3720232386989153,0.7440464773978306,2.793670820389339,1.9708470209167273
72,7Iron,A,two8_path_tdm_neg,radar,ops,29,8,-2.9925073397846558,1.6789999999999963,34.19850331256091,34.01207683687395,-4.671507339784652,-1.2877447645487223,-1.2376822632236038,0.05006250132511858,0.1524,10.404948650719305,1.5709841628737065,0.3720232386989153,0.7440464773978306,2.793670820389339,1.9708470209167273
72,7Iron,A,four3,radar,ops,29,8,4.493760429854099,1.6789999999999963,34.19850331256091,34.01207683687395,2.8147604298541027,-0.9760435762395367,-0.9742897305704428,0.0017538456690939785,0.1524,10.404948650719305,1.5709841628737065,0.3720232386989153,0.7440464773978306,2.793670820389339,1.9708470209167273
72,7Iron,A,four3_path_tdm,radar,ops,29,8,-3.5453174335858098,1.6789999999999963,34.19850331256091,34.01207683687395,-5.2243174335858065,-1.0648992419593646,-0.9740255752836166,0.09087366667574803,0.1524,10.404948650719305,1.5709841628737065,0.3720232386989153,0.7440464773978306,2.793670820389339,1.9708470209167273
72,7Iron,A,four3_path_tdm_neg,radar,ops,29,8,-1.1383453503896843,1.6789999999999963,34.19850331256091,34.01207683687395,-2.8173453503896804,-1.0271654091484672,-0.9745616977136424,0.052603711434824785,0.1524,10.404948650719305,1.5709841628737065,0.3720232386989153,0.7440464773978306,2.793670820389339,1.9708470209167273
72,7Iron,A,four4_path_tdm,radar,ops,29,8,9.556225372176822,1.6789999999999963,34.19850331256091,34.01207683687395,7.8772253721768255,-1.7891760874756382,-1.7404631579598089,0.048712929515829284,0.1524,10.404948650719305,1.5709841628737065,0.3720232386989153,0.7440464773978306,2.793670820389339,1.9708470209167273
72,7Iron,A,four4_path_tdm_neg,radar,ops,29,8,9.556225372175609,1.6789999999999963,34.19850331256091,34.01207683687395,7.877225372175612,-1.7891760874756382,-1.740463157959808,0.04871292951583017,0.1524,10.404948650719305,1.5709841628737065,0.3720232386989153,0.7440464773978306,2.793670820389339,1.9708470209167273
72,7Iron,A,tx_later4,radar,ops,29,8,9.430975691697306,1.6789999999999963,34.19850331256091,34.01207683687395,7.751975691697309,-1.8497733930485114,-1.8203915380981703,0.02938185495034107,0.1524,10.404948650719305,1.5709841628737065,0.3720232386989153,0.7440464773978306,2.793670820389339,1.9708470209167273
72,7Iron,A,tx_earlier4,radar,ops,29,8,11.75016131538569,1.6789999999999963,34.19850331256091,34.01207683687395,10.071161315385693,-1.8921206375280917,-1.8093853990833924,0.08273523844469932,0.1524,10.404948650719305,1.5709841628737065,0.3720232386989153,0.7440464773978306,2.793670820389339,1.9708470209167273
73,7Iron,A,two8,radar,ops,20,6,16.367836510582592,18.677999999999987,50.470732339714075,48.94787602387909,-2.310163489417395,-1.792340637869746,-1.562886874240079,0.22945376362966696,0.1524,10.404948650719305,1.5709841628737065,2.4854899919451223,4.970979983890245,18.747424699345338,0.6973938455064131
73,7Iron,A,two8_path_tdm,radar,ops,20,6,16.3504765801626,18.677999999999987,50.470732339714075,48.94787602387909,-2.3275234198373873,-1.7861429268097033,-1.5594656386475763,0.22667728816212707,0.1524,10.404948650719305,1.5709841628737065,2.4854899919451223,4.970979983890245,18.747424699345338,0.6973938455064131
73,7Iron,A,two8_path_tdm_neg,radar,ops,20,6,16.37868696438945,18.677999999999987,50.470732339714075,48.94787602387909,-2.2993130356105382,-1.7990837162417608,-1.5672435426652405,0.23184017357652031,0.1524,10.404948650719305,1.5709841628737065,2.4854899919451223,4.970979983890245,18.747424699345338,0.6973938455064131
73,7Iron,A,four3,radar,ops,20,6,16.630200440181593,18.677999999999987,50.470732339714075,48.94787602387909,-2.047799559818394,-1.9470260190235882,-1.8418203742086778,0.10520564481491035,0.1524,10.404948650719305,1.5709841628737065,2.4854899919451223,4.970979983890245,18.747424699345338,0.6973938455064131
73,7Iron,A,four3_path_tdm,radar,ops,20,6,16.708326661490556,18.677999999999987,50.470732339714075,48.94787602387909,-1.9696733385094305,-1.9458525892298226,-1.8441651588488053,0.10168743038101735,0.1524,10.404948650719305,1.5709841628737065,2.4854899919451223,4.970979983890245,18.747424699345338,0.6973938455064131
73,7Iron,A,four3_path_tdm_neg,radar,ops,20,6,16.581415811630425,18.677999999999987,50.470732339714075,48.94787602387909,-2.0965841883695617,-1.9472628168883557,-1.8394835066978026,0.10777931019055309,0.1524,10.404948650719305,1.5709841628737065,2.4854899919451223,4.970979983890245,18.747424699345338,0.6973938455064131
73,7Iron,A,four4_path_tdm,radar,ops,20,6,16.631416171299698,18.677999999999987,50.470732339714075,48.94787602387909,-2.046583828700289,-1.9250912037639418,-1.8712984181911738,0.05379278557276801,0.1524,10.404948650719305,1.5709841628737065,2.4854899919451223,4.970979983890245,18.747424699345338,0.6973938455064131
73,7Iron,A,four4_path_tdm_neg,radar,ops,20,6,16.631416171299684,18.677999999999987,50.470732339714075,48.94787602387909,-2.046583828700303,-1.925091203763942,-1.8712984181911736,0.05379278557276845,0.1524,10.404948650719305,1.5709841628737065,2.4854899919451223,4.970979983890245,18.747424699345338,0.6973938455064131
73,7Iron,A,tx_later4,radar,ops,20,6,15.463194040740383,18.677999999999987,50.470732339714075,48.94787602387909,-3.2148059592596034,-1.7149846285017958,-1.6998057554533552,0.015178873048440567,0.1524,10.404948650719305,1.5709841628737065,2.4854899919451223,4.970979983890245,18.747424699345338,0.6973938455064131
73,7Iron,A,tx_earlier4,radar,ops,20,6,18.087309466500837,18.677999999999987,50.470732339714075,48.94787602387909,-0.5906905334991492,-2.0813019462607296,-2.0665869926882383,0.014714953572491307,0.1524,10.404948650719305,1.5709841628737065,2.4854899919451223,4.970979983890245,18.747424699345338,0.6973938455064131
74,7Iron,A,two8,radar,ops,17,5,14.525553165829912,16.30699999999998,53.91293463391955,52.245087594089,-1.7814468341700689,-1.490587410261328,-1.4374772717977042,0.05311013846362367,0.1524,10.404948650719305,1.5709841628737065,2.245325921348318,4.490651842696636,16.922831067916306,0.7589463890119509
74,7Iron,A,two8_path_tdm,radar,ops,17,5,14.515883284749833,16.30699999999998,53.91293463391955,52.245087594089,-1.7911167152501477,-1.4946665427477666,-1.4410346205569575,0.053631922190809034,0.1524,10.404948650719305,1.5709841628737065,2.245325921348318,4.490651842696636,16.922831067916306,0.7589463890119509
74,7Iron,A,two8_path_tdm_neg,radar,ops,17,5,14.53695566811159,16.30699999999998,53.91293463391955,52.245087594089,-1.770044331888391,-1.4862955176987165,-1.433845203736944,0.052450313961772466,0.1524,10.404948650719305,1.5709841628737065,2.245325921348318,4.490651842696636,16.922831067916306,0.7589463890119509
74,7Iron,A,four3,radar,ops,17,5,14.115741726541229,16.30699999999998,53.91293463391955,52.245087594089,-2.191258273458752,-1.3369309597227352,-1.3184074500008358,0.018523509721899423,0.1524,10.404948650719305,1.5709841628737065,2.245325921348318,4.490651842696636,16.922831067916306,0.7589463890119509
74,7Iron,A,four3_path_tdm,radar,ops,17,5,14.10451249507833,16.30699999999998,53.91293463391955,52.245087594089,-2.202487504921651,-1.3473256572603751,-1.3301802654441792,0.0171453918161959,0.1524,10.404948650719305,1.5709841628737065,2.245325921348318,4.490651842696636,16.922831067916306,0.7589463890119509
74,7Iron,A,four3_path_tdm_neg,radar,ops,17,5,14.123635306785118,16.30699999999998,53.91293463391955,52.245087594089,-2.1833646932148625,-1.3266470265062922,-1.3068520703819657,0.019794956124326468,0.1524,10.404948650719305,1.5709841628737065,2.245325921348318,4.490651842696636,16.922831067916306,0.7589463890119509
74,7Iron,A,four4_path_tdm,radar,ops,17,5,14.481328053176455,16.30699999999998,53.91293463391955,52.245087594089,-1.825671946823526,-1.4193158606168899,-1.4058085996133234,0.013507261003566473,0.1524,10.404948650719305,1.5709841628737065,2.245325921348318,4.490651842696636,16.922831067916306,0.7589463890119509
74,7Iron,A,four4_path_tdm_neg,radar,ops,17,5,14.481328053176654,16.30699999999998,53.91293463391955,52.245087594089,-1.8256719468233271,-1.4193158606168883,-1.4058085996133265,0.01350726100356181,0.1524,10.404948650719305,1.5709841628737065,2.245325921348318,4.490651842696636,16.922831067916306,0.7589463890119509
74,7Iron,A,tx_later4,radar,ops,17,5,18.410799924232403,16.30699999999998,53.91293463391955,52.245087594089,2.1037999242324226,-1.754088885279741,-1.7333209448134876,0.0207679404662533,0.1524,10.404948650719305,1.5709841628737065,2.245325921348318,4.490651842696636,16.922831067916306,0.7589463890119509
74,7Iron,A,tx_earlier4,radar,ops,17,5,4.984788073368211,16.30699999999998,53.91293463391955,52.245087594089,-11.32221192663177,-1.1328746430556056,-0.9879228277693096,0.14495181528629597,0.1524,10.404948650719305,1.5709841628737065,2.245325921348318,4.490651842696636,16.922831067916306,0.7589463890119509
75,7Iron,A,two8,radar,ops,22,7,15.556011249285504,17.240999999999993,52.66122470875392,51.04982513255473,-1.6849887507144885,-1.5046824847169042,-1.444688104819081,0.0599943798978233,0.1524,10.404948650719305,1.5709841628737065,2.350958417558935,4.70191683511787,17.725037975604877,0.7315387118095754
75,7Iron,A,two8_path_tdm,radar,ops,22,7,15.572208038283932,17.240999999999993,52.66122470875392,51.04982513255473,-1.6687919617160603,-1.508391663294841,-1.4503018325202033,0.05808983077463781,0.1524,10.404948650719305,1.5709841628737065,2.350958417558935,4.70191683511787,17.725037975604877,0.7315387118095754
75,7Iron,A,two8_path_tdm_neg,radar,ops,22,7,15.539777783987383,17.240999999999993,52.66122470875392,51.04982513255473,-1.70122221601261,-1.5010267179399668,-1.4392799515906254,0.0617467663493414,0.1524,10.404948650719305,1.5709841628737065,2.350958417558935,4.70191683511787,17.725037975604877,0.7315387118095754
75,7Iron,A,four3,radar,ops,22,7,15.644198495307853,17.240999999999993,52.66122470875392,51.04982513255473,-1.5968015046921398,-1.534731620578285,-1.5155541834055835,0.019177437172701595,0.1524,10.404948650719305,1.5709841628737065,2.350958417558935,4.70191683511787,17.725037975604877,0.7315387118095754
75,7Iron,A,four3_path_tdm,radar,ops,22,7,15.670102076009838,17.240999999999993,52.66122470875392,51.04982513255473,-1.5708979239901542,-1.5429731042569033,-1.5243212476135228,0.018651856643380427,0.1524,10.404948650719305,1.5709841628737065,2.350958417558935,4.70191683511787,17.725037975604877,0.7315387118095754
75,7Iron,A,four3_path_tdm_neg,radar,ops,22,7,15.620542876464897,17.240999999999993,52.66122470875392,51.04982513255473,-1.620457123535095,-1.526716352043932,-1.5070446017668513,0.01967175027708068,0.1524,10.404948650719305,1.5709841628737065,2.350958417558935,4.70191683511787,17.725037975604877,0.7315387118095754
75,7Iron,A,four4_path_tdm,radar,ops,22,7,15.715830007187632,17.240999999999993,52.66122470875392,51.04982513255473,-1.5251699928123603,-1.5275523419346566,-1.509000765717738,0.018551576216918608,0.1524,10.404948650719305,1.5709841628737065,2.350958417558935,4.70191683511787,17.725037975604877,0.7315387118095754
75,7Iron,A,four4_path_tdm_neg,radar,ops,22,7,15.715830007187646,17.240999999999993,52.66122470875392,51.04982513255473,-1.525169992812346,-1.527552341934657,-1.5090007657177384,0.018551576216918608,0.1524,10.404948650719305,1.5709841628737065,2.350958417558935,4.70191683511787,17.725037975604877,0.7315387118095754
75,7Iron,A,tx_later4,radar,ops,22,7,16.18900268157087,17.240999999999993,52.66122470875392,51.04982513255473,-1.0519973184291231,-1.806229374580488,-1.7977686175032248,0.008460757077263237,0.1524,10.404948650719305,1.5709841628737065,2.350958417558935,4.70191683511787,17.725037975604877,0.7315387118095754
75,7Iron,A,tx_earlier4,radar,ops,22,7,9.407940541630959,17.240999999999993,52.66122470875392,51.04982513255473,-7.833059458369034,-1.2306970189778492,-1.1184342468340778,0.11226277214377145,0.1524,10.404948650719305,1.5709841628737065,2.350958417558935,4.70191683511787,17.725037975604877,0.7315387118095754
76,7Iron,A,two8,radar,ops,21,6,8.509426197091923,12.092000000000013,46.49208293472332,45.36356297306607,-3.5825738029080902,-1.22959428516364,-1.132550292473825,0.097043992689815,0.1524,10.404948650719305,1.5709841628737065,1.5121371067045475,3.024274213409095,11.36988797967983,0.9651732900795856
76,7Iron,A,two8_path_tdm,radar,ops,21,6,8.49702497772832,12.092000000000013,46.49208293472332,45.36356297306607,-3.5949750222716936,-1.2307223334043702,-1.1314555999489817,0.0992667334553885,0.1524,10.404948650719305,1.5709841628737065,1.5121371067045475,3.024274213409095,11.36988797967983,0.9651732900795856
76,7Iron,A,two8_path_tdm_neg,radar,ops,21,6,8.522574458822596,12.092000000000013,46.49208293472332,45.36356297306607,-3.5694255411774165,-1.2285774461069143,-1.1337040501220168,0.09487339598489752,0.1524,10.404948650719305,1.5709841628737065,1.5121371067045475,3.024274213409095,11.36988797967983,0.9651732900795856
76,7Iron,A,four3,radar,ops,21,6,13.803263892073396,12.092000000000013,46.49208293472332,45.36356297306607,1.711263892073383,-0.9510214874894385,-0.9427075588029576,0.008313928686480843,0.1524,10.404948650719305,1.5709841628737065,1.5121371067045475,3.024274213409095,11.36988797967983,0.9651732900795856
76,7Iron,A,four3_path_tdm,radar,ops,21,6,-1.5789008677329273,12.092000000000013,46.49208293472332,45.36356297306607,-13.67090086773294,-0.9679954701317303,-0.9441996191460723,0.02379585098565795,0.1524,10.404948650719305,1.5709841628737065,1.5121371067045475,3.024274213409095,11.36988797967983,0.9651732900795856
76,7Iron,A,four3_path_tdm_neg,radar,ops,21,6,13.706955337620007,12.092000000000013,46.49208293472332,45.36356297306607,1.6149553376199943,-0.9466138782300052,-0.9396567714309674,0.006957106799037827,0.1524,10.404948650719305,1.5709841628737065,1.5121371067045475,3.024274213409095,11.36988797967983,0.9651732900795856
76,7Iron,A,four4_path_tdm,radar,ops,21,6,13.447691641188829,12.092000000000013,46.49208293472332,45.36356297306607,1.355691641188816,-1.3804869262632051,-1.3761453714795702,0.00434155478363496,0.1524,10.404948650719305,1.5709841628737065,1.5121371067045475,3.024274213409095,11.36988797967983,0.9651732900795856
76,7Iron,A,four4_path_tdm_neg,radar,ops,21,6,13.447691641189143,12.092000000000013,46.49208293472332,45.36356297306607,1.3556916411891304,-1.3804869262632067,-1.3761453714795715,0.004341554783635182,0.1524,10.404948650719305,1.5709841628737065,1.5121371067045475,3.024274213409095,11.36988797967983,0.9651732900795856
76,7Iron,A,tx_later4,radar,ops,21,6,12.752988841515503,12.092000000000013,46.49208293472332,45.36356297306607,0.6609888415154899,-1.3711096514156724,-1.3684855752728395,0.0026240761428328874,0.1524,10.404948650719305,1.5709841628737065,1.5121371067045475,3.024274213409095,11.36988797967983,0.9651732900795856
76,7Iron,A,tx_earlier4,radar,ops,21,6,15.48820121212745,12.092000000000013,46.49208293472332,45.36356297306607,3.396201212127437,-1.3982851786135158,-1.3444872278566955,0.053797950756820256,0.1524,10.404948650719305,1.5709841628737065,1.5121371067045475,3.024274213409095,11.36988797967983,0.9651732900795856
77,7Iron,A,two8,radar,ops,19,6,8.961708387960403,13.927999999999987,46.447379008824555,45.31103690428078,-4.9662916120395835,-1.341645554664433,-1.13613872524939,0.20550682941504306,0.1524,10.404948650719305,1.5709841628737065,1.8356300995302055,3.671260199060411,13.81625612347526,0.8681071404914379
77,7Iron,A,two8_path_tdm,radar,ops,19,6,8.949072987913885,13.927999999999987,46.447379008824555,45.31103690428078,-4.9789270120861016,-1.3473796498534218,-1.1387901850774427,0.20858946477597917,0.1524,10.404948650719305,1.5709841628737065,1.8356300995302055,3.671260199060411,13.81625612347526,0.8681071404914379
77,7Iron,A,two8_path_tdm_neg,radar,ops,19,6,8.975420870410963,13.927999999999987,46.447379008824555,45.31103690428078,-4.952579129589024,-1.3358525691682488,-1.1333909920945404,0.20246157707370838,0.1524,10.404948650719305,1.5709841628737065,1.8356300995302055,3.671260199060411,13.81625612347526,0.8681071404914379
77,7Iron,A,four3,radar,ops,19,6,18.388781434681633,13.927999999999987,46.447379008824555,45.31103690428078,4.460781434681646,-1.3808008961842466,-1.3201432199864123,0.060657676197834354,0.1524,10.404948650719305,1.5709841628737065,1.8356300995302055,3.671260199060411,13.81625612347526,0.8681071404914379
77,7Iron,A,four3_path_tdm,radar,ops,19,6,18.081937672651655,13.927999999999987,46.447379008824555,45.31103690428078,4.153937672651669,-1.3972474269672805,-1.332224635446132,0.06502279152114854,0.1524,10.404948650719305,1.5709841628737065,1.8356300995302055,3.671260199060411,13.81625612347526,0.8681071404914379
77,7Iron,A,four3_path_tdm_neg,radar,ops,19,6,18.684825184481564,13.927999999999987,46.447379008824555,45.31103690428078,4.756825184481578,-1.3627509831998539,-1.3070301160031839,0.05572086719667002,0.1524,10.404948650719305,1.5709841628737065,1.8356300995302055,3.671260199060411,13.81625612347526,0.8681071404914379
77,7Iron,A,four4_path_tdm,radar,ops,19,6,17.09816406521176,13.927999999999987,46.447379008824555,45.31103690428078,3.1701640652117717,-1.93898374559841,-1.8587978236878806,0.08018592191052942,0.1524,10.404948650719305,1.5709841628737065,1.8356300995302055,3.671260199060411,13.81625612347526,0.8681071404914379
77,7Iron,A,four4_path_tdm_neg,radar,ops,19,6,17.098164065211687,13.927999999999987,46.447379008824555,45.31103690428078,3.1701640652117007,-1.9389837455984118,-1.858797823687877,0.08018592191053475,0.1524,10.404948650719305,1.5709841628737065,1.8356300995302055,3.671260199060411,13.81625612347526,0.8681071404914379
77,7Iron,A,tx_later4,radar,ops,19,6,13.54145405938551,13.927999999999987,46.447379008824555,45.31103690428078,-0.3865459406144769,-2.166120253237865,-2.164855247323275,0.0012650059145902226,0.1524,10.404948650719305,1.5709841628737065,1.8356300995302055,3.671260199060411,13.81625612347526,0.8681071404914379
77,7Iron,A,tx_earlier4,radar,ops,19,6,16.74916446298088,13.927999999999987,46.447379008824555,45.31103690428078,2.8211644629808923,-1.6632873013976637,-1.565582955015813,0.09770434638185077,0.1524,10.404948650719305,1.5709841628737065,1.8356300995302055,3.671260199060411,13.81625612347526,0.8681071404914379
78,7Iron,A,two8,radar,ops,20,5,-2.4487243275258,6.121999999999985,30.97982064784929,30.635365440809792,-8.570724327525785,-2.502745116111762,-2.3905589482863117,0.11218616782545032,0.1524,10.404948650719305,1.5709841628737065,0.8401431064723353,1.6802862129446705,6.309573713719116,1.337716895253092
78,7Iron,A,two8_path_tdm,radar,ops,20,5,-1.4744596554983804,6.121999999999985,30.97982064784929,30.635365440809792,-7.596459655498365,-2.562082933208689,-2.390530143516772,0.17155278969191734,0.1524,10.404948650719305,1.5709841628737065,0.8401431064723353,1.6802862129446705,6.309573713719116,1.337716895253092
78,7Iron,A,two8_path_tdm_neg,radar,ops,20,5,-2.521747329724309,6.121999999999985,30.97982064784929,30.635365440809792,-8.643747329724293,-2.5342181189969155,-2.3897986772472537,0.14441944174966181,0.1524,10.404948650719305,1.5709841628737065,0.8401431064723353,1.6802862129446705,6.309573713719116,1.337716895253092
78,7Iron,A,four3,radar,ops,20,5,-1.7420038074080721,6.121999999999985,30.97982064784929,30.635365440809792,-7.864003807408057,-2.228082130205175,-2.167805345214231,0.06027678499094424,0.1524,10.404948650719305,1.5709841628737065,0.8401431064723353,1.6802862129446705,6.309573713719116,1.337716895253092
78,7Iron,A,four3_path_tdm,radar,ops,20,5,-1.3977738116001237,6.121999999999985,30.97982064784929,30.635365440809792,-7.519773811600109,-2.3250487399194,-2.1647677887555252,0.16028095116387497,0.1524,10.404948650719305,1.5709841628737065,0.8401431064723353,1.6802862129446705,6.309573713719116,1.337716895253092
78,7Iron,A,four3_path_tdm_neg,radar,ops,20,5,-2.607010234358157,6.121999999999985,30.97982064784929,30.635365440809792,-8.729010234358142,-2.2635683201807533,-2.1703889615738654,0.09317935860688786,0.1524,10.404948650719305,1.5709841628737065,0.8401431064723353,1.6802862129446705,6.309573713719116,1.337716895253092
78,7Iron,A,four4_path_tdm,radar,ops,20,5,9.80542111037653,6.121999999999985,30.97982064784929,30.635365440809792,3.6834211103765453,-2.5583525094864887,-2.5371867718484857,0.021165737638003,0.1524,10.404948650719305,1.5709841628737065,0.8401431064723353,1.6802862129446705,6.309573713719116,1.337716895253092
78,7Iron,A,four4_path_tdm_neg,radar,ops,20,5,9.805421110376269,6.121999999999985,30.97982064784929,30.635365440809792,3.683421110376284,-2.5583525094864883,-2.5371867718484844,0.02116573763800389,0.1524,10.404948650719305,1.5709841628737065,0.8401431064723353,1.6802862129446705,6.309573713719116,1.337716895253092
78,7Iron,A,tx_later4,radar,ops,20,5,14.564571422875689,6.121999999999985,30.97982064784929,30.635365440809792,8.442571422875705,-2.469091042501378,-2.346947908317555,0.12214313418382305,0.1524,10.404948650719305,1.5709841628737065,0.8401431064723353,1.6802862129446705,6.309573713719116,1.337716895253092
78,7Iron,A,tx_earlier4,radar,ops,20,5,9.509499498113769,6.121999999999985,30.97982064784929,30.635365440809792,3.387499498113784,-2.691551339284172,-2.6747085581950905,0.016842781089081438,0.1524,10.404948650719305,1.5709841628737065,0.8401431064723353,1.6802862129446705,6.309573713719116,1.337716895253092
79,7Iron,A,two8,radar,ops,23,7,10.681809216581005,15.657999999999998,49.75546952533371,47.30214778733609,-4.976190783418993,-1.3059394844161838,-1.0101521174753052,0.2957873669408786,0.1524,10.404948650719305,1.5709841628737065,1.9777349304628045,3.955469860925609,14.88989545655567,0.8128228403786634
79,7Iron,A,two8_path_tdm,radar,ops,23,7,10.646948023438448,15.657999999999998,49.75546952533371,47.30214778733609,-5.01105197656155,-1.309930289919105,-1.0091614278344665,0.3007688620846385,0.1524,10.404948650719305,1.5709841628737065,1.9777349304628045,3.955469860925609,14.88989545655567,0.8128228403786634
79,7Iron,A,two8_path_tdm_neg,radar,ops,23,7,10.71392886890989,15.657999999999998,49.75546952533371,47.30214778733609,-4.944071131090107,-1.3017956926300405,-1.0107598883561022,0.29103580427393827,0.1524,10.404948650719305,1.5709841628737065,1.9777349304628045,3.955469860925609,14.88989545655567,0.8128228403786634
79,7Iron,A,four3,radar,ops,23,7,12.922834534629228,15.657999999999998,49.75546952533371,47.30214778733609,-2.7351654653707698,-1.1722843134356962,-1.157711261309548,0.014573052126148234,0.1524,10.404948650719305,1.5709841628737065,1.9777349304628045,3.955469860925609,14.88989545655567,0.8128228403786634
79,7Iron,A,four3_path_tdm,radar,ops,23,7,13.02705761331762,15.657999999999998,49.75546952533371,47.30214778733609,-2.630942386682378,-1.177296465739222,-1.163692432312375,0.013604033426847018,0.1524,10.404948650719305,1.5709841628737065,1.9777349304628045,3.955469860925609,14.88989545655567,0.8128228403786634
79,7Iron,A,four3_path_tdm_neg,radar,ops,23,7,-4.028984789840552,15.657999999999998,49.75546952533371,47.30214778733609,-19.68698478984055,-1.181955132348772,-1.1517215137073558,0.03023361864141627,0.1524,10.404948650719305,1.5709841628737065,1.9777349304628045,3.955469860925609,14.88989545655567,0.8128228403786634
79,7Iron,A,four4_path_tdm,radar,ops,23,7,9.954764823921064,15.657999999999998,49.75546952533371,47.30214778733609,-5.703235176078934,-1.543587256545202,-1.4987470122430235,0.04484024430217848,0.1524,10.404948650719305,1.5709841628737065,1.9777349304628045,3.955469860925609,14.88989545655567,0.8128228403786634
79,7Iron,A,four4_path_tdm_neg,radar,ops,23,7,9.95476482392087,15.657999999999998,49.75546952533371,47.30214778733609,-5.7032351760791276,-1.5435872565452022,-1.4987470122430238,0.04484024430217848,0.1524,10.404948650719305,1.5709841628737065,1.9777349304628045,3.955469860925609,14.88989545655567,0.8128228403786634
79,7Iron,A,tx_later4,radar,ops,23,7,13.332146329877807,15.657999999999998,49.75546952533371,47.30214778733609,-2.325853670122191,-1.7261796257795996,-1.6824769734738136,0.04370265230578596,0.1524,10.404948650719305,1.5709841628737065,1.9777349304628045,3.955469860925609,14.88989545655567,0.8128228403786634
79,7Iron,A,tx_earlier4,radar,ops,23,7,15.791860322429258,15.657999999999998,49.75546952533371,47.30214778733609,0.1338603224292605,-1.2938874784857306,-1.2939397067297944,-5.222824406381221e-05,0.1524,10.404948650719305,1.5709841628737065,1.9777349304628045,3.955469860925609,14.88989545655567,0.8128228403786634
80,7Iron,A,two8,radar,ops,23,6,11.96894694834433,14.687999999999988,47.430865378597545,45.21606063570799,-2.719053051655658,-0.8655889586791875,-0.7975196969937047,0.06806926168548277,0.1524,10.404948650719305,1.5709841628737065,1.8718575759894884,3.743715151978977,14.088725148514298,0.8461074994915314
80,7Iron,A,two8_path_tdm,radar,ops,23,6,-2.4869293245512862,14.687999999999988,47.430865378597545,45.21606063570799,-17.174929324551275,-1.0563140177219046,-0.801139534709777,0.25517448301212764,0.1524,10.404948650719305,1.5709841628737065,1.8718575759894884,3.743715151978977,14.088725148514298,0.8461074994915314
80,7Iron,A,two8_path_tdm_neg,radar,ops,23,6,11.989146900445869,14.687999999999988,47.430865378597545,45.21606063570799,-2.6988530995541193,-0.8617872402212988,-0.7945466678199636,0.06724057240133519,0.1524,10.404948650719305,1.5709841628737065,1.8718575759894884,3.743715151978977,14.088725148514298,0.8461074994915314
80,7Iron,A,four3,radar,ops,23,6,15.696540691094414,14.687999999999988,47.430865378597545,45.21606063570799,1.0085406910944261,-0.6656525423043944,-0.6634211404839443,0.0022314018204501185,0.1524,10.404948650719305,1.5709841628737065,1.8718575759894884,3.743715151978977,14.088725148514298,0.8461074994915314
80,7Iron,A,four3_path_tdm,radar,ops,23,6,-2.4656994628336166,14.687999999999988,47.430865378597545,45.21606063570799,-17.153699462833604,-0.9406246286166317,-0.6719132057684217,0.2687114228482099,0.1524,10.404948650719305,1.5709841628737065,1.8718575759894884,3.743715151978977,14.088725148514298,0.8461074994915314
80,7Iron,A,four3_path_tdm_neg,radar,ops,23,6,15.560316277566887,14.687999999999988,47.430865378597545,45.21606063570799,0.8723162775668989,-0.6572771904770608,-0.6555262230503468,0.0017509674267139896,0.1524,10.404948650719305,1.5709841628737065,1.8718575759894884,3.743715151978977,14.088725148514298,0.8461074994915314
80,7Iron,A,four4_path_tdm,radar,ops,23,6,11.776464326001129,14.687999999999988,47.430865378597545,45.21606063570799,-2.911535673998859,-1.4003158067656205,-1.3626040424518393,0.037711764313781204,0.1524,10.404948650719305,1.5709841628737065,1.8718575759894884,3.743715151978977,14.088725148514298,0.8461074994915314
80,7Iron,A,four4_path_tdm_neg,radar,ops,23,6,11.776464326001522,14.687999999999988,47.430865378597545,45.21606063570799,-2.9115356739984666,-1.400315806765622,-1.3626040424518393,0.03771176431378276,0.1524,10.404948650719305,1.5709841628737065,1.8718575759894884,3.743715151978977,14.088725148514298,0.8461074994915314
80,7Iron,A,tx_later4,radar,ops,23,6,9.536511928112464,14.687999999999988,47.430865378597545,45.21606063570799,-5.151488071887524,-1.73641603669933,-1.6077464846702483,0.1286695520290817,0.1524,10.404948650719305,1.5709841628737065,1.8718575759894884,3.743715151978977,14.088725148514298,0.8461074994915314
80,7Iron,A,tx_earlier4,radar,ops,23,6,10.263502727236679,14.687999999999988,47.430865378597545,45.21606063570799,-4.424497272763309,-1.219101728675789,-1.1509433096646864,0.06815841901110264,0.1524,10.404948650719305,1.5709841628737065,1.8718575759894884,3.743715151978977,14.088725148514298,0.8461074994915314
81,7Iron,A,two8,radar,ops,22,6,6.294902223590443,9.146999999999982,48.727279229661946,47.111467292198604,-2.85209777640954,-1.065927553082586,-1.0224058033448535,0.043521749737732485,0.1524,10.404948650719305,1.5709841628737065,1.2130658970667563,2.4261317941335125,9.116059131796248,1.1100366775457713
81,7Iron,A,two8_path_tdm,radar,ops,22,6,-4.045812525800927,9.146999999999982,48.727279229661946,47.111467292198604,-13.19281252580091,-1.0911921750759928,-1.0210903758026684,0.07010179927332438,0.1524,10.404948650719305,1.5709841628737065,1.2130658970667563,2.4261317941335125,9.116059131796248,1.1100366775457713
81,7Iron,A,two8_path_tdm_neg,radar,ops,22,6,-2.306517467096802,9.146999999999982,48.727279229661946,47.111467292198604,-11.453517467096784,-1.069739131575177,-1.0238070132535582,0.04593211832161881,0.1524,10.404948650719305,1.5709841628737065,1.2130658970667563,2.4261317941335125,9.116059131796248,1.1100366775457713
81,7Iron,A,four3,radar,ops,22,6,10.110937659426957,9.146999999999982,48.727279229661946,47.111467292198604,0.9639376594269748,-0.7115617924303956,-0.709053460514366,0.002508331916029616,0.1524,10.404948650719305,1.5709841628737065,1.2130658970667563,2.4261317941335125,9.116059131796248,1.1100366775457713
81,7Iron,A,four3_path_tdm,radar,ops,22,6,-1.022129943078654,9.146999999999982,48.727279229661946,47.111467292198604,-10.169129943078637,-0.7762772395113752,-0.7135264934542654,0.06275074605710973,0.1524,10.404948650719305,1.5709841628737065,1.2130658970667563,2.4261317941335125,9.116059131796248,1.1100366775457713
81,7Iron,A,four3_path_tdm_neg,radar,ops,22,6,-2.3201855461570875,9.146999999999982,48.727279229661946,47.111467292198604,-11.46718554615707,-0.7454141352840026,-0.7043198004600679,0.04109433482393465,0.1524,10.404948650719305,1.5709841628737065,1.2130658970667563,2.4261317941335125,9.116059131796248,1.1100366775457713
81,7Iron,A,four4_path_tdm,radar,ops,22,6,7.0759066272152635,9.146999999999982,48.727279229661946,47.111467292198604,-2.071093372784719,-0.9234482236722807,-0.9206920450534152,0.002756178618865568,0.1524,10.404948650719305,1.5709841628737065,1.2130658970667563,2.4261317941335125,9.116059131796248,1.1100366775457713
81,7Iron,A,four4_path_tdm_neg,radar,ops,22,6,7.0759066272163285,9.146999999999982,48.727279229661946,47.111467292198604,-2.071093372783654,-0.9234482236722806,-0.9206920450534142,0.002756178618866456,0.1524,10.404948650719305,1.5709841628737065,1.2130658970667563,2.4261317941335125,9.116059131796248,1.1100366775457713
81,7Iron,A,tx_later4,radar,ops,22,6,9.42629906642642,9.146999999999982,48.727279229661946,47.111467292198604,0.27929906642643765,-1.058828550369986,-1.058483457391861,0.0003450929781250167,0.1524,10.404948650719305,1.5709841628737065,1.2130658970667563,2.4261317941335125,9.116059131796248,1.1100366775457713
81,7Iron,A,tx_earlier4,radar,ops,22,6,11.339546900846114,9.146999999999982,48.727279229661946,47.111467292198604,2.192546900846132,-0.9223298449135987,-0.9138964071943186,0.008433437719280068,0.1524,10.404948650719305,1.5709841628737065,1.2130658970667563,2.4261317941335125,9.116059131796248,1.1100366775457713
82,7Iron,A,two8,radar,ops,23,6,12.058580308531253,17.27599999999998,48.548463526066854,46.632556508514135,-5.217419691468725,-1.3637979676122989,-1.1330730538758338,0.2307249137364651,0.1524,10.404948650719305,1.5709841628737065,2.2022425912240573,4.404485182448115,16.592540459898302,0.7556428417146562
82,7Iron,A,two8_path_tdm,radar,ops,23,6,12.025424076991058,17.27599999999998,48.548463526066854,46.632556508514135,-5.25057592300892,-1.3635540813889095,-1.1264778580621453,0.23707622332676426,0.1524,10.404948650719305,1.5709841628737065,2.2022425912240573,4.404485182448115,16.592540459898302,0.7556428417146562
82,7Iron,A,two8_path_tdm_neg,radar,ops,23,6,12.115837063882887,17.27599999999998,48.548463526066854,46.632556508514135,-5.160162936117091,-1.364122967660781,-1.1402474682477743,0.22387549941300655,0.1524,10.404948650719305,1.5709841628737065,2.2022425912240573,4.404485182448115,16.592540459898302,0.7556428417146562
82,7Iron,A,four3,radar,ops,23,6,15.637499472324215,17.27599999999998,48.548463526066854,46.632556508514135,-1.6385005276757632,-1.5235303917954444,-1.5099735426484875,0.013556849146956873,0.1524,10.404948650719305,1.5709841628737065,2.2022425912240573,4.404485182448115,16.592540459898302,0.7556428417146562
82,7Iron,A,four3_path_tdm,radar,ops,23,6,15.719511258152032,17.27599999999998,48.548463526066854,46.632556508514135,-1.5564887418479465,-1.5304598042265807,-1.5157087101755724,0.014751094051008273,0.1524,10.404948650719305,1.5709841628737065,2.2022425912240573,4.404485182448115,16.592540459898302,0.7556428417146562
82,7Iron,A,four3_path_tdm_neg,radar,ops,23,6,15.443942095561868,17.27599999999998,48.548463526066854,46.632556508514135,-1.832057904438111,-1.5154780075000651,-1.5011060685124091,0.014371938987655986,0.1524,10.404948650719305,1.5709841628737065,2.2022425912240573,4.404485182448115,16.592540459898302,0.7556428417146562
82,7Iron,A,four4_path_tdm,radar,ops,23,6,17.881081521574,17.27599999999998,48.548463526066854,46.632556508514135,0.6050815215740215,-1.563053786288032,-1.558599890815229,0.00445389547280306,0.1524,10.404948650719305,1.5709841628737065,2.2022425912240573,4.404485182448115,16.592540459898302,0.7556428417146562
82,7Iron,A,four4_path_tdm_neg,radar,ops,23,6,17.881081521574067,17.27599999999998,48.548463526066854,46.632556508514135,0.605081521574089,-1.5630537862880318,-1.5585998908152272,0.004453895472804614,0.1524,10.404948650719305,1.5709841628737065,2.2022425912240573,4.404485182448115,16.592540459898302,0.7556428417146562
82,7Iron,A,tx_later4,radar,ops,23,6,12.566543368168217,17.27599999999998,48.548463526066854,46.632556508514135,-4.709456631831761,-2.0803791173535897,-2.0139553202476823,0.0664237971059074,0.1524,10.404948650719305,1.5709841628737065,2.2022425912240573,4.404485182448115,16.592540459898302,0.7556428417146562
82,7Iron,A,tx_earlier4,radar,ops,23,6,18.546865582989945,17.27599999999998,48.548463526066854,46.632556508514135,1.2708655829899662,-1.1194256535403666,-1.1160673442604099,0.0033583092799567282,0.1524,10.404948650719305,1.5709841628737065,2.2022425912240573,4.404485182448115,16.592540459898302,0.7556428417146562
83,7Iron,A,two8,radar,ops,20,5,12.689069735793703,18.87599999999999,50.06839700662512,48.107925317263614,-6.186930264206287,-1.3788349705014862,-1.097844459790257,0.28099051071122916,0.1524,10.404948650719305,1.5709841628737065,2.4691407043011426,4.938281408602285,18.62202001539187,0.6976842000458159
83,7Iron,A,two8_path_tdm,radar,ops,20,5,12.64528760184243,18.87599999999999,50.06839700662512,48.107925317263614,-6.230712398157561,-1.375736900346931,-1.0891566287125591,0.28658027163437194,0.1524,10.404948650719305,1.5709841628737065,2.4691407043011426,4.938281408602285,18.62202001539187,0.6976842000458159
83,7Iron,A,two8_path_tdm_neg,radar,ops,20,5,12.795441512802674,18.87599999999999,50.06839700662512,48.107925317263614,-6.080558487197317,-1.3816284446560658,-1.1058495630222158,0.27577888163385,0.1524,10.404948650719305,1.5709841628737065,2.4691407043011426,4.938281408602285,18.62202001539187,0.6976842000458159
83,7Iron,A,four3,radar,ops,20,5,14.729469717669327,18.87599999999999,50.06839700662512,48.107925317263614,-4.146530282330664,-1.3677942119638602,-1.3297517519265833,0.03804246003727685,0.1524,10.404948650719305,1.5709841628737065,2.4691407043011426,4.938281408602285,18.62202001539187,0.6976842000458159
83,7Iron,A,four3_path_tdm,radar,ops,20,5,14.807396076017369,18.87599999999999,50.06839700662512,48.107925317263614,-4.0686039239826215,-1.3743107986446748,-1.337599926011749,0.03671087263292572,0.1524,10.404948650719305,1.5709841628737065,2.4691407043011426,4.938281408602285,18.62202001539187,0.6976842000458159
83,7Iron,A,four3_path_tdm_neg,radar,ops,20,5,-3.591652506376064,18.87599999999999,50.06839700662512,48.107925317263614,-22.467652506376055,-1.3975561115924267,-1.321700293743006,0.07585581784942064,0.1524,10.404948650719305,1.5709841628737065,2.4691407043011426,4.938281408602285,18.62202001539187,0.6976842000458159
83,7Iron,A,four4_path_tdm,radar,ops,20,5,15.638856625836215,18.87599999999999,50.06839700662512,48.107925317263614,-3.237143374163775,-1.524571275288041,-1.494221090559636,0.030350184728404894,0.1524,10.404948650719305,1.5709841628737065,2.4691407043011426,4.938281408602285,18.62202001539187,0.6976842000458159
83,7Iron,A,four4_path_tdm_neg,radar,ops,20,5,15.638856625837082,18.87599999999999,50.06839700662512,48.107925317263614,-3.2371433741629083,-1.5245712752880385,-1.494221090559636,0.030350184728402452,0.1524,10.404948650719305,1.5709841628737065,2.4691407043011426,4.938281408602285,18.62202001539187,0.6976842000458159
83,7Iron,A,tx_later4,radar,ops,20,5,14.484529950474446,18.87599999999999,50.06839700662512,48.107925317263614,-4.3914700495255445,-1.389131954987815,-1.3367076200129522,0.05242433497486276,0.1524,10.404948650719305,1.5709841628737065,2.4691407043011426,4.938281408602285,18.62202001539187,0.6976842000458159
83,7Iron,A,tx_earlier4,radar,ops,20,5,20.912347279503347,18.87599999999999,50.06839700662512,48.107925317263614,2.0363472795033566,-1.7023646087231625,-1.6769202790412057,0.025444329681956868,0.1524,10.404948650719305,1.5709841628737065,2.4691407043011426,4.938281408602285,18.62202001539187,0.6976842000458159
84,7Iron,A,two8,radar,ops,12,3,9.497885787785444,16.949999999999992,54.53878959650236,52.80983073560512,-7.452114212214548,-1.5747607184304702,-1.2824616329694485,0.2922990854610217,0.1524,10.404948650719305,1.5709841628737065,2.0684070619679806,4.136814123935961,15.57550984134723,0.7811093678297149
84,7Iron,A,two8_path_tdm,radar,ops,12,3,9.47935118175626,16.949999999999992,54.53878959650236,52.80983073560512,-7.470648818243733,-1.578797815046549,-1.271178412784302,0.30761940226224693,0.1524,10.404948650719305,1.5709841628737065,2.0684070619679806,4.136814123935961,15.57550984134723,0.7811093678297149
84,7Iron,A,two8_path_tdm_neg,radar,ops,12,3,9.521456995505618,16.949999999999992,54.53878959650236,52.80983073560512,-7.428543004494374,-1.5705989569231107,-1.2927284676723376,0.27787048925077307,0.1524,10.404948650719305,1.5709841628737065,2.0684070619679806,4.136814123935961,15.57550984134723,0.7811093678297149
84,7Iron,A,four3,radar,ops,12,3,12.469519354333338,16.949999999999992,54.53878959650236,52.80983073560512,-4.480480645666654,-1.3864533849689098,-1.351830763695946,0.034622621272963894,0.1524,10.404948650719305,1.5709841628737065,2.0684070619679806,4.136814123935961,15.57550984134723,0.7811093678297149
84,7Iron,A,four3_path_tdm,radar,ops,12,3,12.707379840408516,16.949999999999992,54.53878959650236,52.80983073560512,-4.2426201595914765,-1.3965159465706642,-1.36390747891711,0.032608467653554296,0.1524,10.404948650719305,1.5709841628737065,2.0684070619679806,4.136814123935961,15.57550984134723,0.7811093678297149
84,7Iron,A,four3_path_tdm_neg,radar,ops,12,3,12.220716748750808,16.949999999999992,54.53878959650236,52.80983073560512,-4.729283251249184,-1.3759600340576739,-1.338924274926584,0.03703575913108992,0.1524,10.404948650719305,1.5709841628737065,2.0684070619679806,4.136814123935961,15.57550984134723,0.7811093678297149
84,7Iron,A,four4_path_tdm,radar,ops,12,3,16.104322837991052,16.949999999999992,54.53878959650236,52.80983073560512,-0.8456771620089398,-1.3041683306153369,-1.3030432705636217,0.0011250600517151987,0.1524,10.404948650719305,1.5709841628737065,2.0684070619679806,4.136814123935961,15.57550984134723,0.7811093678297149
84,7Iron,A,four4_path_tdm_neg,radar,ops,12,3,16.10432283799153,16.949999999999992,54.53878959650236,52.80983073560512,-0.8456771620084638,-1.3041683306153364,-1.3030432705636228,0.0011250600517136444,0.1524,10.404948650719305,1.5709841628737065,2.0684070619679806,4.136814123935961,15.57550984134723,0.7811093678297149
84,7Iron,A,tx_later4,radar,ops,12,3,18.95033889576869,16.949999999999992,54.53878959650236,52.80983073560512,2.0003388957686994,-1.4494570501029944,-1.4386140198112336,0.010843030291760813,0.1524,10.404948650719305,1.5709841628737065,2.0684070619679806,4.136814123935961,15.57550984134723,0.7811093678297149
84,7Iron,A,tx_earlier4,radar,ops,12,3,0.06770561725647561,16.949999999999992,54.53878959650236,52.80983073560512,-16.882294382743517,-1.6945531954445878,-1.503695156890511,0.1908580385540768,0.1524,10.404948650719305,1.5709841628737065,2.0684070619679806,4.136814123935961,15.57550984134723,0.7811093678297149
86,5Iron,A,two8,radar,ops,20,5,12.652865835298536,14.677,50.023693080726346,47.53024373748418,-2.0241341647014632,-1.1159868847517633,-1.0815100587924653,0.03447682595929802,0.1524,10.404948650719305,1.5709841628737065,1.830169880733401,3.660339761466802,13.772614440308676,0.8545019415926262
86,5Iron,A,two8_path_tdm,radar,ops,20,5,-4.025211366051331,14.677,50.023693080726346,47.53024373748418,-18.70221136605133,-1.1699645641269947,-1.0817647375421071,0.08819982658488756,0.1524,10.404948650719305,1.5709841628737065,1.830169880733401,3.660339761466802,13.772614440308676,0.8545019415926262
86,5Iron,A,two8_path_tdm_neg,radar,ops,20,5,12.653915984913857,14.677,50.023693080726346,47.53024373748418,-2.023084015086143,-1.1155240337172407,-1.0819027104525907,0.03362132326465006,0.1524,10.404948650719305,1.5709841628737065,1.830169880733401,3.660339761466802,13.772614440308676,0.8545019415926262
86,5Iron,A,four3,radar,ops,20,5,15.861608767548423,14.677,50.023693080726346,47.53024373748418,1.1846087675484238,-1.1753082406150832,-1.1700212870157631,0.005286953599320077,0.1524,10.404948650719305,1.5709841628737065,1.830169880733401,3.660339761466802,13.772614440308676,0.8545019415926262
86,5Iron,A,four3_path_tdm,radar,ops,20,5,-4.011730423643519,14.677,50.023693080726346,47.53024373748418,-18.68873042364352,-1.2488868685029018,-1.1749648307159437,0.07392203778695805,0.1524,10.404948650719305,1.5709841628737065,1.830169880733401,3.660339761466802,13.772614440308676,0.8545019415926262
86,5Iron,A,four3_path_tdm_neg,radar,ops,20,5,15.800758569716285,14.677,50.023693080726346,47.53024373748418,1.1237585697162853,-1.1705253465085859,-1.1665419591895165,0.003983387319069331,0.1524,10.404948650719305,1.5709841628737065,1.830169880733401,3.660339761466802,13.772614440308676,0.8545019415926262
86,5Iron,A,four4_path_tdm,radar,ops,20,5,12.891277352789256,14.677,50.023693080726346,47.53024373748418,-1.7857226472107435,-1.5729627252510465,-1.5577059068373775,0.015256818413668993,0.1524,10.404948650719305,1.5709841628737065,1.830169880733401,3.660339761466802,13.772614440308676,0.8545019415926262
86,5Iron,A,four4_path_tdm_neg,radar,ops,20,5,12.89127735278936,14.677,50.023693080726346,47.53024373748418,-1.7857226472106404,-1.5729627252510467,-1.5577059068373784,0.015256818413668327,0.1524,10.404948650719305,1.5709841628737065,1.830169880733401,3.660339761466802,13.772614440308676,0.8545019415926262
86,5Iron,A,tx_later4,radar,ops,20,5,15.432230340565035,14.677,50.023693080726346,47.53024373748418,0.7552303405650349,-1.700911094048348,-1.6962348598271038,0.004676234221244302,0.1524,10.404948650719305,1.5709841628737065,1.830169880733401,3.660339761466802,13.772614440308676,0.8545019415926262
86,5Iron,A,tx_earlier4,radar,ops,20,5,7.7744400657553,14.677,50.023693080726346,47.53024373748418,-6.9025599342446995,-1.4397749127013515,-1.33916690892213,0.10060800377922141,0.1524,10.404948650719305,1.5709841628737065,1.830169880733401,3.660339761466802,13.772614440308676,0.8545019415926262
87,5Iron,A,two8,radar,ops,20,6,13.006663439215872,15.406999999999991,52.84004041234901,51.122749823040635,-2.400336560784119,-1.5173954436022132,-1.3994741415397691,0.11792130206244411,0.1524,10.404948650719305,1.5709841628737065,2.073984248967231,4.147968497934462,15.621778450791949,0.7994059066044559
87,5Iron,A,two8_path_tdm,radar,ops,20,6,13.018763142902554,15.406999999999991,52.84004041234901,51.122749823040635,-2.3882368570974375,-1.5227223932274698,-1.4057467016792684,0.11697569154820142,0.1524,10.404948650719305,1.5709841628737065,2.073984248967231,4.147968497934462,15.621778450791949,0.7994059066044559
87,5Iron,A,two8_path_tdm_neg,radar,ops,20,6,12.997869799719073,15.406999999999991,52.84004041234901,51.122749823040635,-2.4091302002809183,-1.512405684191405,-1.3938245079953175,0.11858117619608755,0.1524,10.404948650719305,1.5709841628737065,2.073984248967231,4.147968497934462,15.621778450791949,0.7994059066044559
87,5Iron,A,four3,radar,ops,20,6,14.257120252250582,15.406999999999991,52.84004041234901,51.122749823040635,-1.1498797477494094,-1.4689731192209503,-1.4591394348842759,0.00983368433667442,0.1524,10.404948650719305,1.5709841628737065,2.073984248967231,4.147968497934462,15.621778450791949,0.7994059066044559
87,5Iron,A,four3_path_tdm,radar,ops,20,6,14.26574665528415,15.406999999999991,52.84004041234901,51.122749823040635,-1.1412533447158406,-1.480005357256915,-1.4711882569567105,0.008817100300204439,0.1524,10.404948650719305,1.5709841628737065,2.073984248967231,4.147968497934462,15.621778450791949,0.7994059066044559
87,5Iron,A,four3_path_tdm_neg,radar,ops,20,6,14.272071732363385,15.406999999999991,52.84004041234901,51.122749823040635,-1.1349282676366066,-1.4588994949569252,-1.448475892357534,0.010423602599391124,0.1524,10.404948650719305,1.5709841628737065,2.073984248967231,4.147968497934462,15.621778450791949,0.7994059066044559
87,5Iron,A,four4_path_tdm,radar,ops,20,6,9.464833401215662,15.406999999999991,52.84004041234901,51.122749823040635,-5.942166598784329,-1.8108710019279481,-1.7199983938806007,0.09087260804734743,0.1524,10.404948650719305,1.5709841628737065,2.073984248967231,4.147968497934462,15.621778450791949,0.7994059066044559
87,5Iron,A,four4_path_tdm_neg,radar,ops,20,6,9.464833401215287,15.406999999999991,52.84004041234901,51.122749823040635,-5.942166598784704,-1.8108710019279481,-1.7199983938805985,0.09087260804734965,0.1524,10.404948650719305,1.5709841628737065,2.073984248967231,4.147968497934462,15.621778450791949,0.7994059066044559
87,5Iron,A,tx_later4,radar,ops,20,6,11.49422699572655,15.406999999999991,52.84004041234901,51.122749823040635,-3.9127730042734417,-1.9237153970235534,-1.8572377856843671,0.06647761133918628,0.1524,10.404948650719305,1.5709841628737065,2.073984248967231,4.147968497934462,15.621778450791949,0.7994059066044559
87,5Iron,A,tx_earlier4,radar,ops,20,6,4.312775343164243,15.406999999999991,52.84004041234901,51.122749823040635,-11.094224656835749,-1.7367560954932353,-1.5954617557266217,0.14129433976661354,0.1524,10.404948650719305,1.5709841628737065,2.073984248967231,4.147968497934462,15.621778450791949,0.7994059066044559
88,5Iron,A,two8,radar,ops,24,6,0.3414601932175665,0.5110000000000001,44.07807093618961,43.00582860650462,-0.16953980678243363,-1.9254419051583034,-1.9254388621428042,3.04301549913788e-06,0.1524,10.404948650719305,1.5709841628737065,0.25544694724937145,0.5108938944987429,1.9179862205920113,2.145118679555189
88,5Iron,A,two8_path_tdm,radar,ops,24,6,-4.19249778192189,0.5110000000000001,44.07807093618961,43.00582860650462,-4.70349778192189,-1.9566987208864106,-1.92420707474711,0.032491646139300556,0.1524,10.404948650719305,1.5709841628737065,0.25544694724937145,0.5108938944987429,1.9179862205920113,2.145118679555189
88,5Iron,A,two8_path_tdm_neg,radar,ops,24,6,-2.6019111764617966,0.5110000000000001,44.07807093618961,43.00582860650462,-3.1129111764617967,-2.0019247694449263,-1.9265079325517267,0.07541683689319956,0.1524,10.404948650719305,1.5709841628737065,0.25544694724937145,0.5108938944987429,1.9179862205920113,2.145118679555189
88,5Iron,A,four3,radar,ops,24,6,0.5556759888884013,0.5110000000000001,44.07807093618961,43.00582860650462,0.044675988888401186,-1.6943768558011831,-1.694377238951403,-3.831502197737535e-07,0.1524,10.404948650719305,1.5709841628737065,0.25544694724937145,0.5108938944987429,1.9179862205920113,2.145118679555189
88,5Iron,A,four3_path_tdm,radar,ops,24,6,-4.178034063222668,0.5110000000000001,44.07807093618961,43.00582860650462,-4.689034063222668,-1.7469847316533753,-1.6941383743906648,0.052846357262710475,0.1524,10.404948650719305,1.5709841628737065,0.25544694724937145,0.5108938944987429,1.9179862205920113,2.145118679555189
88,5Iron,A,four3_path_tdm_neg,radar,ops,24,6,-2.6274884989076255,0.5110000000000001,44.07807093618961,43.00582860650462,-3.1384884989076256,-1.7939297948224044,-1.6945065137067845,0.09942328111561993,0.1524,10.404948650719305,1.5709841628737065,0.25544694724937145,0.5108938944987429,1.9179862205920113,2.145118679555189
88,5Iron,A,four4_path_tdm,radar,ops,24,6,11.564033134410268,0.5110000000000001,44.07807093618961,43.00582860650462,11.053033134410267,-1.5454470659036534,-1.4593373486802683,0.08610971722338512,0.1524,10.404948650719305,1.5709841628737065,0.25544694724937145,0.5108938944987429,1.9179862205920113,2.145118679555189
88,5Iron,A,four4_path_tdm_neg,radar,ops,24,6,11.564033134410371,0.5110000000000001,44.07807093618961,43.00582860650462,11.05303313441037,-1.5454470659036532,-1.4593373486802685,0.08610971722338467,0.1524,10.404948650719305,1.5709841628737065,0.25544694724937145,0.5108938944987429,1.9179862205920113,2.145118679555189
88,5Iron,A,tx_later4,radar,ops,24,6,12.057724707751877,0.5110000000000001,44.07807093618961,43.00582860650462,11.546724707751878,-1.6402337908986284,-1.603646411682907,0.036587379215721416,0.1524,10.404948650719305,1.5709841628737065,0.25544694724937145,0.5108938944987429,1.9179862205920113,2.145118679555189
88,5Iron,A,tx_earlier4,radar,ops,24,6,17.661180226895752,0.5110000000000001,44.07807093618961,43.00582860650462,17.150180226895753,-1.3292145107141746,-1.248456429713159,0.08075808100101556,0.1524,10.404948650719305,1.5709841628737065,0.25544694724937145,0.5108938944987429,1.9179862205920113,2.145118679555189
90,5Iron,A,two8,radar,ops,17,5,5.395810250183634,12.959999999999992,54.04704641161587,50.56141437408992,-7.564189749816358,-1.168507203038611,-0.9899129424929896,0.17859426054562144,0.1524,10.404948650719305,1.5709841628737065,1.6542931834962804,3.308586366992561,12.443758449542177,0.9172849332763519
90,5Iron,A,two8_path_tdm,radar,ops,17,5,-4.196478945960033,12.959999999999992,54.04704641161587,50.56141437408992,-17.156478945960025,-1.215349487896778,-0.9830115200626768,0.23233796783410132,0.1524,10.404948650719305,1.5709841628737065,1.6542931834962804,3.308586366992561,12.443758449542177,0.9172849332763519
90,5Iron,A,two8_path_tdm_neg,radar,ops,17,5,-2.045600000190772,12.959999999999992,54.04704641161587,50.56141437408992,-15.005600000190764,-1.2444920569586917,-0.9964130797369319,0.24807897722175976,0.1524,10.404948650719305,1.5709841628737065,1.6542931834962804,3.308586366992561,12.443758449542177,0.9172849332763519
90,5Iron,A,four3,radar,ops,17,5,20.379661356817873,12.959999999999992,54.04704641161587,50.56141437408992,7.4196613568178815,-1.0113362982292158,-0.9412487763209176,0.07008752190829814,0.1524,10.404948650719305,1.5709841628737065,1.6542931834962804,3.308586366992561,12.443758449542177,0.9172849332763519
90,5Iron,A,four3_path_tdm,radar,ops,17,5,20.3363321053024,12.959999999999992,54.04704641161587,50.56141437408992,7.376332105302408,-1.016858849753212,-0.9431102565878653,0.07374859316534677,0.1524,10.404948650719305,1.5709841628737065,1.6542931834962804,3.308586366992561,12.443758449542177,0.9172849332763519
90,5Iron,A,four3_path_tdm_neg,radar,ops,17,5,20.397471896741514,12.959999999999992,54.04704641161587,50.56141437408992,7.437471896741522,-1.0026701446559079,-0.9394681627230304,0.06320198193287752,0.1524,10.404948650719305,1.5709841628737065,1.6542931834962804,3.308586366992561,12.443758449542177,0.9172849332763519
90,5Iron,A,four4_path_tdm,radar,ops,17,5,15.687270533182915,12.959999999999992,54.04704641161587,50.56141437408992,2.7272705331829226,-1.250695189035042,-1.2282897601207292,0.02240542891431274,0.1524,10.404948650719305,1.5709841628737065,1.6542931834962804,3.308586366992561,12.443758449542177,0.9172849332763519
90,5Iron,A,four4_path_tdm_neg,radar,ops,17,5,15.687270533182616,12.959999999999992,54.04704641161587,50.56141437408992,2.727270533182624,-1.2506951890350433,-1.2282897601207314,0.022405428914311853,0.1524,10.404948650719305,1.5709841628737065,1.6542931834962804,3.308586366992561,12.443758449542177,0.9172849332763519
90,5Iron,A,tx_later4,radar,ops,17,5,18.285976772267997,12.959999999999992,54.04704641161587,50.56141437408992,5.325976772268005,-1.5307876656352446,-1.462867899417947,0.06791976621729767,0.1524,10.404948650719305,1.5709841628737065,1.6542931834962804,3.308586366992561,12.443758449542177,0.9172849332763519
90,5Iron,A,tx_earlier4,radar,ops,17,5,-5.0,12.959999999999992,54.04704641161587,50.56141437408992,-17.959999999999994,-0.8468900569937258,-0.7957952969372708,0.05109476005645497,0.1524,10.404948650719305,1.5709841628737065,1.6542931834962804,3.308586366992561,12.443758449542177,0.9172849332763519
91,5Iron,A,two8,radar,ops,22,6,7.290690081198114,9.892999999999994,47.20734574910368,46.19584787565755,-2.60230991880188,-1.1396861161603626,-1.1069425860400488,0.032743530120313835,0.1524,10.404948650719305,1.5709841628737065,1.3886861795654903,2.7773723591309807,10.44175678178403,1.053626646417774
91,5Iron,A,two8_path_tdm,radar,ops,22,6,-3.082720008251207,9.892999999999994,47.20734574910368,46.19584787565755,-12.975720008251201,-1.1893268063294142,-1.1079140502445004,0.08141275608491383,0.1524,10.404948650719305,1.5709841628737065,1.3886861795654903,2.7773723591309807,10.44175678178403,1.053626646417774
91,5Iron,A,two8_path_tdm_neg,radar,ops,22,6,7.329839184363664,9.892999999999994,47.20734574910368,46.19584787565755,-2.56316081563633,-1.138352587717608,-1.1067228515166503,0.03162973620095766,0.1524,10.404948650719305,1.5709841628737065,1.3886861795654903,2.7773723591309807,10.44175678178403,1.053626646417774
91,5Iron,A,four3,radar,ops,22,6,13.474138232041293,9.892999999999994,47.20734574910368,46.19584787565755,3.581138232041299,-0.8464856338183883,-0.8092963501079332,0.037189283710455046,0.1524,10.404948650719305,1.5709841628737065,1.3886861795654903,2.7773723591309807,10.44175678178403,1.053626646417774
91,5Iron,A,four3_path_tdm,radar,ops,22,6,-3.1097985351762727,9.892999999999994,47.20734574910368,46.19584787565755,-13.002798535176266,-0.8608974961292492,-0.8117830139618033,0.04911448216744585,0.1524,10.404948650719305,1.5709841628737065,1.3886861795654903,2.7773723591309807,10.44175678178403,1.053626646417774
91,5Iron,A,four3_path_tdm_neg,radar,ops,22,6,13.44611509320609,9.892999999999994,47.20734574910368,46.19584787565755,3.553115093206097,-0.8437066230091373,-0.807604619442742,0.03610200356639537,0.1524,10.404948650719305,1.5709841628737065,1.3886861795654903,2.7773723591309807,10.44175678178403,1.053626646417774
91,5Iron,A,four4_path_tdm,radar,ops,22,6,12.837230091818968,9.892999999999994,47.20734574910368,46.19584787565755,2.9442300918189748,-1.3197474687029656,-1.3115794942862928,0.008167974416672719,0.1524,10.404948650719305,1.5709841628737065,1.3886861795654903,2.7773723591309807,10.44175678178403,1.053626646417774
91,5Iron,A,four4_path_tdm_neg,radar,ops,22,6,12.837230091818782,9.892999999999994,47.20734574910368,46.19584787565755,2.9442300918187883,-1.319747468702965,-1.3115794942862935,0.008167974416671608,0.1524,10.404948650719305,1.5709841628737065,1.3886861795654903,2.7773723591309807,10.44175678178403,1.053626646417774
91,5Iron,A,tx_later4,radar,ops,22,6,16.154148854610497,9.892999999999994,47.20734574910368,46.19584787565755,6.261148854610504,-1.4644798010147344,-1.316645344747809,0.14783445626692537,0.1524,10.404948650719305,1.5709841628737065,1.3886861795654903,2.7773723591309807,10.44175678178403,1.053626646417774
91,5Iron,A,tx_earlier4,radar,ops,22,6,11.910176436053142,9.892999999999994,47.20734574910368,46.19584787565755,2.0171764360531483,-1.4432729898411065,-1.433581523035568,0.009691466805538562,0.1524,10.404948650719305,1.5709841628737065,1.3886861795654903,2.7773723591309807,10.44175678178403,1.053626646417774
92,5Iron,A,two8,radar,ops,19,5,5.911409068911625,10.917999999999983,48.10142426707913,46.135109857309985,-5.0065909310883585,-1.7846954902082157,-1.627972162145755,0.1567233280624607,0.1524,10.404948650719305,1.5709841628737065,1.4549127740177914,2.909825548035583,10.939804100319732,1.0058188062164823
92,5Iron,A,two8_path_tdm,radar,ops,19,5,-3.411492851158979,10.917999999999983,48.10142426707913,46.135109857309985,-14.329492851158962,-1.85575290083065,-1.620202195532468,0.235550705298182,0.1524,10.404948650719305,1.5709841628737065,1.4549127740177914,2.909825548035583,10.939804100319732,1.0058188062164823
92,5Iron,A,two8_path_tdm_neg,radar,ops,19,5,-4.037379793481075,10.917999999999983,48.10142426707913,46.135109857309985,-14.955379793481058,-1.9032577373545458,-1.6350065354200645,0.2682512019344814,0.1524,10.404948650719305,1.5709841628737065,1.4549127740177914,2.909825548035583,10.939804100319732,1.0058188062164823
92,5Iron,A,four3,radar,ops,19,5,6.084998697457683,10.917999999999983,48.10142426707913,46.135109857309985,-4.8330013025423,-1.479502202996379,-1.4399306187519663,0.03957158424441265,0.1524,10.404948650719305,1.5709841628737065,1.4549127740177914,2.909825548035583,10.939804100319732,1.0058188062164823
92,5Iron,A,four3_path_tdm,radar,ops,19,5,-3.4247234975527086,10.917999999999983,48.10142426707913,46.135109857309985,-14.342723497552692,-1.5556815248670115,-1.4367371185549331,0.11894440631207837,0.1524,10.404948650719305,1.5709841628737065,1.4549127740177914,2.909825548035583,10.939804100319732,1.0058188062164823
92,5Iron,A,four3_path_tdm_neg,radar,ops,19,5,-4.021003519164396,10.917999999999983,48.10142426707913,46.135109857309985,-14.93900351916438,-1.6530056813777505,-1.4435509814696785,0.20945469990807197,0.1524,10.404948650719305,1.5709841628737065,1.4549127740177914,2.909825548035583,10.939804100319732,1.0058188062164823
92,5Iron,A,four4_path_tdm,radar,ops,19,5,1.092293757581651,10.917999999999983,48.10142426707913,46.135109857309985,-9.825706242418333,-1.9616840754830451,-1.9078517620732764,0.053832313409768684,0.1524,10.404948650719305,1.5709841628737065,1.4549127740177914,2.909825548035583,10.939804100319732,1.0058188062164823
92,5Iron,A,four4_path_tdm_neg,radar,ops,19,5,1.0922937575899874,10.917999999999983,48.10142426707913,46.135109857309985,-9.825706242409996,-1.9616840754830425,-1.9078517620732736,0.053832313409768906,0.1524,10.404948650719305,1.5709841628737065,1.4549127740177914,2.909825548035583,10.939804100319732,1.0058188062164823
92,5Iron,A,tx_later4,radar,ops,19,5,3.49961949065659,10.917999999999983,48.10142426707913,46.135109857309985,-7.418380509343393,-2.051227004223329,-1.9543965707073259,0.09683043351600329,0.1524,10.404948650719305,1.5709841628737065,1.4549127740177914,2.909825548035583,10.939804100319732,1.0058188062164823
92,5Iron,A,tx_earlier4,radar,ops,19,5,12.885761646767683,10.917999999999983,48.10142426707913,46.135109857309985,1.9677616467677002,-2.277219980971691,-2.2553989288359704,0.02182105213572072,0.1524,10.404948650719305,1.5709841628737065,1.4549127740177914,2.909825548035583,10.939804100319732,1.0058188062164823
93,5Iron,A,two8,radar,ops,20,5,-3.420154049774449,1.5239999999999743,38.89241553193201,38.26469086258259,-4.944154049774424,-2.8724631267503575,-2.85831120867783,0.014151918072527359,0.1524,10.404948650719305,1.5709841628737065,0.37216837516523826,0.7443367503304765,2.794048546185296,1.858979688002948
93,5Iron,A,two8_path_tdm,radar,ops,20,5,-4.15993080228569,1.5239999999999743,38.89241553193201,38.26469086258259,-5.683930802285664,-2.9381104733696444,-2.857609325643061,0.08050114772658334,0.1524,10.404948650719305,1.5709841628737065,0.37216837516523826,0.7443367503304765,2.794048546185296,1.858979688002948
93,5Iron,A,two8_path_tdm_neg,radar,ops,20,5,-3.4084779216376266,1.5239999999999743,38.89241553193201,38.26469086258259,-4.9324779216376005,-2.91119815447351,-2.858992753300567,0.052205401172943144,0.1524,10.404948650719305,1.5709841628737065,0.37216837516523826,0.7443367503304765,2.794048546185296,1.858979688002948
93,5Iron,A,four3,radar,ops,20,5,3.258100364911862,1.5239999999999743,38.89241553193201,38.26469086258259,1.7341003649118876,-2.6746528906580993,-2.67310529548659,0.001547595171509375,0.1524,10.404948650719305,1.5709841628737065,0.37216837516523826,0.7443367503304765,2.794048546185296,1.858979688002948
93,5Iron,A,four3_path_tdm,radar,ops,20,5,-4.177343182150536,1.5239999999999743,38.89241553193201,38.26469086258259,-5.70134318215051,-2.7487959746374813,-2.6725918422263737,0.07620413241110757,0.1524,10.404948650719305,1.5709841628737065,0.37216837516523826,0.7443367503304765,2.794048546185296,1.858979688002948
93,5Iron,A,four3_path_tdm_neg,radar,ops,20,5,-3.3903145229165568,1.5239999999999743,38.89241553193201,38.26469086258259,-4.914314522916531,-2.7208698626371053,-2.67359998644573,0.04726987619137546,0.1524,10.404948650719305,1.5709841628737065,0.37216837516523826,0.7443367503304765,2.794048546185296,1.858979688002948
93,5Iron,A,four4_path_tdm,radar,ops,20,5,7.044644727246031,1.5239999999999743,38.89241553193201,38.26469086258259,5.520644727246057,-2.491774780800233,-2.461293995443555,0.030480785356677753,0.1524,10.404948650719305,1.5709841628737065,0.37216837516523826,0.7443367503304765,2.794048546185296,1.858979688002948
93,5Iron,A,four4_path_tdm_neg,radar,ops,20,5,7.04464472724586,1.5239999999999743,38.89241553193201,38.26469086258259,5.520644727245886,-2.491774780800232,-2.4612939954435507,0.030480785356681306,0.1524,10.404948650719305,1.5709841628737065,0.37216837516523826,0.7443367503304765,2.794048546185296,1.858979688002948
93,5Iron,A,tx_later4,radar,ops,20,5,13.054611979180395,1.5239999999999743,38.89241553193201,38.26469086258259,11.53061197918042,-2.604892477955797,-2.550735216635463,0.05415726132033427,0.1524,10.404948650719305,1.5709841628737065,0.37216837516523826,0.7443367503304765,2.794048546185296,1.858979688002948
93,5Iron,A,tx_earlier4,radar,ops,20,5,5.1025874697456475,1.5239999999999743,38.89241553193201,38.26469086258259,3.578587469745673,-2.412125830537729,-2.406192884061673,0.0059329464760558,0.1524,10.404948650719305,1.5709841628737065,0.37216837516523826,0.7443367503304765,2.794048546185296,1.858979688002948
94,5Iron,A,two8,radar,ops,20,5,7.6824047654649945,13.115999999999982,57.93628796480906,56.37819553311256,-5.433595234534987,-1.3986865147977026,-1.1985895999314844,0.20009691486621817,0.1524,10.404948650719305,1.5709841628737065,1.8177196947201546,3.635439389440309,13.682075021098795,0.883340420062072
94,5Iron,A,two8_path_tdm,radar,ops,20,5,-3.5751753324495454,13.115999999999982,57.93628796480906,56.37819553311256,-16.69117533244953,-1.454484987103011,-1.1984726628272475,0.2560123242757635,0.1524,10.404948650719305,1.5709841628737065,1.8177196947201546,3.635439389440309,13.682075021098795,0.883340420062072
94,5Iron,A,two8_path_tdm_neg,radar,ops,20,5,7.771080264457523,13.115999999999982,57.93628796480906,56.37819553311256,-5.344919735542459,-1.391682516226697,-1.2002265758979136,0.19145594032878344,0.1524,10.404948650719305,1.5709841628737065,1.8177196947201546,3.635439389440309,13.682075021098795,0.883340420062072
94,5Iron,A,four3,radar,ops,20,5,18.16224591814345,13.115999999999982,57.93628796480906,56.37819553311256,5.04624591814347,-1.5579060382701317,-1.4348690860084277,0.12303695226170408,0.1524,10.404948650719305,1.5709841628737065,1.8177196947201546,3.635439389440309,13.682075021098795,0.883340420062072
94,5Iron,A,four3_path_tdm,radar,ops,20,5,18.18356237250194,13.115999999999982,57.93628796480906,56.37819553311256,5.067562372501957,-1.5680499827046845,-1.4439969737625673,0.12405300894211724,0.1524,10.404948650719305,1.5709841628737065,1.8177196947201546,3.635439389440309,13.682075021098795,0.883340420062072
94,5Iron,A,four3_path_tdm_neg,radar,ops,20,5,18.15048160769826,13.115999999999982,57.93628796480906,56.37819553311256,5.034481607698279,-1.5493098046733422,-1.4264923838710748,0.12281742080226743,0.1524,10.404948650719305,1.5709841628737065,1.8177196947201546,3.635439389440309,13.682075021098795,0.883340420062072
94,5Iron,A,four4_path_tdm,radar,ops,20,5,14.15040474562272,13.115999999999982,57.93628796480906,56.37819553311256,1.034404745622739,-1.9714598112950086,-1.9641794583706242,0.007280352924384337,0.1524,10.404948650719305,1.5709841628737065,1.8177196947201546,3.635439389440309,13.682075021098795,0.883340420062072
94,5Iron,A,four4_path_tdm_neg,radar,ops,20,5,14.150404745622705,13.115999999999982,57.93628796480906,56.37819553311256,1.034404745622723,-1.971459811295007,-1.9641794583706265,0.007280352924380562,0.1524,10.404948650719305,1.5709841628737065,1.8177196947201546,3.635439389440309,13.682075021098795,0.883340420062072
94,5Iron,A,tx_later4,radar,ops,20,5,12.660228946404802,13.115999999999982,57.93628796480906,56.37819553311256,-0.4557710535951802,-2.289854142459315,-2.2887953127207807,0.0010588297385343282,0.1524,10.404948650719305,1.5709841628737065,1.8177196947201546,3.635439389440309,13.682075021098795,0.883340420062072
94,5Iron,A,tx_earlier4,radar,ops,20,5,6.414529653641676,13.115999999999982,57.93628796480906,56.37819553311256,-6.701470346358306,-1.5299721092508753,-1.478776886612449,0.05119522263842624,0.1524,10.404948650719305,1.5709841628737065,1.8177196947201546,3.635439389440309,13.682075021098795,0.883340420062072
95,5Iron,A,two8,radar,ops,24,6,10.860191952226414,14.271999999999982,51.2306990799932,48.76380628406203,-3.411808047773569,-1.336076937913349,-1.2341412005873365,0.10193573732601258,0.1524,10.404948650719305,1.5709841628737065,1.9059080915290516,3.811816183058103,14.34844760241199,0.8468228576104178
95,5Iron,A,two8_path_tdm,radar,ops,24,6,10.801650243864406,14.271999999999982,51.2306990799932,48.76380628406203,-3.470349756135576,-1.3366848812284544,-1.2328893412396194,0.10379553998883506,0.1524,10.404948650719305,1.5709841628737065,1.9059080915290516,3.811816183058103,14.34844760241199,0.8468228576104178
95,5Iron,A,two8_path_tdm_neg,radar,ops,24,6,10.937340363902235,14.271999999999982,51.2306990799932,48.76380628406203,-3.334659636097747,-1.3358464782390154,-1.2362497812026274,0.09959669703638796,0.1524,10.404948650719305,1.5709841628737065,1.9059080915290516,3.811816183058103,14.34844760241199,0.8468228576104178
95,5Iron,A,four3,radar,ops,24,6,11.680778368736666,14.271999999999982,51.2306990799932,48.76380628406203,-2.5912216312633163,-1.2463531263012941,-1.227373357618098,0.018979768683196063,0.1524,10.404948650719305,1.5709841628737065,1.9059080915290516,3.811816183058103,14.34844760241199,0.8468228576104178
95,5Iron,A,four3_path_tdm,radar,ops,24,6,-4.5591514171564365,14.271999999999982,51.2306990799932,48.76380628406203,-18.83115141715642,-1.3713244427393991,-1.2369030684165587,0.1344213743228404,0.1524,10.404948650719305,1.5709841628737065,1.9059080915290516,3.811816183058103,14.34844760241199,0.8468228576104178
95,5Iron,A,four3_path_tdm_neg,radar,ops,24,6,-4.420164917993676,14.271999999999982,51.2306990799932,48.76380628406203,-18.692164917993658,-1.3173941901002146,-1.2183314302487778,0.09906275985143687,0.1524,10.404948650719305,1.5709841628737065,1.9059080915290516,3.811816183058103,14.34844760241199,0.8468228576104178
95,5Iron,A,four4_path_tdm,radar,ops,24,6,12.437626283800405,14.271999999999982,51.2306990799932,48.76380628406203,-1.8343737161995772,-1.6128711395098787,-1.6057863544922795,0.007084785017599238,0.1524,10.404948650719305,1.5709841628737065,1.9059080915290516,3.811816183058103,14.34844760241199,0.8468228576104178
95,5Iron,A,four4_path_tdm_neg,radar,ops,24,6,12.437626283799874,14.271999999999982,51.2306990799932,48.76380628406203,-1.8343737162001084,-1.6128711395098787,-1.605786354492279,0.007084785017599682,0.1524,10.404948650719305,1.5709841628737065,1.9059080915290516,3.811816183058103,14.34844760241199,0.8468228576104178
95,5Iron,A,tx_later4,radar,ops,24,6,15.183413549094169,14.271999999999982,51.2306990799932,48.76380628406203,0.9114135490941866,-1.5960277807863037,-1.5926813130004644,0.0033464677858392466,0.1524,10.404948650719305,1.5709841628737065,1.9059080915290516,3.811816183058103,14.34844760241199,0.8468228576104178
95,5Iron,A,tx_earlier4,radar,ops,24,6,7.019512480982569,14.271999999999982,51.2306990799932,48.76380628406203,-7.252487519017413,-1.8725039957336644,-1.7799794755432696,0.09252452019039481,0.1524,10.404948650719305,1.5709841628737065,1.9059080915290516,3.811816183058103,14.34844760241199,0.8468228576104178
96,5Iron,A,two8,radar,ops,16,4,8.740404881289312,14.196999999999997,57.93628796480906,56.177827827840886,-5.456595118710686,-1.2021171381209481,-1.0051191156657893,0.19699802245515885,0.1524,10.404948650719305,1.5709841628737065,1.9370068808541419,3.8740137617082837,14.584699016582743,0.8420125190401792
96,5Iron,A,two8_path_tdm,radar,ops,16,4,-2.5059725752162687,14.196999999999997,57.93628796480906,56.177827827840886,-16.702972575216265,-1.4865937034735635,-1.0062618312910026,0.4803318721825609,0.1524,10.404948650719305,1.5709841628737065,1.9370068808541419,3.8740137617082837,14.584699016582743,0.8420125190401792
96,5Iron,A,two8_path_tdm_neg,radar,ops,16,4,-0.8066763162351672,14.196999999999997,57.93628796480906,56.177827827840886,-15.003676316235165,-1.1975401587506878,-1.0047590855422541,0.19278107320843363,0.1524,10.404948650719305,1.5709841628737065,1.9370068808541419,3.8740137617082837,14.584699016582743,0.8420125190401792
96,5Iron,A,four3,radar,ops,16,4,16.027798957549003,14.196999999999997,57.93628796480906,56.177827827840886,1.8307989575490051,-1.275389442628821,-1.251387173973282,0.024002268655539005,0.1524,10.404948650719305,1.5709841628737065,1.9370068808541419,3.8740137617082837,14.584699016582743,0.8420125190401792
96,5Iron,A,four3_path_tdm,radar,ops,16,4,-2.491158944020287,14.196999999999997,57.93628796480906,56.177827827840886,-16.688158944020284,-1.4751124925944903,-1.2613526839498388,0.2137598086446515,0.1524,10.404948650719305,1.5709841628737065,1.9370068808541419,3.8740137617082837,14.584699016582743,0.8420125190401792
96,5Iron,A,four3_path_tdm_neg,radar,ops,16,4,16.051198610463256,14.196999999999997,57.93628796480906,56.177827827840886,1.8541986104632588,-1.264688288596156,-1.2423187779557996,0.022369510640356305,0.1524,10.404948650719305,1.5709841628737065,1.9370068808541419,3.8740137617082837,14.584699016582743,0.8420125190401792
96,5Iron,A,four4_path_tdm,radar,ops,16,4,9.857404346638111,14.196999999999997,57.93628796480906,56.177827827840886,-4.3395956533618865,-1.8567347977009248,-1.796797444198745,0.05993735350217966,0.1524,10.404948650719305,1.5709841628737065,1.9370068808541419,3.8740137617082837,14.584699016582743,0.8420125190401792
96,5Iron,A,four4_path_tdm_neg,radar,ops,16,4,9.857404346639813,14.196999999999997,57.93628796480906,56.177827827840886,-4.339595653360185,-1.8567347977009292,-1.7967974441987427,0.05993735350218654,0.1524,10.404948650719305,1.5709841628737065,1.9370068808541419,3.8740137617082837,14.584699016582743,0.8420125190401792
96,5Iron,A,tx_later4,radar,ops,16,4,8.487851433168714,14.196999999999997,57.93628796480906,56.177827827840886,-5.709148566831283,-2.023506512812221,-1.9453967033248443,0.07810980948737667,0.1524,10.404948650719305,1.5709841628737065,1.9370068808541419,3.8740137617082837,14.584699016582743,0.8420125190401792
96,5Iron,A,tx_earlier4,radar,ops,16,4,10.413948517594344,14.196999999999997,57.93628796480906,56.177827827840886,-3.7830514824056536,-1.5298609991792218,-1.4901753428091609,0.03968565637006094,0.1524,10.404948650719305,1.5709841628737065,1.9370068808541419,3.8740137617082837,14.584699016582743,0.8420125190401792
97,5Iron,A,two8,radar,ops,16,4,6.08261701207755,14.368000000000002,56.95280159503608,55.24302226726476,-8.285382987922453,-1.7269189502252578,-1.1555755605116675,0.5713433897135902,0.1524,10.404948650719305,1.5709841628737065,1.9516237768788858,3.9032475537577715,14.695206365077336,0.836547611268714
97,5Iron,A,two8_path_tdm,radar,ops,16,4,-2.6435589120241705,14.368000000000002,56.95280159503608,55.24302226726476,-17.01155891202417,-1.8471159280162355,-1.1560995716133613,0.6910163564028742,0.1524,10.404948650719305,1.5709841628737065,1.9516237768788858,3.9032475537577715,14.695206365077336,0.836547611268714
97,5Iron,A,two8_path_tdm_neg,radar,ops,16,4,-2.4903477785714268,14.368000000000002,56.95280159503608,55.24302226726476,-16.858347778571428,-1.748965058010382,-1.1555109845393639,0.5934540734710181,0.1524,10.404948650719305,1.5709841628737065,1.9516237768788858,3.9032475537577715,14.695206365077336,0.836547611268714
97,5Iron,A,four3,radar,ops,16,4,16.42148691148455,14.368000000000002,56.95280159503608,55.24302226726476,2.0534869114845478,-1.7540540859186624,-1.709124866655614,0.04492921926304838,0.1524,10.404948650719305,1.5709841628737065,1.9516237768788858,3.9032475537577715,14.695206365077336,0.836547611268714
97,5Iron,A,four3_path_tdm,radar,ops,16,4,16.43200712064151,14.368000000000002,56.95280159503608,55.24302226726476,2.0640071206415094,-1.767008512221512,-1.7219119881775091,0.045096524044002884,0.1524,10.404948650719305,1.5709841628737065,1.9516237768788858,3.9032475537577715,14.695206365077336,0.836547611268714
97,5Iron,A,four3_path_tdm_neg,radar,ops,16,4,16.413859062678853,14.368000000000002,56.95280159503608,55.24302226726476,2.0458590626788506,-1.7418009146210438,-1.6968326899848578,0.044968224636185994,0.1524,10.404948650719305,1.5709841628737065,1.9516237768788858,3.9032475537577715,14.695206365077336,0.836547611268714
97,5Iron,A,four4_path_tdm,radar,ops,16,4,13.945607429415467,14.368000000000002,56.95280159503608,55.24302226726476,-0.4223925705845346,-2.203321085181029,-2.2024115590262165,0.0009095261548126565,0.1524,10.404948650719305,1.5709841628737065,1.9516237768788858,3.9032475537577715,14.695206365077336,0.836547611268714
97,5Iron,A,four4_path_tdm_neg,radar,ops,16,4,13.945607429415347,14.368000000000002,56.95280159503608,55.24302226726476,-0.4223925705846554,-2.2033210851810288,-2.202411559026216,0.0009095261548126565,0.1524,10.404948650719305,1.5709841628737065,1.9516237768788858,3.9032475537577715,14.695206365077336,0.836547611268714
97,5Iron,A,tx_later4,radar,ops,16,4,11.499853625373962,14.368000000000002,56.95280159503608,55.24302226726476,-2.86814637462604,-2.831836406996096,-2.740556056313375,0.09128035068272089,0.1524,10.404948650719305,1.5709841628737065,1.9516237768788858,3.9032475537577715,14.695206365077336,0.836547611268714
97,5Iron,A,tx_earlier4,radar,ops,16,4,14.029227737155901,14.368000000000002,56.95280159503608,55.24302226726476,-0.3387722628441008,-1.6927712453988797,-1.6924883141017737,0.00028293129710599274,0.1524,10.404948650719305,1.5709841628737065,1.9516237768788858,3.9032475537577715,14.695206365077336,0.836547611268714
98,5Iron,A,two8,radar,ops,17,5,11.519555409247255,14.74200000000001,59.05388611227838,57.17589581846707,-3.2224445907527546,-1.6575824931586063,-1.5457297157033176,0.11185277745528865,0.1524,10.404948650719305,1.5709841628737065,2.0490738298257094,4.098147659651419,15.434208507583765,0.81335466805409
98,5Iron,A,two8_path_tdm,radar,ops,17,5,11.567666596631238,14.74200000000001,59.05388611227838,57.17589581846707,-3.174333403368772,-1.6608716692640784,-1.5530968823525206,0.10777478691155773,0.1524,10.404948650719305,1.5709841628737065,2.0490738298257094,4.098147659651419,15.434208507583765,0.81335466805409
98,5Iron,A,two8_path_tdm_neg,radar,ops,17,5,11.51434059395543,14.74200000000001,59.05388611227838,57.17589581846707,-3.2276594060445802,-1.6546056085040821,-1.5392033505712945,0.11540225793278758,0.1524,10.404948650719305,1.5709841628737065,2.0490738298257094,4.098147659651419,15.434208507583765,0.81335466805409
98,5Iron,A,four3,radar,ops,17,5,10.086484368122433,14.74200000000001,59.05388611227838,57.17589581846707,-4.655515631877577,-1.6186743703566304,-1.5637510962856966,0.05492327407093378,0.1524,10.404948650719305,1.5709841628737065,2.0490738298257094,4.098147659651419,15.434208507583765,0.81335466805409
98,5Iron,A,four3_path_tdm,radar,ops,17,5,10.132792533927816,14.74200000000001,59.05388611227838,57.17589581846707,-4.609207466072194,-1.622893436128156,-1.5712177986795879,0.05167563744856807,0.1524,10.404948650719305,1.5709841628737065,2.0490738298257094,4.098147659651419,15.434208507583765,0.81335466805409
98,5Iron,A,four3_path_tdm_neg,radar,ops,17,5,10.061427534271967,14.74200000000001,59.05388611227838,57.17589581846707,-4.6805724657280425,-1.614601137824963,-1.5569687319675836,0.05763240585737939,0.1524,10.404948650719305,1.5709841628737065,2.0490738298257094,4.098147659651419,15.434208507583765,0.81335466805409
98,5Iron,A,four4_path_tdm,radar,ops,17,5,13.3746752966753,14.74200000000001,59.05388611227838,57.17589581846707,-1.3673247033247105,-1.8633758472234039,-1.8565549869487175,0.006820860274686424,0.1524,10.404948650719305,1.5709841628737065,2.0490738298257094,4.098147659651419,15.434208507583765,0.81335466805409
98,5Iron,A,four4_path_tdm_neg,radar,ops,17,5,13.374675296675933,14.74200000000001,59.05388611227838,57.17589581846707,-1.3673247033240763,-1.863375847223406,-1.856554986948715,0.006820860274691087,0.1524,10.404948650719305,1.5709841628737065,2.0490738298257094,4.098147659651419,15.434208507583765,0.81335466805409
98,5Iron,A,tx_later4,radar,ops,17,5,13.550479316768877,14.74200000000001,59.05388611227838,57.17589581846707,-1.1915206832311327,-2.068233955337022,-2.057027515866456,0.01120643947056621,0.1524,10.404948650719305,1.5709841628737065,2.0490738298257094,4.098147659651419,15.434208507583765,0.81335466805409
98,5Iron,A,tx_earlier4,radar,ops,17,5,13.359846673132104,14.74200000000001,59.05388611227838,57.17589581846707,-1.3821533268679058,-1.8428474806104016,-1.8364431906892704,0.006404289921131179,0.1524,10.404948650719305,1.5709841628737065,2.0490738298257094,4.098147659651419,15.434208507583765,0.81335466805409
99,5Iron,A,two8,radar,ops,19,5,9.562460663880097,14.71499999999999,58.47273507559434,56.6371797113006,-5.152539336119892,-1.5546862455931802,-1.1999660554944682,0.35472019009871203,0.1524,10.404948650719305,1.5709841628737065,2.069316851266989,4.138633702533978,15.588137354243273,0.8102372342042677
99,5Iron,A,two8_path_tdm,radar,ops,19,5,9.554191432945027,14.71499999999999,58.47273507559434,56.6371797113006,-5.160808567054962,-1.558654427126092,-1.1991239817022001,0.3595304454238919,0.1524,10.404948650719305,1.5709841628737065,2.069316851266989,4.138633702533978,15.588137354243273,0.8102372342042677
99,5Iron,A,two8_path_tdm_neg,radar,ops,19,5,9.563338716402619,14.71499999999999,58.47273507559434,56.6371797113006,-5.15166128359737,-1.5524178504216315,-1.2018663495999402,0.3505515008216913,0.1524,10.404948650719305,1.5709841628737065,2.069316851266989,4.138633702533978,15.588137354243273,0.8102372342042677
99,5Iron,A,four3,radar,ops,19,5,14.580547480389107,14.71499999999999,58.47273507559434,56.6371797113006,-0.1344525196108819,-1.4976115682387914,-1.4961270098125996,0.0014845584261917733,0.1524,10.404948650719305,1.5709841628737065,2.069316851266989,4.138633702533978,15.588137354243273,0.8102372342042677
99,5Iron,A,four3_path_tdm,radar,ops,19,5,14.60829792658179,14.71499999999999,58.47273507559434,56.6371797113006,-0.10670207341819982,-1.5041666957411146,-1.5027931786123045,0.0013735171288100645,0.1524,10.404948650719305,1.5709841628737065,2.069316851266989,4.138633702533978,15.588137354243273,0.8102372342042677
99,5Iron,A,four3_path_tdm_neg,radar,ops,19,5,14.544295665549663,14.71499999999999,58.47273507559434,56.6371797113006,-0.17070433445032585,-1.491331606374119,-1.4897298840886222,0.0016017222854969315,0.1524,10.404948650719305,1.5709841628737065,2.069316851266989,4.138633702533978,15.588137354243273,0.8102372342042677
99,5Iron,A,four4_path_tdm,radar,ops,19,5,16.57229324730231,14.71499999999999,58.47273507559434,56.6371797113006,1.8572932473023194,-1.8622775426112141,-1.8376847879659284,0.024592754645285764,0.1524,10.404948650719305,1.5709841628737065,2.069316851266989,4.138633702533978,15.588137354243273,0.8102372342042677
99,5Iron,A,four4_path_tdm_neg,radar,ops,19,5,16.572293247302355,14.71499999999999,58.47273507559434,56.6371797113006,1.8572932473023656,-1.8622775426112135,-1.837684787965927,0.02459275464528643,0.1524,10.404948650719305,1.5709841628737065,2.069316851266989,4.138633702533978,15.588137354243273,0.8102372342042677
99,5Iron,A,tx_later4,radar,ops,19,5,15.905357223857514,14.71499999999999,58.47273507559434,56.6371797113006,1.190357223857525,-1.9417439238544394,-1.9267109942013056,0.015032929653133742,0.1524,10.404948650719305,1.5709841628737065,2.069316851266989,4.138633702533978,15.588137354243273,0.8102372342042677
99,5Iron,A,tx_earlier4,radar,ops,19,5,15.548079390521158,14.71499999999999,58.47273507559434,56.6371797113006,0.8330793905211689,-1.5160018551050432,-1.513537760004825,0.0024640951002181666,0.1524,10.404948650719305,1.5709841628737065,2.069316851266989,4.138633702533978,15.588137354243273,0.8102372342042677
101,5Iron,A,two8,radar,ops,16,4,9.729218126462362,14.392000000000003,57.08691337273239,55.92534376491948,-4.662781873537641,-1.3635181970778338,-1.1453266023453033,0.21819159473253058,0.1524,10.404948650719305,1.5709841628737065,1.9135333155520295,3.827066631104059,14.40596371483836,0.8428939363622897
101,5Iron,A,two8_path_tdm,radar,ops,16,4,9.710082914531725,14.392000000000003,57.08691337273239,55.92534376491948,-4.681917085468278,-1.3696748570691641,-1.1505499681905258,0.21912488887863835,0.1524,10.404948650719305,1.5709841628737065,1.9135333155520295,3.827066631104059,14.40596371483836,0.8428939363622897
101,5Iron,A,two8_path_tdm_neg,radar,ops,16,4,9.7586344501742,14.392000000000003,57.08691337273239,55.92534376491948,-4.633365549825802,-1.357783495143173,-1.1412162000083457,0.21656729513482742,0.1524,10.404948650719305,1.5709841628737065,1.9135333155520295,3.827066631104059,14.40596371483836,0.8428939363622897
101,5Iron,A,four3,radar,ops,16,4,14.048524671561657,14.392000000000003,57.08691337273239,55.92534376491948,-0.3434753284383465,-1.2759977065998702,-1.2756183785260211,0.0003793280738491056,0.1524,10.404948650719305,1.5709841628737065,1.9135333155520295,3.827066631104059,14.40596371483836,0.8428939363622897
101,5Iron,A,four3_path_tdm,radar,ops,16,4,-2.1402896536941767,14.392000000000003,57.08691337273239,55.92534376491948,-16.53228965369418,-1.412198307375575,-1.285864704822296,0.12633360255327908,0.1524,10.404948650719305,1.5709841628737065,1.9135333155520295,3.827066631104059,14.40596371483836,0.8428939363622897
101,5Iron,A,four3_path_tdm_neg,radar,ops,16,4,14.159953808702216,14.392000000000003,57.08691337273239,55.92534376491948,-0.23204619129778692,-1.2650680701792334,-1.2656016394757745,-0.0005335692965411365,0.1524,10.404948650719305,1.5709841628737065,1.9135333155520295,3.827066631104059,14.40596371483836,0.8428939363622897
101,5Iron,A,four4_path_tdm,radar,ops,16,4,15.527720554911397,14.392000000000003,57.08691337273239,55.92534376491948,1.1357205549113942,-1.880289518910633,-1.8749303199956033,0.005359198915029673,0.1524,10.404948650719305,1.5709841628737065,1.9135333155520295,3.827066631104059,14.40596371483836,0.8428939363622897
101,5Iron,A,four4_path_tdm_neg,radar,ops,16,4,15.527720554911818,14.392000000000003,57.08691337273239,55.92534376491948,1.1357205549118152,-1.8802895189106303,-1.8749303199955984,0.005359198915031893,0.1524,10.404948650719305,1.5709841628737065,1.9135333155520295,3.827066631104059,14.40596371483836,0.8428939363622897
101,5Iron,A,tx_later4,radar,ops,16,4,15.047448031689942,14.392000000000003,57.08691337273239,55.92534376491948,0.6554480316899394,-1.9560145854876319,-1.9538356649094015,0.0021789205782303256,0.1524,10.404948650719305,1.5709841628737065,1.9135333155520295,3.827066631104059,14.40596371483836,0.8428939363622897
101,5Iron,A,tx_earlier4,radar,ops,16,4,17.363414339608575,14.392000000000003,57.08691337273239,55.92534376491948,2.9714143396085717,-1.5605030020127943,-1.5395180141147327,0.02098498789806169,0.1524,10.404948650719305,1.5709841628737065,1.9135333155520295,3.827066631104059,14.40596371483836,0.8428939363622897
103,Driver,A,two8,radar,ops,12,3,6.828359416015207,10.004000000000007,66.20651425608196,65.04050420858877,-3.1756405839847996,-2.115596871238422,-1.965339145827058,0.15025772541136395,0.1524,10.404948650719305,1.5725731270754948,1.4680188300076558,2.9360376600153115,11.037954798479962,0.9924350878985017
103,Driver,A,two8_path_tdm,radar,ops,12,3,6.8753540614723745,10.004000000000007,66.20651425608196,65.04050420858877,-3.128645938527632,-2.1161957921689094,-1.966047356187446,0.15014843598146332,0.1524,10.404948650719305,1.5725731270754948,1.4680188300076558,2.9360376600153115,11.037954798479962,0.9924350878985017
103,Driver,A,two8_path_tdm_neg,radar,ops,12,3,6.778177015376833,10.004000000000007,66.20651425608196,65.04050420858877,-3.225822984623174,-2.1150621350455032,-1.9625414351277561,0.15252069991774708,0.1524,10.404948650719305,1.5725731270754948,1.4680188300076558,2.9360376600153115,11.037954798479962,0.9924350878985017
103,Driver,A,four3,radar,ops,12,3,12.795904514905292,10.004000000000007,66.20651425608196,65.04050420858877,2.7919045149052852,-1.8497692147009988,-1.8274658815530673,0.022303333147931426,0.1524,10.404948650719305,1.5725731270754948,1.4680188300076558,2.9360376600153115,11.037954798479962,0.9924350878985017
103,Driver,A,four3_path_tdm,radar,ops,12,3,-3.7022270947154823,10.004000000000007,66.20651425608196,65.04050420858877,-13.706227094715489,-1.8998927496620164,-1.8293601657971914,0.07053258386482497,0.1524,10.404948650719305,1.5725731270754948,1.4680188300076558,2.9360376600153115,11.037954798479962,0.9924350878985017
103,Driver,A,four3_path_tdm_neg,radar,ops,12,3,12.893100736879319,10.004000000000007,66.20651425608196,65.04050420858877,2.8891007368793122,-1.8453946480683987,-1.825819564031623,0.01957508403677566,0.1524,10.404948650719305,1.5725731270754948,1.4680188300076558,2.9360376600153115,11.037954798479962,0.9924350878985017
103,Driver,A,four4_path_tdm,radar,ops,12,3,12.885284499419809,10.004000000000007,66.20651425608196,65.04050420858877,2.8812844994198024,-2.0118067791594467,-1.986445963049911,0.025360816109535778,0.1524,10.404948650719305,1.5725731270754948,1.4680188300076558,2.9360376600153115,11.037954798479962,0.9924350878985017
103,Driver,A,four4_path_tdm_neg,radar,ops,12,3,12.885284499419702,10.004000000000007,66.20651425608196,65.04050420858877,2.8812844994196958,-2.011806779159444,-1.9864459630499118,0.025360816109532225,0.1524,10.404948650719305,1.5725731270754948,1.4680188300076558,2.9360376600153115,11.037954798479962,0.9924350878985017
103,Driver,A,tx_later4,radar,ops,12,3,-2.686321731221842,10.004000000000007,66.20651425608196,65.04050420858877,-12.690321731221848,-1.9465023488286544,-1.7823011141955292,0.1642012346331252,0.1524,10.404948650719305,1.5725731270754948,1.4680188300076558,2.9360376600153115,11.037954798479962,0.9924350878985017
103,Driver,A,tx_earlier4,radar,ops,12,3,10.995566870797296,10.004000000000007,66.20651425608196,65.04050420858877,0.9915668707972891,-2.0071433617110475,-2.004793025825133,0.0023503358859144896,0.1524,10.404948650719305,1.5725731270754948,1.4680188300076558,2.9360376600153115,11.037954798479962,0.9924350878985017
104,Driver,A,two8,radar,ops,23,6,13.44562411326546,17.990000000000002,61.557305962609625,58.72067316160003,-4.544375886734542,-1.391684366742256,-1.0957572236812154,0.2959271430610406,0.1524,10.404948650719305,1.5725731270754948,2.5019463814999865,5.003892762999973,18.871953151609723,0.6913486647756732
104,Driver,A,two8_path_tdm,radar,ops,23,6,13.433670687709766,17.990000000000002,61.557305962609625,58.72067316160003,-4.556329312290236,-1.392917869759551,-1.1018717958014759,0.29104607395807514,0.1524,10.404948650719305,1.5725731270754948,2.5019463814999865,5.003892762999973,18.871953151609723,0.6913486647756732
104,Driver,A,two8_path_tdm_neg,radar,ops,23,6,13.459518436762805,17.990000000000002,61.557305962609625,58.72067316160003,-4.530481563237197,-1.3904942546112415,-1.09040623579007,0.30008801882117164,0.1524,10.404948650719305,1.5725731270754948,2.5019463814999865,5.003892762999973,18.871953151609723,0.6913486647756732
104,Driver,A,four3,radar,ops,23,6,13.063823687765833,17.990000000000002,61.557305962609625,58.72067316160003,-4.926176312234169,-1.4044186956178477,-1.3287151116098705,0.07570358400797716,0.1524,10.404948650719305,1.5725731270754948,2.5019463814999865,5.003892762999973,18.871953151609723,0.6913486647756732
104,Driver,A,four3_path_tdm,radar,ops,23,6,14.466856634503385,17.990000000000002,61.557305962609625,58.72067316160003,-3.523143365496617,-1.4108797910862705,-1.337518530231195,0.07336126085507555,0.1524,10.404948650719305,1.5725731270754948,2.5019463814999865,5.003892762999973,18.871953151609723,0.6913486647756732
104,Driver,A,four3_path_tdm_neg,radar,ops,23,6,12.882994985192623,17.990000000000002,61.557305962609625,58.72067316160003,-5.107005014807379,-1.3990242935834232,-1.3205374773907537,0.0784868161926695,0.1524,10.404948650719305,1.5725731270754948,2.5019463814999865,5.003892762999973,18.871953151609723,0.6913486647756732
104,Driver,A,four4_path_tdm,radar,ops,23,6,11.514476929278004,17.990000000000002,61.557305962609625,58.72067316160003,-6.475523070721998,-1.5751365731213849,-1.4465133171811548,0.12862325594023005,0.1524,10.404948650719305,1.5725731270754948,2.5019463814999865,5.003892762999973,18.871953151609723,0.6913486647756732
104,Driver,A,four4_path_tdm_neg,radar,ops,23,6,11.514476929278354,17.990000000000002,61.557305962609625,58.72067316160003,-6.475523070721648,-1.5751365731213856,-1.4465133171811548,0.12862325594023072,0.1524,10.404948650719305,1.5725731270754948,2.5019463814999865,5.003892762999973,18.871953151609723,0.6913486647756732
104,Driver,A,tx_later4,radar,ops,23,6,13.048250673790312,17.990000000000002,61.557305962609625,58.72067316160003,-4.94174932620969,-1.4239777220525707,-1.3789493633115937,0.04502835874097699,0.1524,10.404948650719305,1.5725731270754948,2.5019463814999865,5.003892762999973,18.871953151609723,0.6913486647756732
104,Driver,A,tx_earlier4,radar,ops,23,6,10.084323584322563,17.990000000000002,61.557305962609625,58.72067316160003,-7.905676415677439,-1.8815345305609685,-1.5760997134861283,0.3054348170748402,0.1524,10.404948650719305,1.5725731270754948,2.5019463814999865,5.003892762999973,18.871953151609723,0.6913486647756732
105,Driver,A,two8,radar,ops,20,5,-5.0,5.857999999999973,64.32894936833353,62.482001443068725,-10.857999999999972,-1.964900407331233,-1.8260544294997856,0.13884597783144748,0.1524,10.404948650719305,1.5725731270754948,1.044172718182057,2.088345436364114,7.846955185495891,1.2631332221367655
105,Driver,A,two8_path_tdm,radar,ops,20,5,-1.986448799739604,5.857999999999973,64.32894936833353,62.482001443068725,-7.8444487997395775,-2.0179359768714002,-1.8283734965432898,0.1895624803281104,0.1524,10.404948650719305,1.5725731270754948,1.044172718182057,2.088345436364114,7.846955185495891,1.2631332221367655
105,Driver,A,two8_path_tdm_neg,radar,ops,20,5,-3.33760957499113,5.857999999999973,64.32894936833353,62.482001443068725,-9.195609574991103,-2.0435390039010506,-1.823602377277163,0.21993662662388758,0.1524,10.404948650719305,1.5725731270754948,1.044172718182057,2.088345436364114,7.846955185495891,1.2631332221367655
105,Driver,A,four3,radar,ops,20,5,-2.646645107645749,5.857999999999973,64.32894936833353,62.482001443068725,-8.504645107645722,-1.6000249836493772,-1.5663138470413602,0.033711136608016945,0.1524,10.404948650719305,1.5725731270754948,1.044172718182057,2.088345436364114,7.846955185495891,1.2631332221367655
105,Driver,A,four3_path_tdm,radar,ops,20,5,-3.622770834330744,5.857999999999973,64.32894936833353,62.482001443068725,-9.480770834330716,-1.6615502228143118,-1.5685313488970452,0.0930188739172666,0.1524,10.404948650719305,1.5725731270754948,1.044172718182057,2.088345436364114,7.846955185495891,1.2631332221367655
105,Driver,A,four3_path_tdm_neg,radar,ops,20,5,-3.369732977519444,5.857999999999973,64.32894936833353,62.482001443068725,-9.227732977519416,-1.674039464459516,-1.56406689822544,0.10997256623407603,0.1524,10.404948650719305,1.5725731270754948,1.044172718182057,2.088345436364114,7.846955185495891,1.2631332221367655
105,Driver,A,four4_path_tdm,radar,ops,20,5,-5.0,5.857999999999973,64.32894936833353,62.482001443068725,-10.857999999999972,-2.1160300876006994,-2.0927665756109084,0.02326351198979104,0.1524,10.404948650719305,1.5725731270754948,1.044172718182057,2.088345436364114,7.846955185495891,1.2631332221367655
105,Driver,A,four4_path_tdm_neg,radar,ops,20,5,-5.0,5.857999999999973,64.32894936833353,62.482001443068725,-10.857999999999972,-2.1160300876010223,-2.0927665756109084,0.023263511990113894,0.1524,10.404948650719305,1.5725731270754948,1.044172718182057,2.088345436364114,7.846955185495891,1.2631332221367655
105,Driver,A,tx_later4,radar,ops,20,5,8.237423093247333,5.857999999999973,64.32894936833353,62.482001443068725,2.37942309324736,-2.0684259812152783,-2.0356903398476653,0.03273564136761298,0.1524,10.404948650719305,1.5725731270754948,1.044172718182057,2.088345436364114,7.846955185495891,1.2631332221367655
105,Driver,A,tx_earlier4,radar,ops,20,5,-2.1535355169554005,5.857999999999973,64.32894936833353,62.482001443068725,-8.011535516955373,-2.110858305518195,-2.0244197637257093,0.08643854179248578,0.1524,10.404948650719305,1.5725731270754948,1.044172718182057,2.088345436364114,7.846955185495891,1.2631332221367655
112,Driver,A,two8,radar,ops,12,3,6.753090312960924,10.008999999999974,68.57582232871691,66.71210258129634,-3.2559096870390496,-1.6839637017718818,-1.6266823651453797,0.057281336626502144,0.1524,10.404948650719305,1.5725731270754948,1.3903005998755602,2.7806011997511204,10.449600011826398,1.0011940781634343
112,Driver,A,two8_path_tdm,radar,ops,12,3,6.609531174978293,10.008999999999974,68.57582232871691,66.71210258129634,-3.399468825021681,-1.6846627425299978,-1.6222899021039174,0.06237284042608038,0.1524,10.404948650719305,1.5725731270754948,1.3903005998755602,2.7806011997511204,10.449600011826398,1.0011940781634343
112,Driver,A,two8_path_tdm_neg,radar,ops,12,3,-2.3370220752361823,10.008999999999974,68.57582232871691,66.71210258129634,-12.346022075236156,-1.7083043886392462,-1.6311943222877272,0.07711006635151896,0.1524,10.404948650719305,1.5725731270754948,1.3903005998755602,2.7806011997511204,10.449600011826398,1.0011940781634343
112,Driver,A,four3,radar,ops,12,3,20.8855877578829,10.008999999999974,68.57582232871691,66.71210258129634,10.876587757882925,-1.7884231233105237,-1.4792639484368515,0.30915917487367217,0.1524,10.404948650719305,1.5725731270754948,1.3903005998755602,2.7806011997511204,10.449600011826398,1.0011940781634343
112,Driver,A,four3_path_tdm,radar,ops,12,3,20.906114339630697,10.008999999999974,68.57582232871691,66.71210258129634,10.897114339630724,-1.7904687910912755,-1.4829664961821756,0.30750229490909997,0.1524,10.404948650719305,1.5725731270754948,1.3903005998755602,2.7806011997511204,10.449600011826398,1.0011940781634343
112,Driver,A,four3_path_tdm_neg,radar,ops,12,3,20.91956520176936,10.008999999999974,68.57582232871691,66.71210258129634,10.910565201769385,-1.7902819572319197,-1.475931083399945,0.3143508738319747,0.1524,10.404948650719305,1.5725731270754948,1.3903005998755602,2.7806011997511204,10.449600011826398,1.0011940781634343
112,Driver,A,four4_path_tdm,radar,ops,12,3,17.78962892209318,10.008999999999974,68.57582232871691,66.71210258129634,7.7806289220932054,-1.6914865848315008,-1.5736151882533485,0.11787139657815238,0.1524,10.404948650719305,1.5725731270754948,1.3903005998755602,2.7806011997511204,10.449600011826398,1.0011940781634343
112,Driver,A,four4_path_tdm_neg,radar,ops,12,3,17.789628922093197,10.008999999999974,68.57582232871691,66.71210258129634,7.780628922093223,-1.6914865848315017,-1.5736151882533456,0.11787139657815615,0.1524,10.404948650719305,1.5725731270754948,1.3903005998755602,2.7806011997511204,10.449600011826398,1.0011940781634343
112,Driver,A,tx_later4,radar,ops,12,3,12.57573270922939,10.008999999999974,68.57582232871691,66.71210258129634,2.5667327092294165,-2.1699891218689698,-2.154449466106992,0.015539655761977578,0.1524,10.404948650719305,1.5725731270754948,1.3903005998755602,2.7806011997511204,10.449600011826398,1.0011940781634343
112,Driver,A,tx_earlier4,radar,ops,12,3,27.716103137237187,10.008999999999974,68.57582232871691,66.71210258129634,17.707103137237212,-1.5075891518570712,-0.9530951010494371,0.5544940508076341,0.1524,10.404948650719305,1.5725731270754948,1.3903005998755602,2.7806011997511204,10.449600011826398,1.0011940781634343
113,Driver,A,two8,radar,ops,16,5,10.381095121827371,13.960999999999997,65.53595536760038,63.52557867311998,-3.5799048781726253,-1.9534644102996175,-1.7122112158395346,0.24125319446008286,0.1524,10.404948650719305,1.5725731270754948,1.9491502920374049,3.8983005840748097,14.674646970406412,0.8258946377695198
113,Driver,A,two8_path_tdm,radar,ops,16,5,10.364948331551028,13.960999999999997,65.53595536760038,63.52557867311998,-3.5960516684489683,-1.9530431379479214,-1.7061610495715087,0.24688208837641268,0.1524,10.404948650719305,1.5725731270754948,1.9491502920374049,3.8983005840748097,14.674646970406412,0.8258946377695198
113,Driver,A,two8_path_tdm_neg,radar,ops,16,5,10.39889848618714,13.960999999999997,65.53595536760038,63.52557867311998,-3.5621015138128573,-1.9543730548261877,-1.7191869303429705,0.23518612448321718,0.1524,10.404948650719305,1.5725731270754948,1.9491502920374049,3.8983005840748097,14.674646970406412,0.8258946377695198
113,Driver,A,four3,radar,ops,16,5,11.086227658227218,13.960999999999997,65.53595536760038,63.52557867311998,-2.874772341772779,-1.9471271686475142,-1.8990527669989834,0.04807440164853083,0.1524,10.404948650719305,1.5725731270754948,1.9491502920374049,3.8983005840748097,14.674646970406412,0.8258946377695198
113,Driver,A,four3_path_tdm,radar,ops,16,5,11.14456476586072,13.960999999999997,65.53595536760038,63.52557867311998,-2.816435234139277,-1.9506051004472411,-1.9048015013412758,0.04580359910596532,0.1524,10.404948650719305,1.5725731270754948,1.9491502920374049,3.8983005840748097,14.674646970406412,0.8258946377695198
113,Driver,A,four3_path_tdm_neg,radar,ops,16,5,11.037036901227227,13.960999999999997,65.53595536760038,63.52557867311998,-2.92396309877277,-1.9441160955602386,-1.8939541825954358,0.05016191296480277,0.1524,10.404948650719305,1.5725731270754948,1.9491502920374049,3.8983005840748097,14.674646970406412,0.8258946377695198
113,Driver,A,four4_path_tdm,radar,ops,16,5,8.517926410917626,13.960999999999997,65.53595536760038,63.52557867311998,-5.4430735890823705,-2.2951426415050005,-2.1858041186963506,0.10933852280864986,0.1524,10.404948650719305,1.5725731270754948,1.9491502920374049,3.8983005840748097,14.674646970406412,0.8258946377695198
113,Driver,A,four4_path_tdm_neg,radar,ops,16,5,8.517926410917577,13.960999999999997,65.53595536760038,63.52557867311998,-5.44307358908242,-2.295142641505001,-2.185804118696352,0.10933852280864897,0.1524,10.404948650719305,1.5725731270754948,1.9491502920374049,3.8983005840748097,14.674646970406412,0.8258946377695198
113,Driver,A,tx_later4,radar,ops,16,5,5.934702011038276,13.960999999999997,65.53595536760038,63.52557867311998,-8.026297988961721,-2.443217241391226,-2.2322811460697483,0.2109360953214776,0.1524,10.404948650719305,1.5725731270754948,1.9491502920374049,3.8983005840748097,14.674646970406412,0.8258946377695198
113,Driver,A,tx_earlier4,radar,ops,16,5,9.772911553445086,13.960999999999997,65.53595536760038,63.52557867311998,-4.188088446554911,-2.256010882866542,-2.222780675177674,0.033230207688867974,0.1524,10.404948650719305,1.5725731270754948,1.9491502920374049,3.8983005840748097,14.674646970406412,0.8258946377695198
114,Driver,A,two8,radar,ops,18,5,13.504456194109755,14.620999999999993,68.754638032312,66.41769366658134,-1.1165438058902382,-1.5290349915526218,-1.5029296539747308,0.02610533757789102,0.1524,10.404948650719305,1.5725731270754948,2.16559499209531,4.33118998419062,16.31789028523732,0.7810483268166849
114,Driver,A,two8_path_tdm,radar,ops,18,5,13.474461594010075,14.620999999999993,68.754638032312,66.41769366658134,-1.1465384059899186,-1.5293754224477838,-1.502102075762368,0.02727334668541581,0.1524,10.404948650719305,1.5725731270754948,2.16559499209531,4.33118998419062,16.31789028523732,0.7810483268166849
114,Driver,A,two8_path_tdm_neg,radar,ops,18,5,13.507963732870007,14.620999999999993,68.754638032312,66.41769366658134,-1.1130362671299867,-1.5309988662615834,-1.5054967076717702,0.025502158589813195,0.1524,10.404948650719305,1.5725731270754948,2.16559499209531,4.33118998419062,16.31789028523732,0.7810483268166849
114,Driver,A,four3,radar,ops,18,5,10.093215990780159,14.620999999999993,68.754638032312,66.41769366658134,-4.527784009219834,-1.7545508573964639,-1.644376857127186,0.11017400026927793,0.1524,10.404948650719305,1.5725731270754948,2.16559499209531,4.33118998419062,16.31789028523732,0.7810483268166849
114,Driver,A,four3_path_tdm,radar,ops,18,5,10.200033232548822,14.620999999999993,68.754638032312,66.41769366658134,-4.420966767451171,-1.7621821782485365,-1.6597923035295714,0.1023898747189651,0.1524,10.404948650719305,1.5725731270754948,2.16559499209531,4.33118998419062,16.31789028523732,0.7810483268166849
114,Driver,A,four3_path_tdm_neg,radar,ops,18,5,10.010985749800334,14.620999999999993,68.754638032312,66.41769366658134,-4.61001425019966,-1.747103833960356,-1.6301995303752133,0.1169043035851427,0.1524,10.404948650719305,1.5725731270754948,2.16559499209531,4.33118998419062,16.31789028523732,0.7810483268166849
114,Driver,A,four4_path_tdm,radar,ops,18,5,12.838943551072562,14.620999999999993,68.754638032312,66.41769366658134,-1.782056448927431,-2.0802371524339356,-2.056224205890829,0.024012946543106484,0.1524,10.404948650719305,1.5725731270754948,2.16559499209531,4.33118998419062,16.31789028523732,0.7810483268166849
114,Driver,A,four4_path_tdm_neg,radar,ops,18,5,12.83894355107271,14.620999999999993,68.754638032312,66.41769366658134,-1.7820564489272837,-2.080237152433936,-2.0562242058908287,0.024012946543107372,0.1524,10.404948650719305,1.5725731270754948,2.16559499209531,4.33118998419062,16.31789028523732,0.7810483268166849
114,Driver,A,tx_later4,radar,ops,18,5,11.236209469586951,14.620999999999993,68.754638032312,66.41769366658134,-3.384790530413042,-2.09806553259373,-2.0503762654202538,0.047689267173476324,0.1524,10.404948650719305,1.5725731270754948,2.16559499209531,4.33118998419062,16.31789028523732,0.7810483268166849
114,Driver,A,tx_earlier4,radar,ops,18,5,13.93877829844925,14.620999999999993,68.754638032312,66.41769366658134,-0.682221701550743,-1.8720442650725175,-1.8696590615586146,0.0023852035139029226,0.1524,10.404948650719305,1.5725731270754948,2.16559499209531,4.33118998419062,16.31789028523732,0.7810483268166849
115,SandWedge,A,two8,radar,ops,28,7,28.26022377445991,31.661999999999985,31.33745205503947,28.836434147209175,-3.4017762255400754,-1.8196267841643514,-1.4557803331370345,0.36384645102731694,0.1524,10.404948650719305,1.5709841628737065,3.8724657626442394,7.744931525288479,29.397005873423044,0.4753926341898024
115,SandWedge,A,two8_path_tdm,radar,ops,28,7,28.377875041580555,31.661999999999985,31.33745205503947,28.836434147209175,-3.2841249584194294,-1.8384482469276084,-1.4674879557142084,0.3709602912134,0.1524,10.404948650719305,1.5709841628737065,3.8724657626442394,7.744931525288479,29.397005873423044,0.4753926341898024
115,SandWedge,A,two8_path_tdm_neg,radar,ops,28,7,28.098019305218358,31.661999999999985,31.33745205503947,28.836434147209175,-3.563980694781627,-1.806252639716974,-1.4427539952739024,0.3634986444430717,0.1524,10.404948650719305,1.5709841628737065,3.8724657626442394,7.744931525288479,29.397005873423044,0.4753926341898024
115,SandWedge,A,four3,radar,ops,28,7,28.22777860746501,31.661999999999985,31.33745205503947,28.836434147209175,-3.434221392534976,-2.0462005197826776,-1.7418286062650092,0.30437191351766835,0.1524,10.404948650719305,1.5709841628737065,3.8724657626442394,7.744931525288479,29.397005873423044,0.4753926341898024
115,SandWedge,A,four3_path_tdm,radar,ops,28,7,28.20597198906065,31.661999999999985,31.33745205503947,28.836434147209175,-3.4560280109393346,-2.0618744973402507,-1.748006173921544,0.31386832341870674,0.1524,10.404948650719305,1.5709841628737065,3.8724657626442394,7.744931525288479,29.397005873423044,0.4753926341898024
115,SandWedge,A,four3_path_tdm_neg,radar,ops,28,7,28.271449575809754,31.661999999999985,31.33745205503947,28.836434147209175,-3.3905504241902307,-2.0295981423151592,-1.7350855800350693,0.29451256228008993,0.1524,10.404948650719305,1.5709841628737065,3.8724657626442394,7.744931525288479,29.397005873423044,0.4753926341898024
115,SandWedge,A,four4_path_tdm,radar,ops,28,7,27.443923441027852,31.661999999999985,31.33745205503947,28.836434147209175,-4.2180765589721325,-2.108012283396845,-1.9190565330878981,0.18895575030894696,0.1524,10.404948650719305,1.5709841628737065,3.8724657626442394,7.744931525288479,29.397005873423044,0.4753926341898024
115,SandWedge,A,four4_path_tdm_neg,radar,ops,28,7,27.443923441027792,31.661999999999985,31.33745205503947,28.836434147209175,-4.218076558972193,-2.1080122833968433,-1.9190565330878981,0.18895575030894518,0.1524,10.404948650719305,1.5709841628737065,3.8724657626442394,7.744931525288479,29.397005873423044,0.4753926341898024
115,SandWedge,A,tx_later4,radar,ops,28,7,29.202728468677762,31.661999999999985,31.33745205503947,28.836434147209175,-2.459271531322223,-2.1663938253936807,-2.063942358810876,0.10245146658280468,0.1524,10.404948650719305,1.5709841628737065,3.8724657626442394,7.744931525288479,29.397005873423044,0.4753926341898024
115,SandWedge,A,tx_earlier4,radar,ops,28,7,25.348674965898322,31.661999999999985,31.33745205503947,28.836434147209175,-6.313325034101663,-2.063414357335921,-1.8641647152579464,0.1992496420779748,0.1524,10.404948650719305,1.5709841628737065,3.8724657626442394,7.744931525288479,29.397005873423044,0.4753926341898024
116,SandWedge,A,two8,radar,ops,21,6,28.478615661024914,29.217000000000002,29.728110722683663,30.553232406976534,-0.7383843389750879,-1.2873360291274643,-1.2770135934571192,0.010322435670345076,0.1524,10.404948650719305,1.5709841628737065,3.3100337456237083,6.620067491247417,25.046198040024592,0.5376648972888615
116,SandWedge,A,two8_path_tdm,radar,ops,21,6,28.562416331437085,29.217000000000002,29.728110722683663,30.553232406976534,-0.6545836685629176,-1.2886983998158723,-1.281041082345151,0.007657317470721292,0.1524,10.404948650719305,1.5709841628737065,3.3100337456237083,6.620067491247417,25.046198040024592,0.5376648972888615
116,SandWedge,A,two8_path_tdm_neg,radar,ops,21,6,28.457876279644818,29.217000000000002,29.728110722683663,30.553232406976534,-0.7591237203551842,-1.288313046330017,-1.2773283892409497,0.010984657089067262,0.1524,10.404948650719305,1.5709841628737065,3.3100337456237083,6.620067491247417,25.046198040024592,0.5376648972888615
116,SandWedge,A,four3,radar,ops,21,6,28.950531622462595,29.217000000000002,29.728110722683663,30.553232406976534,-0.26646837753740726,-1.3213810437900426,-1.320602488415199,0.0007785553748436147,0.1524,10.404948650719305,1.5709841628737065,3.3100337456237083,6.620067491247417,25.046198040024592,0.5376648972888615
116,SandWedge,A,four3_path_tdm,radar,ops,21,6,29.02731063858609,29.217000000000002,29.728110722683663,30.553232406976534,-0.18968936141391168,-1.3370373094817498,-1.3366350524740958,0.00040225700765406103,0.1524,10.404948650719305,1.5709841628737065,3.3100337456237083,6.620067491247417,25.046198040024592,0.5376648972888615
116,SandWedge,A,four3_path_tdm_neg,radar,ops,21,6,28.825467194034076,29.217000000000002,29.728110722683663,30.553232406976534,-0.39153280596592666,-1.307123634572517,-1.3059522839786901,0.001171350593826892,0.1524,10.404948650719305,1.5709841628737065,3.3100337456237083,6.620067491247417,25.046198040024592,0.5376648972888615
116,SandWedge,A,four4_path_tdm,radar,ops,21,6,24.224012276736637,29.217000000000002,29.728110722683663,30.553232406976534,-4.992987723263365,-1.4511659447429117,-1.3581031481989772,0.09306279654393457,0.1524,10.404948650719305,1.5709841628737065,3.3100337456237083,6.620067491247417,25.046198040024592,0.5376648972888615
116,SandWedge,A,four4_path_tdm_neg,radar,ops,21,6,24.22401227673675,29.217000000000002,29.728110722683663,30.553232406976534,-4.992987723263251,-1.4511659447429113,-1.3581031481989765,0.09306279654393479,0.1524,10.404948650719305,1.5709841628737065,3.3100337456237083,6.620067491247417,25.046198040024592,0.5376648972888615
116,SandWedge,A,tx_later4,radar,ops,21,6,23.366429607009906,29.217000000000002,29.728110722683663,30.553232406976534,-5.850570392990097,-1.694775777573044,-1.524522713812269,0.1702530637607751,0.1524,10.404948650719305,1.5709841628737065,3.3100337456237083,6.620067491247417,25.046198040024592,0.5376648972888615
116,SandWedge,A,tx_earlier4,radar,ops,21,6,25.798209319137246,29.217000000000002,29.728110722683663,30.553232406976534,-3.418790680862756,-1.5927618264981156,-1.542626899810232,0.05013492668788366,0.1524,10.404948650719305,1.5709841628737065,3.3100337456237083,6.620067491247417,25.046198040024592,0.5376648972888615
117,SandWedge,A,two8,radar,ops,20,5,26.277941738728735,30.729999999999986,33.79616797947195,31.204397850742673,-4.452058261271251,-1.941404602464426,-1.300371510478286,0.64103309198614,0.1524,10.404948650719305,1.5709841628737065,3.524188126309047,7.048376252618094,26.69652477231528,0.5106154543428811
117,SandWedge,A,two8_path_tdm,radar,ops,20,5,26.282322084535092,30.729999999999986,33.79616797947195,31.204397850742673,-4.447677915464894,-1.948101479962594,-1.3059161591209427,0.6421853208416513,0.1524,10.404948650719305,1.5709841628737065,3.524188126309047,7.048376252618094,26.69652477231528,0.5106154543428811
117,SandWedge,A,two8_path_tdm_neg,radar,ops,20,5,26.279117168906325,30.729999999999986,33.79616797947195,31.204397850742673,-4.4508828310936615,-1.9349691545445844,-1.2957766569853646,0.6391924975592198,0.1524,10.404948650719305,1.5709841628737065,3.524188126309047,7.048376252618094,26.69652477231528,0.5106154543428811
117,SandWedge,A,four3,radar,ops,20,5,26.661761145696182,30.729999999999986,33.79616797947195,31.204397850742673,-4.068238854303804,-2.1758734692136774,-1.7087474443364257,0.46712602487725174,0.1524,10.404948650719305,1.5709841628737065,3.524188126309047,7.048376252618094,26.69652477231528,0.5106154543428811
117,SandWedge,A,four3_path_tdm,radar,ops,20,5,26.473814415240003,30.729999999999986,33.79616797947195,31.204397850742673,-4.256185584759983,-2.1880652477686664,-1.7006627309016284,0.48740251686703795,0.1524,10.404948650719305,1.5709841628737065,3.524188126309047,7.048376252618094,26.69652477231528,0.5106154543428811
117,SandWedge,A,four3_path_tdm_neg,radar,ops,20,5,26.78264939407866,30.729999999999986,33.79616797947195,31.204397850742673,-3.9473506059213257,-2.16428864501379,-1.7154676154626944,0.4488210295510955,0.1524,10.404948650719305,1.5709841628737065,3.524188126309047,7.048376252618094,26.69652477231528,0.5106154543428811
117,SandWedge,A,four4_path_tdm,radar,ops,20,5,24.993776644568005,30.729999999999986,33.79616797947195,31.204397850742673,-5.7362233554319815,-2.1464508323802383,-1.9687454990079143,0.17770533337232397,0.1524,10.404948650719305,1.5709841628737065,3.524188126309047,7.048376252618094,26.69652477231528,0.5106154543428811
117,SandWedge,A,four4_path_tdm_neg,radar,ops,20,5,24.993776644568,30.729999999999986,33.79616797947195,31.204397850742673,-5.736223355431985,-2.146450832380238,-1.9687454990079136,0.1777053333723242,0.1524,10.404948650719305,1.5709841628737065,3.524188126309047,7.048376252618094,26.69652477231528,0.5106154543428811
117,SandWedge,A,tx_later4,radar,ops,20,5,26.2253080349941,30.729999999999986,33.79616797947195,31.204397850742673,-4.504691965005886,-2.3713159675270976,-2.121616944345002,0.24969902318209547,0.1524,10.404948650719305,1.5709841628737065,3.524188126309047,7.048376252618094,26.69652477231528,0.5106154543428811
117,SandWedge,A,tx_earlier4,radar,ops,20,5,25.51588081159831,30.729999999999986,33.79616797947195,31.204397850742673,-5.214119188401675,-2.2486062500723496,-1.8924045089590655,0.35620174111328406,0.1524,10.404948650719305,1.5709841628737065,3.524188126309047,7.048376252618094,26.69652477231528,0.5106154543428811
118,SandWedge,A,two8,radar,ops,28,7,27.751438822457622,33.168000000000006,32.544458054306325,27.391119567093856,-5.416561177542384,-1.151397984845699,-0.6815664506154812,0.46983153423021784,0.1524,10.404948650719305,1.5709841628737065,3.9849769800591184,7.969953960118237,30.26995334610673,0.4620312690066585
118,SandWedge,A,two8_path_tdm,radar,ops,28,7,27.681029566107835,33.168000000000006,32.544458054306325,27.391119567093856,-5.486970433892171,-1.1691085100154641,-0.6992441804064914,0.46986432960897273,0.1524,10.404948650719305,1.5709841628737065,3.9849769800591184,7.969953960118237,30.26995334610673,0.4620312690066585
118,SandWedge,A,two8_path_tdm_neg,radar,ops,28,7,27.7597814013586,33.168000000000006,32.544458054306325,27.391119567093856,-5.408218598641405,-1.1351259331280572,-0.66530659064282,0.46981934248523716,0.1524,10.404948650719305,1.5709841628737065,3.9849769800591184,7.969953960118237,30.26995334610673,0.4620312690066585
118,SandWedge,A,four3,radar,ops,28,7,28.806075540458487,33.168000000000006,32.544458054306325,27.391119567093856,-4.36192445954152,-1.3900476447400774,-1.1189180736070943,0.2711295711329831,0.1524,10.404948650719305,1.5709841628737065,3.9849769800591184,7.969953960118237,30.26995334610673,0.4620312690066585
118,SandWedge,A,four3_path_tdm,radar,ops,28,7,28.93061271604939,33.168000000000006,32.544458054306325,27.391119567093856,-4.237387283950618,-1.4076939167138673,-1.1315585227261558,0.2761353939877116,0.1524,10.404948650719305,1.5709841628737065,3.9849769800591184,7.969953960118237,30.26995334610673,0.4620312690066585
118,SandWedge,A,four3_path_tdm_neg,radar,ops,28,7,28.6545550030949,33.168000000000006,32.544458054306325,27.391119567093856,-4.513444996905108,-1.3749467474391073,-1.1032646112440694,0.2716821361950379,0.1524,10.404948650719305,1.5709841628737065,3.9849769800591184,7.969953960118237,30.26995334610673,0.4620312690066585
118,SandWedge,A,four4_path_tdm,radar,ops,28,7,31.758181215261736,33.168000000000006,32.544458054306325,27.391119567093856,-1.4098187847382704,-1.9537669685218313,-1.9201396339622814,0.033627334559549915,0.1524,10.404948650719305,1.5709841628737065,3.9849769800591184,7.969953960118237,30.26995334610673,0.4620312690066585
118,SandWedge,A,four4_path_tdm_neg,radar,ops,28,7,31.758181215261683,33.168000000000006,32.544458054306325,27.391119567093856,-1.4098187847383237,-1.953766968521831,-1.920139633962279,0.033627334559552136,0.1524,10.404948650719305,1.5709841628737065,3.9849769800591184,7.969953960118237,30.26995334610673,0.4620312690066585
118,SandWedge,A,tx_later4,radar,ops,28,7,32.595474016232366,33.168000000000006,32.544458054306325,27.391119567093856,-0.5725259837676404,-1.9186954703703343,-1.9116098256898992,0.007085644680435044,0.1524,10.404948650719305,1.5709841628737065,3.9849769800591184,7.969953960118237,30.26995334610673,0.4620312690066585
118,SandWedge,A,tx_earlier4,radar,ops,28,7,32.41547631743311,33.168000000000006,32.544458054306325,27.391119567093856,-0.7525236825668955,-2.037237975979908,-2.0103295366126415,0.026908439367266723,0.1524,10.404948650719305,1.5709841628737065,3.9849769800591184,7.969953960118237,30.26995334610673,0.4620312690066585
119,SandWedge,A,two8,radar,ops,24,6,24.393902424214552,26.353999999999992,33.125609090990366,31.457996680962957,-1.96009757578544,-1.0664890617996863,-0.9863772529012355,0.08011180889845082,0.1524,10.404948650719305,1.5709841628737065,3.1897268056889527,6.3794536113779055,24.126409774219685,0.5608317966675292
119,SandWedge,A,two8_path_tdm,radar,ops,24,6,24.455832820070274,26.353999999999992,33.125609090990366,31.457996680962957,-1.8981671799297182,-1.0751623739884546,-0.9966850986400152,0.0784772753484394,0.1524,10.404948650719305,1.5709841628737065,3.1897268056889527,6.3794536113779055,24.126409774219685,0.5608317966675292
119,SandWedge,A,two8_path_tdm_neg,radar,ops,24,6,24.34947489642168,26.353999999999992,33.125609090990366,31.457996680962957,-2.004525103578313,-1.0605597850152335,-0.980075560813025,0.08048422420220847,0.1524,10.404948650719305,1.5709841628737065,3.1897268056889527,6.3794536113779055,24.126409774219685,0.5608317966675292
119,SandWedge,A,four3,radar,ops,24,6,21.143764570371474,26.353999999999992,33.125609090990366,31.457996680962957,-5.2102354296285185,-1.5140742673459402,-1.4354029093437362,0.07867135800220404,0.1524,10.404948650719305,1.5709841628737065,3.1897268056889527,6.3794536113779055,24.126409774219685,0.5608317966675292
119,SandWedge,A,four3_path_tdm,radar,ops,24,6,21.294129525841438,26.353999999999992,33.125609090990366,31.457996680962957,-5.059870474158554,-1.526153723838967,-1.4500231233884004,0.07613060045056663,0.1524,10.404948650719305,1.5709841628737065,3.1897268056889527,6.3794536113779055,24.126409774219685,0.5608317966675292
119,SandWedge,A,four3_path_tdm_neg,radar,ops,24,6,21.038448416348213,26.353999999999992,33.125609090990366,31.457996680962957,-5.315551583651779,-1.5019142653737603,-1.4208390936514075,0.08107517172235279,0.1524,10.404948650719305,1.5709841628737065,3.1897268056889527,6.3794536113779055,24.126409774219685,0.5608317966675292
119,SandWedge,A,four4_path_tdm,radar,ops,24,6,21.700855307566343,26.353999999999992,33.125609090990366,31.457996680962957,-4.653144692433649,-1.5807389435586074,-1.515689230349863,0.06504971320874442,0.1524,10.404948650719305,1.5709841628737065,3.1897268056889527,6.3794536113779055,24.126409774219685,0.5608317966675292
119,SandWedge,A,four4_path_tdm_neg,radar,ops,24,6,21.700855307566705,26.353999999999992,33.125609090990366,31.457996680962957,-4.653144692433287,-1.5807389435586066,-1.515689230349863,0.06504971320874353,0.1524,10.404948650719305,1.5709841628737065,3.1897268056889527,6.3794536113779055,24.126409774219685,0.5608317966675292
119,SandWedge,A,tx_later4,radar,ops,24,6,25.34054890417881,26.353999999999992,33.125609090990366,31.457996680962957,-1.013451095821182,-1.671014221581845,-1.6509607319757327,0.020053489606112418,0.1524,10.404948650719305,1.5709841628737065,3.1897268056889527,6.3794536113779055,24.126409774219685,0.5608317966675292
119,SandWedge,A,tx_earlier4,radar,ops,24,6,16.192187910568173,26.353999999999992,33.125609090990366,31.457996680962957,-10.16181208943182,-1.6608142095818919,-1.564731709458277,0.09608250012361474,0.1524,10.404948650719305,1.5709841628737065,3.1897268056889527,6.3794536113779055,24.126409774219685,0.5608317966675292
120,SandWedge,A,two8,radar,ops,28,7,24.3317302183717,27.744999999999997,31.113932425545606,29.06312767179844,-3.4132697816282977,-1.8263727649460262,-1.562092274475003,0.2642804904710232,0.1524,10.404948650719305,1.5709841628737065,3.4623416439668486,6.924683287933697,26.225448184121255,0.526106820898689
120,SandWedge,A,two8_path_tdm,radar,ops,28,7,24.365135833395485,27.744999999999997,31.113932425545606,29.06312767179844,-3.379864166604513,-1.8365396834965788,-1.5694230765246462,0.2671166069719326,0.1524,10.404948650719305,1.5709841628737065,3.4623416439668486,6.924683287933697,26.225448184121255,0.526106820898689
120,SandWedge,A,two8_path_tdm_neg,radar,ops,28,7,24.297794684700644,27.744999999999997,31.113932425545606,29.06312767179844,-3.447205315299353,-1.8169918546721837,-1.5552866676940018,0.2617051869781819,0.1524,10.404948650719305,1.5709841628737065,3.4623416439668486,6.924683287933697,26.225448184121255,0.526106820898689
120,SandWedge,A,four3,radar,ops,28,7,23.855606980518974,27.744999999999997,31.113932425545606,29.06312767179844,-3.889393019481023,-2.0726649193246005,-1.7849921085241067,0.2876728108004938,0.1524,10.404948650719305,1.5709841628737065,3.4623416439668486,6.924683287933697,26.225448184121255,0.526106820898689
120,SandWedge,A,four3_path_tdm,radar,ops,28,7,23.87133977210422,27.744999999999997,31.113932425545606,29.06312767179844,-3.873660227895776,-2.0828164820398727,-1.7962432526345957,0.28657322940527696,0.1524,10.404948650719305,1.5709841628737065,3.4623416439668486,6.924683287933697,26.225448184121255,0.526106820898689
120,SandWedge,A,four3_path_tdm_neg,radar,ops,28,7,23.834182653752038,27.744999999999997,31.113932425545606,29.06312767179844,-3.91081734624796,-2.063571195309922,-1.7747329315233742,0.28883826378654787,0.1524,10.404948650719305,1.5709841628737065,3.4623416439668486,6.924683287933697,26.225448184121255,0.526106820898689
120,SandWedge,A,four4_path_tdm,radar,ops,28,7,22.888996073634697,27.744999999999997,31.113932425545606,29.06312767179844,-4.8560039263653,-2.1414090547455604,-1.9620626484298427,0.17934640631571774,0.1524,10.404948650719305,1.5709841628737065,3.4623416439668486,6.924683287933697,26.225448184121255,0.526106820898689
120,SandWedge,A,four4_path_tdm_neg,radar,ops,28,7,22.888996073634647,27.744999999999997,31.113932425545606,29.06312767179844,-4.85600392636535,-2.14140905474556,-1.9620626484298689,0.1793464063156911,0.1524,10.404948650719305,1.5709841628737065,3.4623416439668486,6.924683287933697,26.225448184121255,0.526106820898689
120,SandWedge,A,tx_later4,radar,ops,28,7,24.6412832298016,27.744999999999997,31.113932425545606,29.06312767179844,-3.103716770198396,-1.920342488384846,-1.7994693334944822,0.12087315489036365,0.1524,10.404948650719305,1.5709841628737065,3.4623416439668486,6.924683287933697,26.225448184121255,0.526106820898689
120,SandWedge,A,tx_earlier4,radar,ops,28,7,23.163867310005603,27.744999999999997,31.113932425545606,29.06312767179844,-4.581132689994394,-2.4373905495001424,-2.181255891599457,0.25613465790068535,0.1524,10.404948650719305,1.5709841628737065,3.4623416439668486,6.924683287933697,26.225448184121255,0.526106820898689
121,SandWedge,A,two8,radar,ops,24,6,21.3134761929875,24.805000000000007,30.890412796051745,29.415892449724353,-3.4915238070125056,-1.9257426860755669,-1.522525450308301,0.40321723576726587,0.1524,10.404948650719305,1.5709841628737065,2.9119847378435315,5.823969475687063,21.99614029432109,0.6010643022550819
121,SandWedge,A,two8_path_tdm,radar,ops,24,6,21.327223452069138,24.805000000000007,30.890412796051745,29.415892449724353,-3.477776547930869,-1.9256463492660705,-1.525552253239102,0.40009409602696855,0.1524,10.404948650719305,1.5709841628737065,2.9119847378435315,5.823969475687063,21.99614029432109,0.6010643022550819
121,SandWedge,A,two8_path_tdm_neg,radar,ops,24,6,21.31298529668248,24.805000000000007,30.890412796051745,29.415892449724353,-3.492014703317526,-1.9265888351108533,-1.5204532770993817,0.4061355580114716,0.1524,10.404948650719305,1.5709841628737065,2.9119847378435315,5.823969475687063,21.99614029432109,0.6010643022550819
121,SandWedge,A,four3,radar,ops,24,6,22.62185427409045,24.805000000000007,30.890412796051745,29.415892449724353,-2.183145725909558,-2.3071505797893326,-2.1904362211568436,0.11671435863248902,0.1524,10.404948650719305,1.5709841628737065,2.9119847378435315,5.823969475687063,21.99614029432109,0.6010643022550819
121,SandWedge,A,four3_path_tdm,radar,ops,24,6,22.540104207186946,24.805000000000007,30.890412796051745,29.415892449724353,-2.2648957928130606,-2.3145596181146066,-2.1943735380208955,0.12018608009371112,0.1524,10.404948650719305,1.5709841628737065,2.9119847378435315,5.823969475687063,21.99614029432109,0.6010643022550819
121,SandWedge,A,four3_path_tdm_neg,radar,ops,24,6,22.74355329410554,24.805000000000007,30.890412796051745,29.415892449724353,-2.0614467058944683,-2.3002695538935267,-2.187171371782593,0.11309818211093381,0.1524,10.404948650719305,1.5709841628737065,2.9119847378435315,5.823969475687063,21.99614029432109,0.6010643022550819
121,SandWedge,A,four4_path_tdm,radar,ops,24,6,21.471845566955608,24.805000000000007,30.890412796051745,29.415892449724353,-3.333154433044399,-2.2729274541608935,-2.148361280352065,0.1245661738088284,0.1524,10.404948650719305,1.5709841628737065,2.9119847378435315,5.823969475687063,21.99614029432109,0.6010643022550819
121,SandWedge,A,four4_path_tdm_neg,radar,ops,24,6,21.471845566955572,24.805000000000007,30.890412796051745,29.415892449724353,-3.3331544330444345,-2.2729274541608935,-2.1483612803520655,0.12456617380882795,0.1524,10.404948650719305,1.5709841628737065,2.9119847378435315,5.823969475687063,21.99614029432109,0.6010643022550819
121,SandWedge,A,tx_later4,radar,ops,24,6,22.70521354512411,24.805000000000007,30.890412796051745,29.415892449724353,-2.099786454875897,-2.3645411209782576,-2.2953744619712535,0.06916665900700414,0.1524,10.404948650719305,1.5709841628737065,2.9119847378435315,5.823969475687063,21.99614029432109,0.6010643022550819
121,SandWedge,A,tx_earlier4,radar,ops,24,6,20.057050755889463,24.805000000000007,30.890412796051745,29.415892449724353,-4.7479492441105435,-2.1142562958285125,-1.987282664276811,0.12697363155170138,0.1524,10.404948650719305,1.5709841628737065,2.9119847378435315,5.823969475687063,21.99614029432109,0.6010643022550819
122,SandWedge,A,two8,radar,ops,24,6,26.88667839081027,31.036999999999985,31.069228499646837,27.266565734039325,-4.150321609189714,-1.708915353700857,-1.1498596563495878,0.5590556973512693,0.1524,10.404948650719305,1.5709841628737065,3.4249328883737884,6.849865776747577,25.929636526856708,0.5202917978149689
122,SandWedge,A,two8_path_tdm,radar,ops,24,6,26.906593725898055,31.036999999999985,31.069228499646837,27.266565734039325,-4.130406274101929,-1.71723028918678,-1.157721133128905,0.5595091560578749,0.1524,10.404948650719305,1.5709841628737065,3.4249328883737884,6.849865776747577,25.929636526856708,0.5202917978149689
122,SandWedge,A,two8_path_tdm_neg,radar,ops,24,6,26.845814730957134,31.036999999999985,31.069228499646837,27.266565734039325,-4.191185269042851,-1.699687677358322,-1.1430932282022184,0.5565944491561037,0.1524,10.404948650719305,1.5709841628737065,3.4249328883737884,6.849865776747577,25.929636526856708,0.5202917978149689
122,SandWedge,A,four3,radar,ops,24,6,26.16856565508307,31.036999999999985,31.069228499646837,27.266565734039325,-4.868434344916913,-2.2791612709839466,-1.85091662569711,0.4282446452868367,0.1524,10.404948650719305,1.5709841628737065,3.4249328883737884,6.849865776747577,25.929636526856708,0.5202917978149689
122,SandWedge,A,four3_path_tdm,radar,ops,24,6,26.186930097570013,31.036999999999985,31.069228499646837,27.266565734039325,-4.850069902429972,-2.2864174709164655,-1.863367990158654,0.42304948075781157,0.1524,10.404948650719305,1.5709841628737065,3.4249328883737884,6.849865776747577,25.929636526856708,0.5202917978149689
122,SandWedge,A,four3_path_tdm_neg,radar,ops,24,6,26.146980062563166,31.036999999999985,31.069228499646837,27.266565734039325,-4.8900199374368185,-2.270209733559888,-1.8369765011435542,0.4332332324163337,0.1524,10.404948650719305,1.5709841628737065,3.4249328883737884,6.849865776747577,25.929636526856708,0.5202917978149689
122,SandWedge,A,four4_path_tdm,radar,ops,24,6,27.04490700845758,31.036999999999985,31.069228499646837,27.266565734039325,-3.9920929915424033,-2.1493112835577644,-2.009157054796827,0.1401542287609372,0.1524,10.404948650719305,1.5709841628737065,3.4249328883737884,6.849865776747577,25.929636526856708,0.5202917978149689
122,SandWedge,A,four4_path_tdm_neg,radar,ops,24,6,27.044907008457574,31.036999999999985,31.069228499646837,27.266565734039325,-3.9920929915424104,-2.1493112835577635,-2.009157054796827,0.1401542287609363,0.1524,10.404948650719305,1.5709841628737065,3.4249328883737884,6.849865776747577,25.929636526856708,0.5202917978149689
122,SandWedge,A,tx_later4,radar,ops,24,6,27.399150746808797,31.036999999999985,31.069228499646837,27.266565734039325,-3.637849253191188,-2.499562460896629,-2.28553059246372,0.214031868432909,0.1524,10.404948650719305,1.5709841628737065,3.4249328883737884,6.849865776747577,25.929636526856708,0.5202917978149689
122,SandWedge,A,tx_earlier4,radar,ops,24,6,26.064619729037457,31.036999999999985,31.069228499646837,27.266565734039325,-4.972380270962528,-1.8551435335221982,-1.654893256924525,0.20025027659767325,0.1524,10.404948650719305,1.5709841628737065,3.4249328883737884,6.849865776747577,25.929636526856708,0.5202917978149689
123,SandWedge,A,two8,radar,ops,29,8,26.300726052692216,29.30099999999999,36.567811385195846,33.55577069682823,-3.0002739473077753,-1.6488706294652662,-1.3495983572767436,0.2992722721885226,0.1524,10.404948650719305,1.5709841628737065,3.7012055625709195,7.402411125141839,28.07152716809978,0.4972382779092419
123,SandWedge,A,two8_path_tdm,radar,ops,29,8,26.302037506192313,29.30099999999999,36.567811385195846,33.55577069682823,-2.998962493807678,-1.6541108482458384,-1.3572931948204383,0.2968176534254001,0.1524,10.404948650719305,1.5709841628737065,3.7012055625709195,7.402411125141839,28.07152716809978,0.4972382779092419
123,SandWedge,A,two8_path_tdm_neg,radar,ops,29,8,26.281329235726165,29.30099999999999,36.567811385195846,33.55577069682823,-3.019670764273826,-1.6447191014404563,-1.343221002088145,0.3014980993523113,0.1524,10.404948650719305,1.5709841628737065,3.7012055625709195,7.402411125141839,28.07152716809978,0.4972382779092419
123,SandWedge,A,four3,radar,ops,29,8,24.67188406459136,29.30099999999999,36.567811385195846,33.55577069682823,-4.629115935408631,-1.8436455717731264,-1.536296434473825,0.30734913729930136,0.1524,10.404948650719305,1.5709841628737065,3.7012055625709195,7.402411125141839,28.07152716809978,0.4972382779092419
123,SandWedge,A,four3_path_tdm,radar,ops,29,8,24.68592750650481,29.30099999999999,36.567811385195846,33.55577069682823,-4.61507249349518,-1.848983409584338,-1.5457561180236783,0.30322729156065975,0.1524,10.404948650719305,1.5709841628737065,3.7012055625709195,7.402411125141839,28.07152716809978,0.4972382779092419
123,SandWedge,A,four3_path_tdm_neg,radar,ops,29,8,24.63787478551202,29.30099999999999,36.567811385195846,33.55577069682823,-4.66312521448797,-1.8397977186447942,-1.5275616471458044,0.3122360714989898,0.1524,10.404948650719305,1.5709841628737065,3.7012055625709195,7.402411125141839,28.07152716809978,0.4972382779092419
123,SandWedge,A,four4_path_tdm,radar,ops,29,8,25.040782493232008,29.30099999999999,36.567811385195846,33.55577069682823,-4.260217506767983,-1.984926775405504,-1.7834646807789494,0.20146209462655462,0.1524,10.404948650719305,1.5709841628737065,3.7012055625709195,7.402411125141839,28.07152716809978,0.4972382779092419
123,SandWedge,A,four4_path_tdm_neg,radar,ops,29,8,25.040782493231987,29.30099999999999,36.567811385195846,33.55577069682823,-4.260217506768004,-1.9849267754055049,-1.7834646807789514,0.2014620946265535,0.1524,10.404948650719305,1.5709841628737065,3.7012055625709195,7.402411125141839,28.07152716809978,0.4972382779092419
123,SandWedge,A,tx_later4,radar,ops,29,8,25.475511036510397,29.30099999999999,36.567811385195846,33.55577069682823,-3.825488963489594,-1.8795496056395358,-1.7334174757628382,0.14613212987669755,0.1524,10.404948650719305,1.5709841628737065,3.7012055625709195,7.402411125141839,28.07152716809978,0.4972382779092419
123,SandWedge,A,tx_earlier4,radar,ops,29,8,23.876842649568584,29.30099999999999,36.567811385195846,33.55577069682823,-5.424157350431408,-2.0403817882761834,-1.7646154215481205,0.275766366728063,0.1524,10.404948650719305,1.5709841628737065,3.7012055625709195,7.402411125141839,28.07152716809978,0.4972382779092419
124,SandWedge,A,two8,radar,ops,24,6,24.328967507345872,28.975,37.64070560676638,33.66567501422932,-4.646032492654129,-1.6187460314787743,-1.1867607719757238,0.43198525950305044,0.1524,10.404948650719305,1.5709841628737065,3.497486384293025,6.99497276858605,26.495186275163086,0.5184960128241207
124,SandWedge,A,two8_path_tdm,radar,ops,24,6,24.408924312520703,28.975,37.64070560676638,33.66567501422932,-4.566075687479298,-1.625676744070109,-1.1967563786657893,0.42892036540431966,0.1524,10.404948650719305,1.5709841628737065,3.497486384293025,6.99497276858605,26.495186275163086,0.5184960128241207
124,SandWedge,A,two8_path_tdm_neg,radar,ops,24,6,24.22797624900296,28.975,37.64070560676638,33.66567501422932,-4.747023750997041,-1.6137447067021224,-1.1787967026336659,0.4349480040684566,0.1524,10.404948650719305,1.5709841628737065,3.497486384293025,6.99497276858605,26.495186275163086,0.5184960128241207
124,SandWedge,A,four3,radar,ops,24,6,24.712555528326487,28.975,37.64070560676638,33.66567501422932,-4.262444471673515,-2.0566890599055827,-1.7635538780424367,0.293135181863146,0.1524,10.404948650719305,1.5709841628737065,3.497486384293025,6.99497276858605,26.495186275163086,0.5184960128241207
124,SandWedge,A,four3_path_tdm,radar,ops,24,6,24.78210164104923,28.975,37.64070560676638,33.66567501422932,-4.192898358950771,-2.0674878475262055,-1.7774926897636087,0.28999515776259677,0.1524,10.404948650719305,1.5709841628737065,3.497486384293025,6.99497276858605,26.495186275163086,0.5184960128241207
124,SandWedge,A,four3_path_tdm_neg,radar,ops,24,6,24.647294688450167,28.975,37.64070560676638,33.66567501422932,-4.327705311549835,-2.045577595921742,-1.7537970237636846,0.2917805721580573,0.1524,10.404948650719305,1.5709841628737065,3.497486384293025,6.99497276858605,26.495186275163086,0.5184960128241207
124,SandWedge,A,four4_path_tdm,radar,ops,24,6,24.931673374995793,28.975,37.64070560676638,33.66567501422932,-4.043326625004209,-1.9938120468651646,-1.8393520034689663,0.15446004339619823,0.1524,10.404948650719305,1.5709841628737065,3.497486384293025,6.99497276858605,26.495186275163086,0.5184960128241207
124,SandWedge,A,four4_path_tdm_neg,radar,ops,24,6,24.931673374995697,28.975,37.64070560676638,33.66567501422932,-4.043326625004305,-1.9938120468651641,-1.8393520034689645,0.15446004339619956,0.1524,10.404948650719305,1.5709841628737065,3.497486384293025,6.99497276858605,26.495186275163086,0.5184960128241207
124,SandWedge,A,tx_later4,radar,ops,24,6,27.575009811103904,28.975,37.64070560676638,33.66567501422932,-1.3999901888960977,-1.9587658139297013,-1.9268363490601617,0.031929464869539625,0.1524,10.404948650719305,1.5709841628737065,3.497486384293025,6.99497276858605,26.495186275163086,0.5184960128241207
124,SandWedge,A,tx_earlier4,radar,ops,24,6,20.27252508693802,28.975,37.64070560676638,33.66567501422932,-8.70247491306198,-2.438009809728316,-1.861498106798795,0.576511702929521,0.1524,10.404948650719305,1.5709841628737065,3.497486384293025,6.99497276858605,26.495186275163086,0.5184960128241207
130,9Iron (relabeled),B,two8,radar,ops,13,4,19.24764458696315,22.888999999999974,45.73211619444419,46.20615528850821,-3.6413554130368233,-1.0594081325628817,-0.9783374500686657,0.081070682494216,0.5715,6.6,1.9073300055312925,6.678854341727836,13.357708683455671,13.102698597322604,1.6546091220894474
130,9Iron (relabeled),B,two8_path_tdm,radar,ops,13,4,19.496916581080384,22.888999999999974,45.73211619444419,46.20615528850821,-3.39208341891959,-1.0536568163677817,-0.9968071388516557,0.05684967751612602,0.5715,6.6,1.9073300055312925,6.678854341727836,13.357708683455671,13.102698597322604,1.6546091220894474
130,9Iron (relabeled),B,two8_path_tdm_neg,radar,ops,13,4,19.176789287012323,22.888999999999974,45.73211619444419,46.20615528850821,-3.712210712987652,-1.1164155778524345,-1.0106820429983703,0.10573353485406423,0.5715,6.6,1.9073300055312925,6.678854341727836,13.357708683455671,13.102698597322604,1.6546091220894474
130,9Iron (relabeled),B,four3,radar,ops,13,4,23.835091559575023,22.888999999999974,45.73211619444419,46.20615528850821,0.9460915595750485,-0.7884943396949222,-0.7848180885079347,0.003676251186987556,0.5715,6.6,1.9073300055312925,6.678854341727836,13.357708683455671,13.102698597322604,1.6546091220894474
130,9Iron (relabeled),B,four3_path_tdm,radar,ops,13,4,24.753987798057228,22.888999999999974,45.73211619444419,46.20615528850821,1.8649877980572533,-0.8622725134369165,-0.844509695714758,0.017762817722158486,0.5715,6.6,1.9073300055312925,6.678854341727836,13.357708683455671,13.102698597322604,1.6546091220894474
130,9Iron (relabeled),B,four3_path_tdm_neg,radar,ops,13,4,22.982117299756453,22.888999999999974,45.73211619444419,46.20615528850821,0.09311729975647864,-0.8236224238772248,-0.8235797923923174,4.263148490746271e-05,0.5715,6.6,1.9073300055312925,6.678854341727836,13.357708683455671,13.102698597322604,1.6546091220894474
130,9Iron (relabeled),B,four4_path_tdm,radar,ops,13,4,23.77153602639101,22.888999999999974,45.73211619444419,46.20615528850821,0.8825360263910369,-1.4551351291200203,-1.451992206429934,0.003142922690086314,0.5715,6.6,1.9073300055312925,6.678854341727836,13.357708683455671,13.102698597322604,1.6546091220894474
130,9Iron (relabeled),B,four4_path_tdm_neg,radar,ops,13,4,23.77153602639119,22.888999999999974,45.73211619444419,46.20615528850821,0.8825360263912145,-1.45513512912002,-1.451992206429934,0.003142922690086092,0.5715,6.6,1.9073300055312925,6.678854341727836,13.357708683455671,13.102698597322604,1.6546091220894474
130,9Iron (relabeled),B,tx_later4,radar,ops,13,4,20.144542459432504,22.888999999999974,45.73211619444419,46.20615528850821,-2.7444575405674705,-1.4329940358637456,-1.3964181362264398,0.036575899637305787,0.5715,6.6,1.9073300055312925,6.678854341727836,13.357708683455671,13.102698597322604,1.6546091220894474
130,9Iron (relabeled),B,tx_earlier4,radar,ops,13,4,26.573864617934454,22.888999999999974,45.73211619444419,46.20615528850821,3.6848646179344797,-1.4902919781855692,-1.426860157283612,0.06343182090195731,0.5715,6.6,1.9073300055312925,6.678854341727836,13.357708683455671,13.102698597322604,1.6546091220894474
131,9Iron (relabeled),B,two8,radar,ops,19,6,20.634834962693056,20.895000000000007,49.263726340447214,47.40927947969549,-0.26016503730695106,-1.0390817771602563,-1.0383808120588407,0.000700965101415596,0.5715,6.6,1.9073300055312925,8.644109543751878,17.288219087503755,17.11365102046774,1.6682298671661466
131,9Iron (relabeled),B,two8_path_tdm,radar,ops,19,6,20.599204773989392,20.895000000000007,49.263726340447214,47.40927947969549,-0.2957952260106147,-1.1078374471088905,-1.1067538492411193,0.0010835978677712355,0.5715,6.6,1.9073300055312925,8.644109543751878,17.288219087503755,17.11365102046774,1.6682298671661466
131,9Iron (relabeled),B,two8_path_tdm_neg,radar,ops,19,6,20.60194762150965,20.895000000000007,49.263726340447214,47.40927947969549,-0.2930523784903549,-0.8850037831704363,-0.8839255839190185,0.0010781992514177219,0.5715,6.6,1.9073300055312925,8.644109543751878,17.288219087503755,17.11365102046774,1.6682298671661466
131,9Iron (relabeled),B,four3,radar,ops,19,6,21.177517874828887,20.895000000000007,49.263726340447214,47.40927947969549,0.2825178748288799,-0.9467762087933179,-0.946535313201856,0.0002408955914618982,0.5715,6.6,1.9073300055312925,8.644109543751878,17.288219087503755,17.11365102046774,1.6682298671661466
131,9Iron (relabeled),B,four3_path_tdm,radar,ops,19,6,21.53221235313326,20.895000000000007,49.263726340447214,47.40927947969549,0.6372123531332541,-1.0604855861987683,-1.0583021771187588,0.0021834090800094685,0.5715,6.6,1.9073300055312925,8.644109543751878,17.288219087503755,17.11365102046774,1.6682298671661466
131,9Iron (relabeled),B,four3_path_tdm_neg,radar,ops,19,6,-0.8198705938562151,20.895000000000007,49.263726340447214,47.40927947969549,-21.714870593856222,-0.8003076942614641,-0.7697035661510351,0.030604128110429007,0.5715,6.6,1.9073300055312925,8.644109543751878,17.288219087503755,17.11365102046774,1.6682298671661466
131,9Iron (relabeled),B,four4_path_tdm,radar,ops,19,6,16.757259768806303,20.895000000000007,49.263726340447214,47.40927947969549,-4.137740231193703,-1.1817832318795596,-1.1631743658816176,0.01860886599794198,0.5715,6.6,1.9073300055312925,8.644109543751878,17.288219087503755,17.11365102046774,1.6682298671661466
131,9Iron (relabeled),B,four4_path_tdm_neg,radar,ops,19,6,16.757259768805323,20.895000000000007,49.263726340447214,47.40927947969549,-4.137740231194684,-1.181783231879558,-1.1631743658816178,0.018608865997940205,0.5715,6.6,1.9073300055312925,8.644109543751878,17.288219087503755,17.11365102046774,1.6682298671661466
131,9Iron (relabeled),B,tx_later4,radar,ops,19,6,20.518373514893764,20.895000000000007,49.263726340447214,47.40927947969549,-0.3766264851062431,-1.2484731182470048,-1.2481331122464896,0.0003400060005152028,0.5715,6.6,1.9073300055312925,8.644109543751878,17.288219087503755,17.11365102046774,1.6682298671661466
131,9Iron (relabeled),B,tx_earlier4,radar,ops,19,6,15.822932751806992,20.895000000000007,49.263726340447214,47.40927947969549,-5.072067248193015,-1.2408391792393574,-1.2239187859923553,0.01692039324700212,0.5715,6.6,1.9073300055312925,8.644109543751878,17.288219087503755,17.11365102046774,1.6682298671661466
132,9Iron (relabeled),B,two8,radar,ops,22,7,16.994118475092304,18.08299999999998,41.440539308162045,41.26240080570217,-1.088881524907677,-1.1921071425229883,-1.1641832399253278,0.027923902597660533,0.5715,6.6,1.9073300055312925,7.918854097573447,15.837708195146893,15.689083949343956,1.7824523861683286
132,9Iron (relabeled),B,two8_path_tdm,radar,ops,22,7,17.03206731170766,18.08299999999998,41.440539308162045,41.26240080570217,-1.0509326882923204,-1.264632001952624,-1.2372991055383529,0.02733289641427117,0.5715,6.6,1.9073300055312925,7.918854097573447,15.837708195146893,15.689083949343956,1.7824523861683286
132,9Iron (relabeled),B,two8_path_tdm_neg,radar,ops,22,7,16.921831411527474,18.08299999999998,41.440539308162045,41.26240080570217,-1.1611685884725063,-1.088496607807709,-1.0577885906690359,0.030708017138673105,0.5715,6.6,1.9073300055312925,7.918854097573447,15.837708195146893,15.689083949343956,1.7824523861683286
132,9Iron (relabeled),B,four3,radar,ops,22,7,16.893592390799054,18.08299999999998,41.440539308162045,41.26240080570217,-1.1894076092009271,-1.109069755796509,-1.1042011164376722,0.004868639358836857,0.5715,6.6,1.9073300055312925,7.918854097573447,15.837708195146893,15.689083949343956,1.7824523861683286
132,9Iron (relabeled),B,four3_path_tdm,radar,ops,22,7,17.163091929926768,18.08299999999998,41.440539308162045,41.26240080570217,-0.9199080700732125,-1.1758493222522783,-1.1729409995039486,0.0029083227483297502,0.5715,6.6,1.9073300055312925,7.918854097573447,15.837708195146893,15.689083949343956,1.7824523861683286
132,9Iron (relabeled),B,four3_path_tdm_neg,radar,ops,22,7,-5.0,18.08299999999998,41.440539308162045,41.26240080570217,-23.08299999999998,-1.0693172862101694,-1.0190016355812987,0.05031565062887067,0.5715,6.6,1.9073300055312925,7.918854097573447,15.837708195146893,15.689083949343956,1.7824523861683286
132,9Iron (relabeled),B,four4_path_tdm,radar,ops,22,7,19.10486070171926,18.08299999999998,41.440539308162045,41.26240080570217,1.0218607017192802,-1.1980799232818928,-1.1956298034935398,0.002450119788353078,0.5715,6.6,1.9073300055312925,7.918854097573447,15.837708195146893,15.689083949343956,1.7824523861683286
132,9Iron (relabeled),B,four4_path_tdm_neg,radar,ops,22,7,19.104860701719854,18.08299999999998,41.440539308162045,41.26240080570217,1.0218607017198735,-1.1980799232818924,-1.195629803493539,0.0024501197883533,0.5715,6.6,1.9073300055312925,7.918854097573447,15.837708195146893,15.689083949343956,1.7824523861683286
132,9Iron (relabeled),B,tx_later4,radar,ops,22,7,13.493389981517584,18.08299999999998,41.440539308162045,41.26240080570217,-4.5896100184823965,-1.2366067775323752,-1.217876522540364,0.018730254992011197,0.5715,6.6,1.9073300055312925,7.918854097573447,15.837708195146893,15.689083949343956,1.7824523861683286
132,9Iron (relabeled),B,tx_earlier4,radar,ops,22,7,20.25007962275437,18.08299999999998,41.440539308162045,41.26240080570217,2.1670796227543896,-0.9823823684504017,-0.9721624242380305,0.010219944212371268,0.5715,6.6,1.9073300055312925,7.918854097573447,15.837708195146893,15.689083949343956,1.7824523861683286
133,9Iron,B,two8,radar,ops,14,6,19.895081737921455,21.477999999999987,47.47556930449632,47.012995679586254,-1.5829182620785325,-1.29299961132148,-1.2414166789500716,0.05158293237140832,0.5715,6.6,1.9073300055312925,6.369203180156779,12.738406360313558,12.494969327204814,1.6879281203481342
133,9Iron,B,two8_path_tdm,radar,ops,14,6,19.940660663245282,21.477999999999987,47.47556930449632,47.012995679586254,-1.5373393367547052,-1.2846993557628867,-1.2352254230337454,0.04947393272914136,0.5715,6.6,1.9073300055312925,6.369203180156779,12.738406360313558,12.494969327204814,1.6879281203481342
133,9Iron,B,two8_path_tdm_neg,radar,ops,14,6,19.793106126076484,21.477999999999987,47.47556930449632,47.012995679586254,-1.684893873923503,-1.2922843813599887,-1.2349074504983235,0.057376930861665176,0.5715,6.6,1.9073300055312925,6.369203180156779,12.738406360313558,12.494969327204814,1.6879281203481342
133,9Iron,B,four3,radar,ops,14,6,18.28103146636104,21.477999999999987,47.47556930449632,47.012995679586254,-3.196968533638948,-1.1687631622649266,-1.0893951325546503,0.07936802971027634,0.5715,6.6,1.9073300055312925,6.369203180156779,12.738406360313558,12.494969327204814,1.6879281203481342
133,9Iron,B,four3_path_tdm,radar,ops,14,6,18.3449861769394,21.477999999999987,47.47556930449632,47.012995679586254,-3.133013823060587,-1.155570355718358,-1.0782051758910585,0.07736517982729962,0.5715,6.6,1.9073300055312925,6.369203180156779,12.738406360313558,12.494969327204814,1.6879281203481342
133,9Iron,B,four3_path_tdm_neg,radar,ops,14,6,18.1403849720066,21.477999999999987,47.47556930449632,47.012995679586254,-3.3376150279933867,-1.1930727012453606,-1.1079452119343205,0.08512748931104008,0.5715,6.6,1.9073300055312925,6.369203180156779,12.738406360313558,12.494969327204814,1.6879281203481342
133,9Iron,B,four4_path_tdm,radar,ops,14,6,20.02344436172748,21.477999999999987,47.47556930449632,47.012995679586254,-1.454555638272506,-1.3254981595341417,-1.3157649037073036,0.00973325582683815,0.5715,6.6,1.9073300055312925,6.369203180156779,12.738406360313558,12.494969327204814,1.6879281203481342
133,9Iron,B,four4_path_tdm_neg,radar,ops,14,6,20.023444361727282,21.477999999999987,47.47556930449632,47.012995679586254,-1.454555638272705,-1.32549815953414,-1.3157649037073043,0.009733255826835707,0.5715,6.6,1.9073300055312925,6.369203180156779,12.738406360313558,12.494969327204814,1.6879281203481342
133,9Iron,B,tx_later4,radar,ops,14,6,20.970275639088097,21.477999999999987,47.47556930449632,47.012995679586254,-0.5077243609118902,-1.3536926403801857,-1.3522983415419272,0.0013942988382584787,0.5715,6.6,1.9073300055312925,6.369203180156779,12.738406360313558,12.494969327204814,1.6879281203481342
133,9Iron,B,tx_earlier4,radar,ops,14,6,18.56510969894785,21.477999999999987,47.47556930449632,47.012995679586254,-2.912890301052137,-1.2942352568507554,-1.2650207196072745,0.029214537243480887,0.5715,6.6,1.9073300055312925,6.369203180156779,12.738406360313558,12.494969327204814,1.6879281203481342
134,9Iron,B,two8,radar,ops,16,5,12.059575884947215,15.599999999999998,48.32494389657299,41.964153774828745,-3.540424115052783,-0.6313876160017312,-0.5134143058442193,0.11797331015751189,0.5715,6.6,1.9073300055312925,4.592198265479819,9.184396530959638,8.993174268791424,1.8432049410935831
134,9Iron,B,two8_path_tdm,radar,ops,16,5,11.930630712720394,15.599999999999998,48.32494389657299,41.964153774828745,-3.669369287279604,-0.6177180571233762,-0.480464175804811,0.13725388131856525,0.5715,6.6,1.9073300055312925,4.592198265479819,9.184396530959638,8.993174268791424,1.8432049410935831
134,9Iron,B,two8_path_tdm_neg,radar,ops,16,5,12.211540948832841,15.599999999999998,48.32494389657299,41.964153774828745,-3.388459051167157,-0.6307633584388055,-0.5297620850888869,0.1010012733499186,0.5715,6.6,1.9073300055312925,4.592198265479819,9.184396530959638,8.993174268791424,1.8432049410935831
134,9Iron,B,four3,radar,ops,16,5,9.818850023590532,15.599999999999998,48.32494389657299,41.964153774828745,-5.781149976409466,-0.49885730831285624,-0.451757406855275,0.04709990145758125,0.5715,6.6,1.9073300055312925,4.592198265479819,9.184396530959638,8.993174268791424,1.8432049410935831
134,9Iron,B,four3_path_tdm,radar,ops,16,5,10.194385413119607,15.599999999999998,48.32494389657299,41.964153774828745,-5.405614586880391,-0.5224631184366705,-0.47984968032652564,0.04261343811014484,0.5715,6.6,1.9073300055312925,4.592198265479819,9.184396530959638,8.993174268791424,1.8432049410935831
134,9Iron,B,four3_path_tdm_neg,radar,ops,16,5,0.14390346724987313,15.599999999999998,48.32494389657299,41.964153774828745,-15.456096532750125,-0.4888310408093095,-0.3949678848977388,0.09386315591157068,0.5715,6.6,1.9073300055312925,4.592198265479819,9.184396530959638,8.993174268791424,1.8432049410935831
134,9Iron,B,four4_path_tdm,radar,ops,16,5,14.647343251943548,15.599999999999998,48.32494389657299,41.964153774828745,-0.9526567480564498,-0.228310491785487,-0.22692417392417602,0.0013863178613109928,0.5715,6.6,1.9073300055312925,4.592198265479819,9.184396530959638,8.993174268791424,1.8432049410935831
134,9Iron,B,four4_path_tdm_neg,radar,ops,16,5,14.647343251945149,15.599999999999998,48.32494389657299,41.964153774828745,-0.9526567480548493,-0.22831049178549107,-0.2269241739241826,0.001386317861308467,0.5715,6.6,1.9073300055312925,4.592198265479819,9.184396530959638,8.993174268791424,1.8432049410935831
134,9Iron,B,tx_later4,radar,ops,16,5,17.416394996409835,15.599999999999998,48.32494389657299,41.964153774828745,1.8163949964098371,-0.49777364122810736,-0.48030514176439765,0.017468499463709708,0.5715,6.6,1.9073300055312925,4.592198265479819,9.184396530959638,8.993174268791424,1.8432049410935831
134,9Iron,B,tx_earlier4,radar,ops,16,5,11.963943349320646,15.599999999999998,48.32494389657299,41.964153774828745,-3.636056650679352,-0.09609269532035357,-0.08811177562397586,0.007980919696377708,0.5715,6.6,1.9073300055312925,4.592198265479819,9.184396530959638,8.993174268791424,1.8432049410935831
137,9Iron,B,two8,radar,ops,29,8,14.806707898776418,18.307,50.06839700662512,46.118199438797674,-3.5002921012235806,-1.2789520857929826,-1.1261827278561993,0.15276935793678326,0.5715,6.6,1.9073300055312925,7.374838450903987,14.749676901807973,14.57263870236687,1.767360709517417
137,9Iron,B,two8_path_tdm,radar,ops,29,8,14.87926716279878,18.307,50.06839700662512,46.118199438797674,-3.4277328372012192,-1.2776479131912009,-1.1232344655570916,0.15441344763410925,0.5715,6.6,1.9073300055312925,7.374838450903987,14.749676901807973,14.57263870236687,1.767360709517417
137,9Iron,B,two8_path_tdm_neg,radar,ops,29,8,14.955533682326386,18.307,50.06839700662512,46.118199438797674,-3.351466317673612,-1.2884453187456133,-1.1472373788509596,0.14120793989465374,0.5715,6.6,1.9073300055312925,7.374838450903987,14.749676901807973,14.57263870236687,1.767360709517417
137,9Iron,B,four3,radar,ops,29,8,17.847945819727812,18.307,50.06839700662512,46.118199438797674,-0.4590541802721866,-1.2580524399788575,-1.2572954498465394,0.0007569901323181139,0.5715,6.6,1.9073300055312925,7.374838450903987,14.749676901807973,14.57263870236687,1.767360709517417
137,9Iron,B,four3_path_tdm,radar,ops,29,8,17.81683725133306,18.307,50.06839700662512,46.118199438797674,-0.49016274866693976,-1.281615184111307,-1.2807942408507953,0.0008209432605117417,0.5715,6.6,1.9073300055312925,7.374838450903987,14.749676901807973,14.57263870236687,1.767360709517417
137,9Iron,B,four3_path_tdm_neg,radar,ops,29,8,17.960489591364784,18.307,50.06839700662512,46.118199438797674,-0.3465104086352149,-1.2680548488812045,-1.2675607879450572,0.0004940609361472337,0.5715,6.6,1.9073300055312925,7.374838450903987,14.749676901807973,14.57263870236687,1.767360709517417
137,9Iron,B,four4_path_tdm,radar,ops,29,8,19.7092064284614,18.307,50.06839700662512,46.118199438797674,1.402206428461401,-1.1620320265139228,-1.1523713611244522,0.009660665389470635,0.5715,6.6,1.9073300055312925,7.374838450903987,14.749676901807973,14.57263870236687,1.767360709517417
137,9Iron,B,four4_path_tdm_neg,radar,ops,29,8,19.709206428461247,18.307,50.06839700662512,46.118199438797674,1.4022064284612483,-1.162032026513923,-1.1523713611244506,0.009660665389472411,0.5715,6.6,1.9073300055312925,7.374838450903987,14.749676901807973,14.57263870236687,1.767360709517417
137,9Iron,B,tx_later4,radar,ops,29,8,16.356538450383503,18.307,50.06839700662512,46.118199438797674,-1.9504615496164952,-1.1654559367262831,-1.1559652065310733,0.009490730195209851,0.5715,6.6,1.9073300055312925,7.374838450903987,14.749676901807973,14.57263870236687,1.767360709517417
137,9Iron,B,tx_earlier4,radar,ops,29,8,21.17198659239346,18.307,50.06839700662512,46.118199438797674,2.8649865923934605,-1.189368519967676,-1.1420298459060396,0.04733867406163639,0.5715,6.6,1.9073300055312925,7.374838450903987,14.749676901807973,14.57263870236687,1.767360709517417
142,9Iron,C,two8,radar,ops,13,5,12.453166341793617,15.446,45.553300490849104,40.81541755378828,-2.992833658206383,-0.9303447154586927,-0.8829091258147003,0.047435589643992415,0.2667,3.8,1.9065694611002244,3.4853184822120076,6.970636964424015,14.973932039641639,1.2687066380845444
142,9Iron,C,two8_path_tdm,radar,ops,13,5,12.538226468607608,15.446,45.553300490849104,40.81541755378828,-2.907773531392392,-0.9458894875311534,-0.8998209616542105,0.04606852587694288,0.2667,3.8,1.9065694611002244,3.4853184822120076,6.970636964424015,14.973932039641639,1.2687066380845444
142,9Iron,C,two8_path_tdm_neg,radar,ops,13,5,12.371969762659237,15.446,45.553300490849104,40.81541755378828,-3.0740302373407626,-0.9145493277667542,-0.8659101563971134,0.0486391713696408,0.2667,3.8,1.9065694611002244,3.4853184822120076,6.970636964424015,14.973932039641639,1.2687066380845444
142,9Iron,C,four3,radar,ops,13,5,20.962526251920515,15.446,45.553300490849104,40.81541755378828,5.516526251920515,-1.3280777030129673,-1.203186671294045,0.12489103171892224,0.2667,3.8,1.9065694611002244,3.4853184822120076,6.970636964424015,14.973932039641639,1.2687066380845444
142,9Iron,C,four3_path_tdm,radar,ops,13,5,20.870626744917278,15.446,45.553300490849104,40.81541755378828,5.424626744917278,-1.3366318070242857,-1.2115698762898381,0.1250619307344476,0.2667,3.8,1.9065694611002244,3.4853184822120076,6.970636964424015,14.973932039641639,1.2687066380845444
142,9Iron,C,four3_path_tdm_neg,radar,ops,13,5,21.092227321443808,15.446,45.553300490849104,40.81541755378828,5.646227321443808,-1.3183113177140364,-1.19322304133156,0.12508827638247633,0.2667,3.8,1.9065694611002244,3.4853184822120076,6.970636964424015,14.973932039641639,1.2687066380845444
142,9Iron,C,four4_path_tdm,radar,ops,13,5,20.006775689545467,15.446,45.553300490849104,40.81541755378828,4.560775689545467,-1.4291440095796317,-1.3308204525311498,0.09832355704848195,0.2667,3.8,1.9065694611002244,3.4853184822120076,6.970636964424015,14.973932039641639,1.2687066380845444
142,9Iron,C,four4_path_tdm_neg,radar,ops,13,5,20.0067756895455,15.446,45.553300490849104,40.81541755378828,4.560775689545499,-1.4291440095796306,-1.3308204525311484,0.09832355704848217,0.2667,3.8,1.9065694611002244,3.4853184822120076,6.970636964424015,14.973932039641639,1.2687066380845444
142,9Iron,C,tx_later4,radar,ops,13,5,21.922303174061504,15.446,45.553300490849104,40.81541755378828,6.4763031740615045,-1.4420737474033363,-1.1955346932174993,0.246539054185837,0.2667,3.8,1.9065694611002244,3.4853184822120076,6.970636964424015,14.973932039641639,1.2687066380845444
142,9Iron,C,tx_earlier4,radar,ops,13,5,14.898811119405563,15.446,45.553300490849104,40.81541755378828,-0.5471888805944367,-1.571430981909491,-1.5688291729809434,0.0026018089285475554,0.2667,3.8,1.9065694611002244,3.4853184822120076,6.970636964424015,14.973932039641639,1.2687066380845444
144,9Iron,C,two8,radar,ops,24,7,18.44198909666799,21.873,47.20734574910368,44.14002359194853,-3.4310109033320124,-1.6181388060205506,-1.447596249014451,0.17054255700609966,0.2667,3.8,1.9065694611002244,3.885020585328469,7.770041170656938,16.683835684357405,1.1084568950445928
144,9Iron,C,two8_path_tdm,radar,ops,24,7,18.42965954439902,21.873,47.20734574910368,44.14002359194853,-3.443340455600982,-1.6053101685145061,-1.4320349519673674,0.17327521654713873,0.2667,3.8,1.9065694611002244,3.885020585328469,7.770041170656938,16.683835684357405,1.1084568950445928
144,9Iron,C,two8_path_tdm_neg,radar,ops,24,7,18.40008856191173,21.873,47.20734574910368,44.14002359194853,-3.4729114380882713,-1.625421620085929,-1.458170353043933,0.1672512670419961,0.2667,3.8,1.9065694611002244,3.885020585328469,7.770041170656938,16.683835684357405,1.1084568950445928
144,9Iron,C,four3,radar,ops,24,7,18.890927253877283,21.873,47.20734574910368,44.14002359194853,-2.982072746122718,-1.5951016606699235,-1.5563156629284136,0.038785997741509926,0.2667,3.8,1.9065694611002244,3.885020585328469,7.770041170656938,16.683835684357405,1.1084568950445928
144,9Iron,C,four3_path_tdm,radar,ops,24,7,18.87535202052089,21.873,47.20734574910368,44.14002359194853,-2.9976479794791118,-1.5872717943382593,-1.5462012409537766,0.04107055338448262,0.2667,3.8,1.9065694611002244,3.885020585328469,7.770041170656938,16.683835684357405,1.1084568950445928
144,9Iron,C,four3_path_tdm_neg,radar,ops,24,7,18.969347513675476,21.873,47.20734574910368,44.14002359194853,-2.9036524863245248,-1.6015055900297865,-1.5645723288337117,0.036933261196074874,0.2667,3.8,1.9065694611002244,3.885020585328469,7.770041170656938,16.683835684357405,1.1084568950445928
144,9Iron,C,four4_path_tdm,radar,ops,24,7,19.192141963279298,21.873,47.20734574910368,44.14002359194853,-2.6808580367207036,-1.58972089548558,-1.5707169269792658,0.01900396850631414,0.2667,3.8,1.9065694611002244,3.885020585328469,7.770041170656938,16.683835684357405,1.1084568950445928
144,9Iron,C,four4_path_tdm_neg,radar,ops,24,7,19.19214196327942,21.873,47.20734574910368,44.14002359194853,-2.6808580367205828,-1.5897208954855795,-1.5707169269792653,0.01900396850631414,0.2667,3.8,1.9065694611002244,3.885020585328469,7.770041170656938,16.683835684357405,1.1084568950445928
144,9Iron,C,tx_later4,radar,ops,24,7,21.158450654377614,21.873,47.20734574910368,44.14002359194853,-0.7145493456223875,-1.8588670147175996,-1.8530146010905426,0.005852413627057018,0.2667,3.8,1.9065694611002244,3.885020585328469,7.770041170656938,16.683835684357405,1.1084568950445928
144,9Iron,C,tx_earlier4,radar,ops,24,7,10.563875769346533,21.873,47.20734574910368,44.14002359194853,-11.309124230653469,-1.3946956623275377,-1.2734105423688278,0.12128511995870994,0.2667,3.8,1.9065694611002244,3.885020585328469,7.770041170656938,16.683835684357405,1.1084568950445928
145,9Iron,C,two8,radar,ops,22,6,17.098682320912538,21.694999999999986,48.727279229661946,46.43059895072574,-4.5963176790874485,-1.4429577255079116,-1.2591084022375472,0.1838493232703644,0.2667,3.8,1.9065694611002244,3.658020269171658,7.316040538343316,15.697404809792104,1.1358249626659433
145,9Iron,C,two8_path_tdm,radar,ops,22,6,17.052536292627117,21.694999999999986,48.727279229661946,46.43059895072574,-4.642463707372869,-1.432693276579197,-1.2454931269600242,0.18720014961917286,0.2667,3.8,1.9065694611002244,3.658020269171658,7.316040538343316,15.697404809792104,1.1358249626659433
145,9Iron,C,two8_path_tdm_neg,radar,ops,22,6,17.115139022190814,21.694999999999986,48.727279229661946,46.43059895072574,-4.579860977809172,-1.443448890010745,-1.2596705623212765,0.18377832768946845,0.2667,3.8,1.9065694611002244,3.658020269171658,7.316040538343316,15.697404809792104,1.1358249626659433
145,9Iron,C,four3,radar,ops,22,6,16.039913011613972,21.694999999999986,48.727279229661946,46.43059895072574,-5.655086988386014,-1.4710689240814399,-1.3716166739916085,0.09945225008983138,0.2667,3.8,1.9065694611002244,3.658020269171658,7.316040538343316,15.697404809792104,1.1358249626659433
145,9Iron,C,four3_path_tdm,radar,ops,22,6,16.10209160821953,21.694999999999986,48.727279229661946,46.43059895072574,-5.592908391780455,-1.4798194757006586,-1.3764991307993337,0.10332034490132491,0.2667,3.8,1.9065694611002244,3.658020269171658,7.316040538343316,15.697404809792104,1.1358249626659433
145,9Iron,C,four3_path_tdm_neg,radar,ops,22,6,16.137920054719043,21.694999999999986,48.727279229661946,46.43059895072574,-5.557079945280943,-1.4566395559588277,-1.3650935401953852,0.09154601576344246,0.2667,3.8,1.9065694611002244,3.658020269171658,7.316040538343316,15.697404809792104,1.1358249626659433
145,9Iron,C,four4_path_tdm,radar,ops,22,6,20.041027913417626,21.694999999999986,48.727279229661946,46.43059895072574,-1.6539720865823604,-1.373123139791473,-1.3550144721631938,0.018108667628279118,0.2667,3.8,1.9065694611002244,3.658020269171658,7.316040538343316,15.697404809792104,1.1358249626659433
145,9Iron,C,four4_path_tdm_neg,radar,ops,22,6,20.041027913417626,21.694999999999986,48.727279229661946,46.43059895072574,-1.6539720865823604,-1.3731231397914723,-1.3550144721631925,0.018108667628279784,0.2667,3.8,1.9065694611002244,3.658020269171658,7.316040538343316,15.697404809792104,1.1358249626659433
145,9Iron,C,tx_later4,radar,ops,22,6,20.971810980307914,21.694999999999986,48.727279229661946,46.43059895072574,-0.7231890196920716,-1.6084815256160272,-1.6012439459726586,0.007237579643368575,0.2667,3.8,1.9065694611002244,3.658020269171658,7.316040538343316,15.697404809792104,1.1358249626659433
145,9Iron,C,tx_earlier4,radar,ops,22,6,19.871669081324445,21.694999999999986,48.727279229661946,46.43059895072574,-1.8233309186755413,-1.0655004122620741,-1.0570170290001213,0.00848338326195286,0.2667,3.8,1.9065694611002244,3.658020269171658,7.316040538343316,15.697404809792104,1.1358249626659433
146,9Iron,C,two8,radar,ops,28,7,-1.4068579964246302,6.429999999999999,41.88757856714977,41.17516113785682,-7.836857996424629,-1.6225073878125067,-1.5368865954860784,0.08562079232642827,0.2667,3.8,1.9065694611002244,1.3950984566546865,2.790196913309373,5.9732465797321,1.87777919289151
146,9Iron,C,two8_path_tdm,radar,ops,28,7,-1.6017887592373885,6.429999999999999,41.88757856714977,41.17516113785682,-8.031788759237386,-1.630629608017125,-1.5368378562407392,0.09379175177638577,0.2667,3.8,1.9065694611002244,1.3950984566546865,2.790196913309373,5.9732465797321,1.87777919289151
146,9Iron,C,two8_path_tdm_neg,radar,ops,28,7,-3.0795603518467916,6.429999999999999,41.88757856714977,41.17516113785682,-9.50956035184679,-1.7265560466937095,-1.536111294159991,0.1904447525337185,0.2667,3.8,1.9065694611002244,1.3950984566546865,2.790196913309373,5.9732465797321,1.87777919289151
146,9Iron,C,four3,radar,ops,28,7,-5.0,6.429999999999999,41.88757856714977,41.17516113785682,-11.43,-1.4612961596435867,-1.4497068820104644,0.011589277633122341,0.2667,3.8,1.9065694611002244,1.3950984566546865,2.790196913309373,5.9732465797321,1.87777919289151
146,9Iron,C,four3_path_tdm,radar,ops,28,7,0.0407546670729488,6.429999999999999,41.88757856714977,41.17516113785682,-6.38924533292705,-1.4611912551220023,-1.446774354179116,0.01441690094288628,0.2667,3.8,1.9065694611002244,1.3950984566546865,2.790196913309373,5.9732465797321,1.87777919289151
146,9Iron,C,four3_path_tdm_neg,radar,ops,28,7,-3.127948091158637,6.429999999999999,41.88757856714977,41.17516113785682,-9.557948091158636,-1.5485504890453465,-1.4517813574194265,0.09676913162592005,0.2667,3.8,1.9065694611002244,1.3950984566546865,2.790196913309373,5.9732465797321,1.87777919289151
146,9Iron,C,four4_path_tdm,radar,ops,28,7,13.939986755551521,6.429999999999999,41.88757856714977,41.17516113785682,7.509986755551522,-1.3266320563530984,-1.29041195750893,0.03622009884416855,0.2667,3.8,1.9065694611002244,1.3950984566546865,2.790196913309373,5.9732465797321,1.87777919289151
146,9Iron,C,four4_path_tdm_neg,radar,ops,28,7,13.939986755551345,6.429999999999999,41.88757856714977,41.17516113785682,7.509986755551346,-1.3266320563530976,-1.2904119575089303,0.036220098844167214,0.2667,3.8,1.9065694611002244,1.3950984566546865,2.790196913309373,5.9732465797321,1.87777919289151
146,9Iron,C,tx_later4,radar,ops,28,7,11.886302023244305,6.429999999999999,41.88757856714977,41.17516113785682,5.456302023244306,-1.3830893766869536,-1.3587119616111676,0.024377415075786057,0.2667,3.8,1.9065694611002244,1.3950984566546865,2.790196913309373,5.9732465797321,1.87777919289151
146,9Iron,C,tx_earlier4,radar,ops,28,7,15.670460863585022,6.429999999999999,41.88757856714977,41.17516113785682,9.240460863585024,-1.326167636567647,-1.3195602301968905,0.006607406370756408,0.2667,3.8,1.9065694611002244,1.3950984566546865,2.790196913309373,5.9732465797321,1.87777919289151
147,9Iron,C,two8,radar,ops,17,6,19.013453802642186,23.108,48.012016415281586,43.677943081386545,-4.094546197357815,-1.0014641068926549,-0.7909428936394395,0.21052121325321538,0.2667,3.8,1.9065694611002244,3.675342541465998,7.350685082931996,15.767970285182447,1.1186288371207325
147,9Iron,C,two8_path_tdm,radar,ops,17,6,18.976882471089695,23.108,48.012016415281586,43.677943081386545,-4.1311175289103055,-0.9964080597095647,-0.7832790698927252,0.21312898981683948,0.2667,3.8,1.9065694611002244,3.675342541465998,7.350685082931996,15.767970285182447,1.1186288371207325
147,9Iron,C,two8_path_tdm_neg,radar,ops,17,6,19.07697737371718,23.108,48.012016415281586,43.677943081386545,-4.0310226262828195,-1.0033711166877846,-0.7995735878253964,0.2037975288623881,0.2667,3.8,1.9065694611002244,3.675342541465998,7.350685082931996,15.767970285182447,1.1186288371207325
147,9Iron,C,four3,radar,ops,17,6,22.574107244520846,23.108,48.012016415281586,43.677943081386545,-0.5338927554791546,-0.8948818881330719,-0.8920581599325272,0.0028237282005446618,0.2667,3.8,1.9065694611002244,3.675342541465998,7.350685082931996,15.767970285182447,1.1186288371207325
147,9Iron,C,four3_path_tdm,radar,ops,17,6,22.300695451504215,23.108,48.012016415281586,43.677943081386545,-0.8073045484957859,-0.9142765888553784,-0.9097674180738139,0.004509170781564542,0.2667,3.8,1.9065694611002244,3.675342541465998,7.350685082931996,15.767970285182447,1.1186288371207325
147,9Iron,C,four3_path_tdm_neg,radar,ops,17,6,22.768741636858124,23.108,48.012016415281586,43.677943081386545,-0.33925836314187663,-0.8650539553698676,-0.8646742889906015,0.00037966637926611924,0.2667,3.8,1.9065694611002244,3.675342541465998,7.350685082931996,15.767970285182447,1.1186288371207325
147,9Iron,C,four4_path_tdm,radar,ops,17,6,24.610869057298956,23.108,48.012016415281586,43.677943081386545,1.5028690572989554,-0.6840817865058227,-0.6768878303615113,0.0071939561443113975,0.2667,3.8,1.9065694611002244,3.675342541465998,7.350685082931996,15.767970285182447,1.1186288371207325
147,9Iron,C,four4_path_tdm_neg,radar,ops,17,6,24.610869057298913,23.108,48.012016415281586,43.677943081386545,1.5028690572989127,-0.6840817865058231,-0.6768878303615126,0.007193956144310509,0.2667,3.8,1.9065694611002244,3.675342541465998,7.350685082931996,15.767970285182447,1.1186288371207325
147,9Iron,C,tx_later4,radar,ops,17,6,23.407053835884067,23.108,48.012016415281586,43.677943081386545,0.29905383588406664,-0.5851574790150739,-0.5849332773049812,0.0002242017100926308,0.2667,3.8,1.9065694611002244,3.675342541465998,7.350685082931996,15.767970285182447,1.1186288371207325
147,9Iron,C,tx_earlier4,radar,ops,17,6,24.88029829434353,23.108,48.012016415281586,43.677943081386545,1.7722982943435284,-0.7363573622267722,-0.7229471220318011,0.013410240194971057,0.2667,3.8,1.9065694611002244,3.675342541465998,7.350685082931996,15.767970285182447,1.1186288371207325
149,9Iron,C,two8,radar,ops,18,5,22.04555056709559,23.08599999999999,50.560140191511614,48.528103736906644,-1.0404494329044027,-1.2476200115236735,-1.228294660431263,0.019325351092410514,0.2667,3.8,1.9065694611002244,3.9106447558295954,7.821289511659191,16.789854936272548,1.091494468289352
149,9Iron,C,two8_path_tdm,radar,ops,18,5,22.051299142182483,23.08599999999999,50.560140191511614,48.528103736906644,-1.0347008578175085,-1.255306457565706,-1.235457548157486,0.019848909408219928,0.2667,3.8,1.9065694611002244,3.9106447558295954,7.821289511659191,16.789854936272548,1.091494468289352
149,9Iron,C,two8_path_tdm_neg,radar,ops,18,5,22.068376086606996,23.08599999999999,50.560140191511614,48.528103736906644,-1.0176239133929954,-1.239785449954256,-1.2213506109815633,0.018434838972692713,0.2667,3.8,1.9065694611002244,3.9106447558295954,7.821289511659191,16.789854936272548,1.091494468289352
149,9Iron,C,four3,radar,ops,18,5,24.218184596461807,23.08599999999999,50.560140191511614,48.528103736906644,1.1321845964618156,-1.0061242054073198,-0.9981200415418325,0.008004163865487302,0.2667,3.8,1.9065694611002244,3.9106447558295954,7.821289511659191,16.789854936272548,1.091494468289352
149,9Iron,C,four3_path_tdm,radar,ops,18,5,24.120284898079213,23.08599999999999,50.560140191511614,48.528103736906644,1.0342848980792212,-1.0235191410936095,-1.0168188946435641,0.006700246450045411,0.2667,3.8,1.9065694611002244,3.9106447558295954,7.821289511659191,16.789854936272548,1.091494468289352
149,9Iron,C,four3_path_tdm_neg,radar,ops,18,5,24.390594588475437,23.08599999999999,50.560140191511614,48.528103736906644,1.304594588475446,-0.981662156813055,-0.9708009522085304,0.010861204604524666,0.2667,3.8,1.9065694611002244,3.9106447558295954,7.821289511659191,16.789854936272548,1.091494468289352
149,9Iron,C,four4_path_tdm,radar,ops,18,5,24.90736097572986,23.08599999999999,50.560140191511614,48.528103736906644,1.821360975729867,-0.9464187957342354,-0.9290589696399753,0.017359826094260122,0.2667,3.8,1.9065694611002244,3.9106447558295954,7.821289511659191,16.789854936272548,1.091494468289352
149,9Iron,C,four4_path_tdm_neg,radar,ops,18,5,24.907360975729812,23.08599999999999,50.560140191511614,48.528103736906644,1.8213609757298208,-0.946418795734235,-0.9290589696399753,0.01735982609425979,0.2667,3.8,1.9065694611002244,3.9106447558295954,7.821289511659191,16.789854936272548,1.091494468289352
149,9Iron,C,tx_later4,radar,ops,18,5,28.389771021875113,23.08599999999999,50.560140191511614,48.528103736906644,5.3037710218751215,-1.1450593375689424,-1.1026180893180606,0.0424412482508818,0.2667,3.8,1.9065694611002244,3.9106447558295954,7.821289511659191,16.789854936272548,1.091494468289352
149,9Iron,C,tx_earlier4,radar,ops,18,5,26.148509293150738,23.08599999999999,50.560140191511614,48.528103736906644,3.0625092931507467,-0.8264917072791421,-0.81066522300736,0.015826484271782126,0.2667,3.8,1.9065694611002244,3.9106447558295954,7.821289511659191,16.789854936272548,1.091494468289352
151,9Iron,C,two8,radar,ops,24,7,14.91266526246194,19.529000000000003,46.0450436757356,42.896186746426594,-4.616334737538063,-1.4461814397627744,-1.2632426805662014,0.182938759196573,0.2667,3.8,1.9065694611002244,3.47170393579157,6.94340787158314,14.897427233347493,1.1866665438037967
151,9Iron,C,two8_path_tdm,radar,ops,24,7,14.930596552185753,19.529000000000003,46.0450436757356,42.896186746426594,-4.598403447814251,-1.445142329556586,-1.26050842843375,0.18463390112283595,0.2667,3.8,1.9065694611002244,3.47170393579157,6.94340787158314,14.897427233347493,1.1866665438037967
151,9Iron,C,two8_path_tdm_neg,radar,ops,24,7,14.828468466179151,19.529000000000003,46.0450436757356,42.896186746426594,-4.700531533820852,-1.444672722198354,-1.258088606791293,0.18658411540706088,0.2667,3.8,1.9065694611002244,3.47170393579157,6.94340787158314,14.897427233347493,1.1866665438037967
151,9Iron,C,four3,radar,ops,24,7,13.693587302302786,19.529000000000003,46.0450436757356,42.896186746426594,-5.835412697697217,-1.4046132677568797,-1.2962016063981459,0.10841166135873381,0.2667,3.8,1.9065694611002244,3.47170393579157,6.94340787158314,14.897427233347493,1.1866665438037967
151,9Iron,C,four3_path_tdm,radar,ops,24,7,13.614900034967512,19.529000000000003,46.0450436757356,42.896186746426594,-5.9140999650324915,-1.396234465213744,-1.2872049571822528,0.10902950803149114,0.2667,3.8,1.9065694611002244,3.47170393579157,6.94340787158314,14.897427233347493,1.1866665438037967
151,9Iron,C,four3_path_tdm_neg,radar,ops,24,7,13.82737359325562,19.529000000000003,46.0450436757356,42.896186746426594,-5.701626406744383,-1.4110419597255865,-1.3028021221243669,0.10823983760121969,0.2667,3.8,1.9065694611002244,3.47170393579157,6.94340787158314,14.897427233347493,1.1866665438037967
151,9Iron,C,four4_path_tdm,radar,ops,24,7,14.73915804152399,19.529000000000003,46.0450436757356,42.896186746426594,-4.789841958476014,-1.3057314674600953,-1.2872715811184177,0.01845988634167761,0.2667,3.8,1.9065694611002244,3.47170393579157,6.94340787158314,14.897427233347493,1.1866665438037967
151,9Iron,C,four4_path_tdm_neg,radar,ops,24,7,14.739158041523408,19.529000000000003,46.0450436757356,42.896186746426594,-4.789841958476595,-1.3057314674600964,-1.2872715811184172,0.018459886341679166,0.2667,3.8,1.9065694611002244,3.47170393579157,6.94340787158314,14.897427233347493,1.1866665438037967
151,9Iron,C,tx_later4,radar,ops,24,7,26.07920468290996,19.529000000000003,46.0450436757356,42.896186746426594,6.550204682909957,-1.6103616972539203,-1.5073528911358463,0.10300880611807406,0.2667,3.8,1.9065694611002244,3.47170393579157,6.94340787158314,14.897427233347493,1.1866665438037967
151,9Iron,C,tx_earlier4,radar,ops,24,7,9.986916902412972,19.529000000000003,46.0450436757356,42.896186746426594,-9.542083097587032,-1.2178321309012308,-1.1001777994867723,0.11765433141445847,0.2667,3.8,1.9065694611002244,3.47170393579157,6.94340787158314,14.897427233347493,1.1866665438037967
152,7Iron,C,two8,radar,ops,19,6,16.040015758535294,16.805000000000007,52.30359330156374,51.3390514463998,-0.7649842414647132,-1.3940365328127697,-1.386387068978111,0.0076494638346586985,0.2667,3.8,1.9065694611002244,3.022956024745782,6.045912049491564,12.961818811490733,1.2849602809781473
152,7Iron,C,two8_path_tdm,radar,ops,19,6,15.971073991606392,16.805000000000007,52.30359330156374,51.3390514463998,-0.8339260083936146,-1.382315300187899,-1.3727732697062234,0.009542030481675567,0.2667,3.8,1.9065694611002244,3.022956024745782,6.045912049491564,12.961818811490733,1.2849602809781473
152,7Iron,C,two8_path_tdm_neg,radar,ops,19,6,16.133701593501506,16.805000000000007,52.30359330156374,51.3390514463998,-0.6712984064985008,-1.4118042386264615,-1.4063676102865201,0.005436628339941407,0.2667,3.8,1.9065694611002244,3.022956024745782,6.045912049491564,12.961818811490733,1.2849602809781473
152,7Iron,C,four3,radar,ops,19,6,13.692362551787305,16.805000000000007,52.30359330156374,51.3390514463998,-3.112637448212702,-1.3279810357751562,-1.3026033430586956,0.02537769271646062,0.2667,3.8,1.9065694611002244,3.022956024745782,6.045912049491564,12.961818811490733,1.2849602809781473
152,7Iron,C,four3_path_tdm,radar,ops,19,6,14.040987230815713,16.805000000000007,52.30359330156374,51.3390514463998,-2.764012769184294,-1.3166515214644272,-1.2914576660244692,0.025193855439958,0.2667,3.8,1.9065694611002244,3.022956024745782,6.045912049491564,12.961818811490733,1.2849602809781473
152,7Iron,C,four3_path_tdm_neg,radar,ops,19,6,13.771851524918361,16.805000000000007,52.30359330156374,51.3390514463998,-3.0331484750816458,-1.3452630677707755,-1.32165325511453,0.02360981265624562,0.2667,3.8,1.9065694611002244,3.022956024745782,6.045912049491564,12.961818811490733,1.2849602809781473
152,7Iron,C,four4_path_tdm,radar,ops,19,6,12.43799352457001,16.805000000000007,52.30359330156374,51.3390514463998,-4.3670064754299975,-1.3275420606646582,-1.2966201029433442,0.03092195772131401,0.2667,3.8,1.9065694611002244,3.022956024745782,6.045912049491564,12.961818811490733,1.2849602809781473
152,7Iron,C,four4_path_tdm_neg,radar,ops,19,6,12.437993524569567,16.805000000000007,52.30359330156374,51.3390514463998,-4.36700647543044,-1.3275420606646575,-1.296620102943345,0.030921957721312454,0.2667,3.8,1.9065694611002244,3.022956024745782,6.045912049491564,12.961818811490733,1.2849602809781473
152,7Iron,C,tx_later4,radar,ops,19,6,14.240466213880138,16.805000000000007,52.30359330156374,51.3390514463998,-2.5645337861198687,-1.3722084103299304,-1.3667613857831098,0.005447024546820556,0.2667,3.8,1.9065694611002244,3.022956024745782,6.045912049491564,12.961818811490733,1.2849602809781473
152,7Iron,C,tx_earlier4,radar,ops,19,6,16.289515729474193,16.805000000000007,52.30359330156374,51.3390514463998,-0.515484270525814,-1.6880904650060513,-1.6874537245559775,0.0006367404500737806,0.2667,3.8,1.9065694611002244,3.022956024745782,6.045912049491564,12.961818811490733,1.2849602809781473
167,7Iron,C,two8,radar,ops,12,5,12.602615750844294,17.914999999999985,56.863393743238525,54.37043330304314,-5.312384249155691,-0.8000262814885588,-0.7287585616888507,0.07126771979970814,0.2667,3.8,1.9065694611002244,2.569004615712356,5.138009231424712,10.996377724942512,1.3221471042626183
167,7Iron,C,two8_path_tdm,radar,ops,12,5,12.57849962224928,17.914999999999985,56.863393743238525,54.37043330304314,-5.3365003777507045,-0.8056089313701162,-0.7324421770786002,0.07316675429151609,0.2667,3.8,1.9065694611002244,2.569004615712356,5.138009231424712,10.996377724942512,1.3221471042626183
167,7Iron,C,two8_path_tdm_neg,radar,ops,12,5,12.631346769661912,17.914999999999985,56.863393743238525,54.37043330304314,-5.283653230338073,-0.7915843673554848,-0.722589502888949,0.0689948644665358,0.2667,3.8,1.9065694611002244,2.569004615712356,5.138009231424712,10.996377724942512,1.3221471042626183
167,7Iron,C,four3,radar,ops,12,5,21.38565120627974,17.914999999999985,56.863393743238525,54.37043330304314,3.4706512062797543,-0.7014218766413584,-0.6830734852545998,0.01834839138675859,0.2667,3.8,1.9065694611002244,2.569004615712356,5.138009231424712,10.996377724942512,1.3221471042626183
167,7Iron,C,four3_path_tdm,radar,ops,12,5,21.33243756134267,17.914999999999985,56.863393743238525,54.37043330304314,3.417437561342684,-0.7125378515763687,-0.6959698494877983,0.016568002088570455,0.2667,3.8,1.9065694611002244,2.569004615712356,5.138009231424712,10.996377724942512,1.3221471042626183
167,7Iron,C,four3_path_tdm_neg,radar,ops,12,5,21.35108644122992,17.914999999999985,56.863393743238525,54.37043330304314,3.4360864412299357,-0.6837391928423316,-0.6658101576417539,0.01792903520057776,0.2667,3.8,1.9065694611002244,2.569004615712356,5.138009231424712,10.996377724942512,1.3221471042626183
167,7Iron,C,four4_path_tdm,radar,ops,12,5,22.445915502492443,17.914999999999985,56.863393743238525,54.37043330304314,4.530915502492459,-0.31021927025332063,-0.2936971365858163,0.016522133667504324,0.2667,3.8,1.9065694611002244,2.569004615712356,5.138009231424712,10.996377724942512,1.3221471042626183
167,7Iron,C,four4_path_tdm_neg,radar,ops,12,5,22.445915502492287,17.914999999999985,56.863393743238525,54.37043330304314,4.530915502492302,-0.31021927025332063,-0.29369713658581503,0.0165221336675056,0.2667,3.8,1.9065694611002244,2.569004615712356,5.138009231424712,10.996377724942512,1.3221471042626183
167,7Iron,C,tx_later4,radar,ops,12,5,33.269575978641996,17.914999999999985,56.863393743238525,54.37043330304314,15.35457597864201,-0.2690768242632612,-0.05789569728137918,0.21118112698188202,0.2667,3.8,1.9065694611002244,2.569004615712356,5.138009231424712,10.996377724942512,1.3221471042626183
167,7Iron,C,tx_earlier4,radar,ops,12,5,15.583757287215258,17.914999999999985,56.863393743238525,54.37043330304314,-2.331242712784727,-0.8949076113466976,-0.8831455465955426,0.011762064751155044,0.2667,3.8,1.9065694611002244,2.569004615712356,5.138009231424712,10.996377724942512,1.3221471042626183
168,7Iron,C,two8,radar,ops,17,5,12.02151667988779,20.05000000000001,54.89642100369254,51.629201616096076,-8.02848332011222,-1.3802973728036512,-0.9606813071757649,0.4196160656278862,0.2667,3.8,1.9065694611002244,3.3896732745783753,6.779346549156751,14.539049123883048,1.1883389973763958
168,7Iron,C,two8_path_tdm,radar,ops,17,5,11.870322844659702,20.05000000000001,54.89642100369254,51.629201616096076,-8.17967715534031,-1.3837362614297135,-0.9610023976255885,0.42273386380412503,0.2667,3.8,1.9065694611002244,3.3896732745783753,6.779346549156751,14.539049123883048,1.1883389973763958
168,7Iron,C,two8_path_tdm_neg,radar,ops,17,5,11.669162773639254,20.05000000000001,54.89642100369254,51.629201616096076,-8.380837226360757,-1.37817439093734,-0.9720735594827895,0.40610083145455056,0.2667,3.8,1.9065694611002244,3.3896732745783753,6.779346549156751,14.539049123883048,1.1883389973763958
168,7Iron,C,four3,radar,ops,17,5,16.437326865099052,20.05000000000001,54.89642100369254,51.629201616096076,-3.612673134900959,-1.3809353311263801,-1.3377381895778424,0.04319714154853771,0.2667,3.8,1.9065694611002244,3.3896732745783753,6.779346549156751,14.539049123883048,1.1883389973763958
168,7Iron,C,four3_path_tdm,radar,ops,17,5,16.564663068719906,20.05000000000001,54.89642100369254,51.629201616096076,-3.4853369312801057,-1.3949745187330045,-1.3495522262374025,0.045422292495602035,0.2667,3.8,1.9065694611002244,3.3896732745783753,6.779346549156751,14.539049123883048,1.1883389973763958
168,7Iron,C,four3_path_tdm_neg,radar,ops,17,5,16.724150748305334,20.05000000000001,54.89642100369254,51.629201616096076,-3.3258492516946774,-1.3878783027359756,-1.35481601682925,0.03306228590672555,0.2667,3.8,1.9065694611002244,3.3896732745783753,6.779346549156751,14.539049123883048,1.1883389973763958
168,7Iron,C,four4_path_tdm,radar,ops,17,5,19.389224082777062,20.05000000000001,54.89642100369254,51.629201616096076,-0.6607759172229493,-1.3370873256562308,-1.3363982142580697,0.0006891113981610797,0.2667,3.8,1.9065694611002244,3.3896732745783753,6.779346549156751,14.539049123883048,1.1883389973763958
168,7Iron,C,four4_path_tdm_neg,radar,ops,17,5,19.38922408277642,20.05000000000001,54.89642100369254,51.629201616096076,-0.6607759172235923,-1.3370873256562295,-1.3363982142580673,0.0006891113981621899,0.2667,3.8,1.9065694611002244,3.3896732745783753,6.779346549156751,14.539049123883048,1.1883389973763958
168,7Iron,C,tx_later4,radar,ops,17,5,17.282013224739696,20.05000000000001,54.89642100369254,51.629201616096076,-2.767986775260315,-1.7108842038714673,-1.7061139643734413,0.004770239498026019,0.2667,3.8,1.9065694611002244,3.3896732745783753,6.779346549156751,14.539049123883048,1.1883389973763958
168,7Iron,C,tx_earlier4,radar,ops,17,5,21.50677189416015,20.05000000000001,54.89642100369254,51.629201616096076,1.4567718941601377,-0.9570246757874721,-0.9506005240704132,0.006424151717058901,0.2667,3.8,1.9065694611002244,3.3896732745783753,6.779346549156751,14.539049123883048,1.1883389973763958
