shot,club,block,model,velocity_source,n_snapshots,n_frames,launch_angle_deg,trackman_launch_deg,trackman_ball_ms,radar_ball_ms,launch_error_deg,best_cv_log_error,truth_cv_log_error,truth_minus_best_cv,radar_height_m,tilt_deg,tee_distance_m,median_cross_excess_cm,median_double_excess_cm,median_angle_separation_deg,median_reflection_point_m
62,9Iron,A,two8,truth,25,7,14.355143464088476,16.77799999999999,44.569814121076114,43.08422175707952,-2.4228565359115155,-1.4746475180987242,-1.3600105161649714,0.11463700193375281,0.1524,10.404948650719305,1.5709841628737065,2.309769115208571,4.619538230417142,17.412555575782257,0.7437859456877515
62,9Iron,A,two8_path_tdm,truth,25,7,14.349278205768098,16.77799999999999,44.569814121076114,43.08422175707952,-2.428721794231894,-1.4724372291758538,-1.359703015371151,0.11273421380470294,0.1524,10.404948650719305,1.5709841628737065,2.309769115208571,4.619538230417142,17.412555575782257,0.7437859456877515
62,9Iron,A,two8_path_tdm_neg,truth,25,7,14.363190919074565,16.77799999999999,44.569814121076114,43.08422175707952,-2.4148090809254263,-1.4772001520598543,-1.3604428321525825,0.11675731990727178,0.1524,10.404948650719305,1.5709841628737065,2.309769115208571,4.619538230417142,17.412555575782257,0.7437859456877515
62,9Iron,A,four3,truth,25,7,15.244014780553055,16.77799999999999,44.569814121076114,43.08422175707952,-1.5339852194469366,-1.5535853062935094,-1.5444725910937296,0.009112715199779853,0.1524,10.404948650719305,1.5709841628737065,2.309769115208571,4.619538230417142,17.412555575782257,0.7437859456877515
62,9Iron,A,four3_path_tdm,truth,25,7,15.525242677104588,16.77799999999999,44.569814121076114,43.08422175707952,-1.2527573228954036,-1.5585366528971332,-1.5495621177812315,0.008974535115901627,0.1524,10.404948650719305,1.5709841628737065,2.309769115208571,4.619538230417142,17.412555575782257,0.7437859456877515
62,9Iron,A,four3_path_tdm_neg,truth,25,7,15.194848822283182,16.77799999999999,44.569814121076114,43.08422175707952,-1.5831511777168092,-1.5494984536801482,-1.5397792305422393,0.00971922313790885,0.1524,10.404948650719305,1.5709841628737065,2.309769115208571,4.619538230417142,17.412555575782257,0.7437859456877515
62,9Iron,A,four4_path_tdm,truth,25,7,14.381008573777404,16.77799999999999,44.569814121076114,43.08422175707952,-2.3969914262225878,-1.6576750174284558,-1.6119605584464856,0.04571445898197024,0.1524,10.404948650719305,1.5709841628737065,2.309769115208571,4.619538230417142,17.412555575782257,0.7437859456877515
62,9Iron,A,four4_path_tdm_neg,truth,25,7,14.381008573777468,16.77799999999999,44.569814121076114,43.08422175707952,-2.396991426222524,-1.6576750174284562,-1.611960558446485,0.04571445898197135,0.1524,10.404948650719305,1.5709841628737065,2.309769115208571,4.619538230417142,17.412555575782257,0.7437859456877515
62,9Iron,A,tx_later4,truth,25,7,15.771621521421842,16.77799999999999,44.569814121076114,43.08422175707952,-1.0063784785781493,-1.8644397077134318,-1.8438226834625995,0.02061702425083234,0.1524,10.404948650719305,1.5709841628737065,2.309769115208571,4.619538230417142,17.412555575782257,0.7437859456877515
62,9Iron,A,tx_earlier4,truth,25,7,1.4514245377534527,16.77799999999999,44.569814121076114,43.08422175707952,-15.326575462246538,-1.7339480857142135,-1.4597692937159923,0.27417879199822126,0.1524,10.404948650719305,1.5709841628737065,2.309769115208571,4.619538230417142,17.412555575782257,0.7437859456877515
63,9Iron,A,two8,truth,16,4,4.056616198631038,11.487999999999987,39.92060582760378,39.69922948327173,-7.431383801368949,-1.2618048465200111,-1.0684044284917782,0.19340041802823293,0.1524,10.404948650719305,1.5709841628737065,1.418827293737135,2.83765458747427,10.666081418551077,1.0030072176301053
63,9Iron,A,two8_path_tdm,truth,16,4,-2.551093776782279,11.487999999999987,39.92060582760378,39.69922948327173,-14.039093776782266,-1.4089420849005703,-1.073159971899248,0.3357821130013223,0.1524,10.404948650719305,1.5709841628737065,1.418827293737135,2.83765458747427,10.666081418551077,1.0030072176301053
63,9Iron,A,two8_path_tdm_neg,truth,16,4,-3.4639410051110198,11.487999999999987,39.92060582760378,39.69922948327173,-14.951941005111006,-1.3293406488299735,-1.063636416387347,0.2657042324426264,0.1524,10.404948650719305,1.5709841628737065,1.418827293737135,2.83765458747427,10.666081418551077,1.0030072176301053
63,9Iron,A,four3,truth,16,4,15.919092580892249,11.487999999999987,39.92060582760378,39.69922948327173,4.431092580892262,-1.1318856347656299,-1.1012452383527118,0.030640396412918047,0.1524,10.404948650719305,1.5709841628737065,1.418827293737135,2.83765458747427,10.666081418551077,1.0030072176301053
63,9Iron,A,four3_path_tdm,truth,16,4,-2.5730265429921038,11.487999999999987,39.92060582760378,39.69922948327173,-14.06102654299209,-1.1748707799125224,-1.1063833157097593,0.06848746420276308,0.1524,10.404948650719305,1.5709841628737065,1.418827293737135,2.83765458747427,10.666081418551077,1.0030072176301053
63,9Iron,A,four3_path_tdm_neg,truth,16,4,15.754127235012911,11.487999999999987,39.92060582760378,39.69922948327173,4.266127235012924,-1.1241145153159269,-1.0964450544665034,0.027669460849423455,0.1524,10.404948650719305,1.5709841628737065,1.418827293737135,2.83765458747427,10.666081418551077,1.0030072176301053
63,9Iron,A,four4_path_tdm,truth,16,4,15.620384929678034,11.487999999999987,39.92060582760378,39.69922948327173,4.132384929678047,-1.4120901621312862,-1.386054587093402,0.02603557503788423,0.1524,10.404948650719305,1.5709841628737065,1.418827293737135,2.83765458747427,10.666081418551077,1.0030072176301053
63,9Iron,A,four4_path_tdm_neg,truth,16,4,15.620384929678094,11.487999999999987,39.92060582760378,39.69922948327173,4.132384929678107,-1.4120901621312885,-1.3860545870934025,0.026035575037886005,0.1524,10.404948650719305,1.5709841628737065,1.418827293737135,2.83765458747427,10.666081418551077,1.0030072176301053
63,9Iron,A,tx_later4,truth,16,4,18.16739080631587,11.487999999999987,39.92060582760378,39.69922948327173,6.679390806315881,-1.7225048976388908,-1.6515748341190692,0.07093006351982156,0.1524,10.404948650719305,1.5709841628737065,1.418827293737135,2.83765458747427,10.666081418551077,1.0030072176301053
63,9Iron,A,tx_earlier4,truth,16,4,12.87023170088216,11.487999999999987,39.92060582760378,39.69922948327173,1.3822317008821727,-1.1589600306958145,-1.1565696259851008,0.0023904047107137227,0.1524,10.404948650719305,1.5709841628737065,1.418827293737135,2.83765458747427,10.666081418551077,1.0030072176301053
64,9Iron,A,two8,truth,22,7,17.941753496732986,20.468999999999983,49.263726340447214,47.26284337702736,-2.5272465032669977,-1.4648334066049986,-1.3182639918811472,0.14656941472385143,0.1524,10.404948650719305,1.5709841628737065,2.7130779339884725,5.426155867976945,20.481874926733937,0.6503258117595764
64,9Iron,A,two8_path_tdm,truth,22,7,17.919705962571538,20.468999999999983,49.263726340447214,47.26284337702736,-2.549294037428446,-1.4692688769456217,-1.3248704611773063,0.14439841576831536,0.1524,10.404948650719305,1.5709841628737065,2.7130779339884725,5.426155867976945,20.481874926733937,0.6503258117595764
64,9Iron,A,two8_path_tdm_neg,truth,22,7,17.928933159010192,20.468999999999983,49.263726340447214,47.26284337702736,-2.540066840989791,-1.4604739592405767,-1.3116094608539608,0.14886449838661586,0.1524,10.404948650719305,1.5709841628737065,2.7130779339884725,5.426155867976945,20.481874926733937,0.6503258117595764
64,9Iron,A,four3,truth,22,7,18.92416387224709,20.468999999999983,49.263726340447214,47.26284337702736,-1.5448361277528946,-1.6320004529531278,-1.6118026610752534,0.020197791877874405,0.1524,10.404948650719305,1.5709841628737065,2.7130779339884725,5.426155867976945,20.481874926733937,0.6503258117595764
64,9Iron,A,four3_path_tdm,truth,22,7,18.956336614408187,20.468999999999983,49.263726340447214,47.26284337702736,-1.5126633855917966,-1.6467677422579163,-1.6269795281056283,0.01978821415228804,0.1524,10.404948650719305,1.5709841628737065,2.7130779339884725,5.426155867976945,20.481874926733937,0.6503258117595764
64,9Iron,A,four3_path_tdm_neg,truth,22,7,18.89189345366023,20.468999999999983,49.263726340447214,47.26284337702736,-1.5771065463397527,-1.6174401127108442,-1.5967843153267622,0.020655797384081964,0.1524,10.404948650719305,1.5709841628737065,2.7130779339884725,5.426155867976945,20.481874926733937,0.6503258117595764
64,9Iron,A,four4_path_tdm,truth,22,7,19.82521709346614,20.468999999999983,49.263726340447214,47.26284337702736,-0.6437829065338434,-1.5541367352192392,-1.5515798931211964,0.0025568420980428552,0.1524,10.404948650719305,1.5709841628737065,2.7130779339884725,5.426155867976945,20.481874926733937,0.6503258117595764
64,9Iron,A,four4_path_tdm_neg,truth,22,7,19.825217093466108,20.468999999999983,49.263726340447214,47.26284337702736,-0.6437829065338754,-1.5541367352192381,-1.551579893121195,0.0025568420980430773,0.1524,10.404948650719305,1.5709841628737065,2.7130779339884725,5.426155867976945,20.481874926733937,0.6503258117595764
64,9Iron,A,tx_later4,truth,22,7,19.462219349814813,20.468999999999983,49.263726340447214,47.26284337702736,-1.0067806501851706,-1.6476339783883376,-1.637485448860949,0.01014852952738865,0.1524,10.404948650719305,1.5709841628737065,2.7130779339884725,5.426155867976945,20.481874926733937,0.6503258117595764
64,9Iron,A,tx_earlier4,truth,22,7,16.50543233038838,20.468999999999983,49.263726340447214,47.26284337702736,-3.963567669611603,-1.5151467251467177,-1.4772853448900183,0.037861380256699384,0.1524,10.404948650719305,1.5709841628737065,2.7130779339884725,5.426155867976945,20.481874926733937,0.6503258117595764
65,9Iron,A,two8,truth,25,7,15.659955943184555,17.449000000000005,49.75546952533371,47.4667803687637,-1.7890440568154506,-1.3933239507319166,-1.337148640593124,0.05617531013879251,0.1524,10.404948650719305,1.5709841628737065,2.397011687880668,4.794023375761336,18.075606447590822,0.7223149015488257
65,9Iron,A,two8_path_tdm,truth,25,7,15.205936187188184,17.449000000000005,49.75546952533371,47.4667803687637,-2.2430638128118208,-1.3935854366037141,-1.3358837934358037,0.05770164316791049,0.1524,10.404948650719305,1.5709841628737065,2.397011687880668,4.794023375761336,18.075606447590822,0.7223149015488257
65,9Iron,A,two8_path_tdm_neg,truth,25,7,15.751961616875391,17.449000000000005,49.75546952533371,47.4667803687637,-1.6970383831246139,-1.3938972463320487,-1.3385910020626237,0.05530624426942499,0.1524,10.404948650719305,1.5709841628737065,2.397011687880668,4.794023375761336,18.075606447590822,0.7223149015488257
65,9Iron,A,four3,truth,25,7,14.799414286485547,17.449000000000005,49.75546952533371,47.4667803687637,-2.6495857135144583,-1.5041572229583664,-1.4681818631054444,0.035975359852921995,0.1524,10.404948650719305,1.5709841628737065,2.397011687880668,4.794023375761336,18.075606447590822,0.7223149015488257
65,9Iron,A,four3_path_tdm,truth,25,7,14.85200667232374,17.449000000000005,49.75546952533371,47.4667803687637,-2.596993327676266,-1.5070018805403163,-1.472095515203245,0.034906365337071144,0.1524,10.404948650719305,1.5709841628737065,2.397011687880668,4.794023375761336,18.075606447590822,0.7223149015488257
65,9Iron,A,four3_path_tdm_neg,truth,25,7,14.905102465509863,17.449000000000005,49.75546952533371,47.4667803687637,-2.543897534490142,-1.5016793528028578,-1.4648383831314191,0.036840969671438684,0.1524,10.404948650719305,1.5709841628737065,2.397011687880668,4.794023375761336,18.075606447590822,0.7223149015488257
65,9Iron,A,four4_path_tdm,truth,25,7,13.492775284907054,17.449000000000005,49.75546952533371,47.4667803687637,-3.956224715092951,-1.7951445187742998,-1.7347373288847212,0.060407189889578605,0.1524,10.404948650719305,1.5709841628737065,2.397011687880668,4.794023375761336,18.075606447590822,0.7223149015488257
65,9Iron,A,four4_path_tdm_neg,truth,25,7,13.492775284906433,17.449000000000005,49.75546952533371,47.4667803687637,-3.9562247150935725,-1.7951445187742994,-1.7347373288847197,0.060407189889579715,0.1524,10.404948650719305,1.5709841628737065,2.397011687880668,4.794023375761336,18.075606447590822,0.7223149015488257
65,9Iron,A,tx_later4,truth,25,7,9.452994731144683,17.449000000000005,49.75546952533371,47.4667803687637,-7.996005268855322,-1.809099469956627,-1.7351072813739568,0.0739921885826702,0.1524,10.404948650719305,1.5709841628737065,2.397011687880668,4.794023375761336,18.075606447590822,0.7223149015488257
65,9Iron,A,tx_earlier4,truth,25,7,14.55699195660729,17.449000000000005,49.75546952533371,47.4667803687637,-2.8920080433927158,-1.7386198025219244,-1.7037228964789393,0.03489690604298512,0.1524,10.404948650719305,1.5709841628737065,2.397011687880668,4.794023375761336,18.075606447590822,0.7223149015488257
66,9Iron,A,two8,truth,20,5,15.929237398881533,21.533999999999995,50.023693080726346,48.11344544831894,-5.604762601118463,-1.4808922989757858,-1.1491068514974452,0.3317854474783406,0.1524,10.404948650719305,1.5709841628737065,2.8475994948523042,5.6951989897046085,21.50942147494991,0.6255257799251778
66,9Iron,A,two8_path_tdm,truth,20,5,16.017347296820915,21.533999999999995,50.023693080726346,48.11344544831894,-5.51665270317908,-1.4799605435621992,-1.155625676302463,0.32433486725973615,0.1524,10.404948650719305,1.5709841628737065,2.8475994948523042,5.6951989897046085,21.50942147494991,0.6255257799251778
66,9Iron,A,two8_path_tdm_neg,truth,20,5,15.841732399228498,21.533999999999995,50.023693080726346,48.11344544831894,-5.692267600771498,-1.4821526373392002,-1.1430286025768388,0.3391240347623614,0.1524,10.404948650719305,1.5709841628737065,2.8475994948523042,5.6951989897046085,21.50942147494991,0.6255257799251778
66,9Iron,A,four3,truth,20,5,15.858738817978884,21.533999999999995,50.023693080726346,48.11344544831894,-5.675261182021112,-1.6698278011823067,-1.5282233450121372,0.14160445617016948,0.1524,10.404948650719305,1.5709841628737065,2.8475994948523042,5.6951989897046085,21.50942147494991,0.6255257799251778
66,9Iron,A,four3_path_tdm,truth,20,5,15.8943174251766,21.533999999999995,50.023693080726346,48.11344544831894,-5.639682574823395,-1.6708720015705532,-1.5346722547046379,0.1361997468659153,0.1524,10.404948650719305,1.5709841628737065,2.8475994948523042,5.6951989897046085,21.50942147494991,0.6255257799251778
66,9Iron,A,four3_path_tdm_neg,truth,20,5,14.084348529781764,21.533999999999995,50.023693080726346,48.11344544831894,-7.449651470218232,-1.6706009377680409,-1.5209728531420568,0.1496280846259841,0.1524,10.404948650719305,1.5709841628737065,2.8475994948523042,5.6951989897046085,21.50942147494991,0.6255257799251778
66,9Iron,A,four4_path_tdm,truth,20,5,18.216119077782455,21.533999999999995,50.023693080726346,48.11344544831894,-3.3178809222175403,-1.7564939398820894,-1.6528165365631602,0.10367740331892916,0.1524,10.404948650719305,1.5709841628737065,2.8475994948523042,5.6951989897046085,21.50942147494991,0.6255257799251778
66,9Iron,A,four4_path_tdm_neg,truth,20,5,18.21611907778263,21.533999999999995,50.023693080726346,48.11344544831894,-3.317880922217366,-1.7564939398820871,-1.6528165365631597,0.10367740331892739,0.1524,10.404948650719305,1.5709841628737065,2.8475994948523042,5.6951989897046085,21.50942147494991,0.6255257799251778
66,9Iron,A,tx_later4,truth,20,5,15.999036681898865,21.533999999999995,50.023693080726346,48.11344544831894,-5.534963318101131,-1.627473448525975,-1.6086177590717239,0.01885568945425109,0.1524,10.404948650719305,1.5709841628737065,2.8475994948523042,5.6951989897046085,21.50942147494991,0.6255257799251778
66,9Iron,A,tx_earlier4,truth,20,5,16.866952026381654,21.533999999999995,50.023693080726346,48.11344544831894,-4.667047973618342,-1.9434059640203298,-1.766378707436365,0.1770272565839648,0.1524,10.404948650719305,1.5709841628737065,2.8475994948523042,5.6951989897046085,21.50942147494991,0.6255257799251778
67,9Iron,A,two8,truth,22,6,18.51315919621062,21.057999999999993,48.23553604477545,45.86818820896334,-2.5448408037893735,-1.374404213980333,-1.32184462291355,0.052559591066782874,0.1524,10.404948650719305,1.5709841628737065,2.6082585966931027,5.216517193386205,19.67889549826336,0.660964546883451
67,9Iron,A,two8_path_tdm,truth,22,6,18.49061550281442,21.057999999999993,48.23553604477545,45.86818820896334,-2.5673844971855715,-1.3756502047835664,-1.3240503292260402,0.05159987555752621,0.1524,10.404948650719305,1.5709841628737065,2.6082585966931027,5.216517193386205,19.67889549826336,0.660964546883451
67,9Iron,A,two8_path_tdm_neg,truth,22,6,18.512943792752687,21.057999999999993,48.23553604477545,45.86818820896334,-2.545056207247306,-1.3748382750841133,-1.3221337138542812,0.052704561229832025,0.1524,10.404948650719305,1.5709841628737065,2.6082585966931027,5.216517193386205,19.67889549826336,0.660964546883451
67,9Iron,A,four3,truth,22,6,17.53082558928544,21.057999999999993,48.23553604477545,45.86818820896334,-3.5271744107145544,-1.847891662695572,-1.7280998995340184,0.11979176316155349,0.1524,10.404948650719305,1.5709841628737065,2.6082585966931027,5.216517193386205,19.67889549826336,0.660964546883451
67,9Iron,A,four3_path_tdm,truth,22,6,17.569058125251132,21.057999999999993,48.23553604477545,45.86818820896334,-3.4889418747488605,-1.8516149735213954,-1.739083646764738,0.11253132675665745,0.1524,10.404948650719305,1.5709841628737065,2.6082585966931027,5.216517193386205,19.67889549826336,0.660964546883451
67,9Iron,A,four3_path_tdm_neg,truth,22,6,17.50442086358376,21.057999999999993,48.23553604477545,45.86818820896334,-3.553579136416232,-1.8451091927968555,-1.7196290008590018,0.12548019193785365,0.1524,10.404948650719305,1.5709841628737065,2.6082585966931027,5.216517193386205,19.67889549826336,0.660964546883451
67,9Iron,A,four4_path_tdm,truth,22,6,19.030315944125427,21.057999999999993,48.23553604477545,45.86818820896334,-2.027684055874566,-1.8831371687187988,-1.8547622824838321,0.028374886234966645,0.1524,10.404948650719305,1.5709841628737065,2.6082585966931027,5.216517193386205,19.67889549826336,0.660964546883451
67,9Iron,A,four4_path_tdm_neg,truth,22,6,19.03031594412546,21.057999999999993,48.23553604477545,45.86818820896334,-2.027684055874534,-1.8831371687187979,-1.8547622824838317,0.0283748862349662,0.1524,10.404948650719305,1.5709841628737065,2.6082585966931027,5.216517193386205,19.67889549826336,0.660964546883451
67,9Iron,A,tx_later4,truth,22,6,18.30930938690929,21.057999999999993,48.23553604477545,45.86818820896334,-2.7486906130907016,-2.0238303325499776,-1.9536330123315093,0.07019732021846825,0.1524,10.404948650719305,1.5709841628737065,2.6082585966931027,5.216517193386205,19.67889549826336,0.660964546883451
67,9Iron,A,tx_earlier4,truth,22,6,12.414441627015199,21.057999999999993,48.23553604477545,45.86818820896334,-8.643558372984794,-1.751146522345505,-1.6685241747809314,0.08262234756457354,0.1524,10.404948650719305,1.5709841628737065,2.6082585966931027,5.216517193386205,19.67889549826336,0.660964546883451
68,9Iron,A,two8,truth,20,5,-1.3178466498657864,5.689999999999997,48.23553604477545,47.56644566975043,-7.007846649865783,-1.7563294934943119,-1.657492774785562,0.09883671870875,0.1524,10.404948650719305,1.5709841628737065,0.8745533368726965,1.749106673745393,6.570383397192361,1.3805609237244483
68,9Iron,A,two8_path_tdm,truth,20,5,-2.034765515472256,5.689999999999997,48.23553604477545,47.56644566975043,-7.724765515472253,-1.8287828009840978,-1.6569879551256332,0.1717948458584646,0.1524,10.404948650719305,1.5709841628737065,0.8745533368726965,1.749106673745393,6.570383397192361,1.3805609237244483
68,9Iron,A,two8_path_tdm_neg,truth,20,5,-1.8303425182212554,5.689999999999997,48.23553604477545,47.56644566975043,-7.520342518221252,-1.8376338787582553,-1.657689579786636,0.17994429897161934,0.1524,10.404948650719305,1.5709841628737065,0.8745533368726965,1.749106673745393,6.570383397192361,1.3805609237244483
68,9Iron,A,four3,truth,20,5,-1.484664100433758,5.689999999999997,48.23553604477545,47.56644566975043,-7.174664100433755,-1.3681002047271251,-1.3089963587908362,0.05910384593628892,0.1524,10.404948650719305,1.5709841628737065,0.8745533368726965,1.749106673745393,6.570383397192361,1.3805609237244483
68,9Iron,A,four3_path_tdm,truth,20,5,-2.021401232678588,5.689999999999997,48.23553604477545,47.56644566975043,-7.711401232678584,-1.4680870188966764,-1.3077248045194743,0.1603622143772021,0.1524,10.404948650719305,1.5709841628737065,0.8745533368726965,1.749106673745393,6.570383397192361,1.3805609237244483
68,9Iron,A,four3_path_tdm_neg,truth,20,5,-1.8358011779697778,5.689999999999997,48.23553604477545,47.56644566975043,-7.525801177969774,-1.43723816736804,-1.3101746835469172,0.12706348382112287,0.1524,10.404948650719305,1.5709841628737065,0.8745533368726965,1.749106673745393,6.570383397192361,1.3805609237244483
68,9Iron,A,four4_path_tdm,truth,20,5,8.54770673346198,5.689999999999997,48.23553604477545,47.56644566975043,2.857706733461984,-1.882791507466387,-1.8743621831779709,0.00842932428841614,0.1524,10.404948650719305,1.5709841628737065,0.8745533368726965,1.749106673745393,6.570383397192361,1.3805609237244483
68,9Iron,A,four4_path_tdm_neg,truth,20,5,8.547706733461824,5.689999999999997,48.23553604477545,47.56644566975043,2.8577067334618276,-1.8827915074663886,-1.8743621831779715,0.008429324288417028,0.1524,10.404948650719305,1.5709841628737065,0.8745533368726965,1.749106673745393,6.570383397192361,1.3805609237244483
68,9Iron,A,tx_later4,truth,20,5,8.75788428238482,5.689999999999997,48.23553604477545,47.56644566975043,3.0678842823848234,-1.9369795893247328,-1.905203505262104,0.031776084062628884,0.1524,10.404948650719305,1.5709841628737065,0.8745533368726965,1.749106673745393,6.570383397192361,1.3805609237244483
68,9Iron,A,tx_earlier4,truth,20,5,13.813909232697279,5.689999999999997,48.23553604477545,47.56644566975043,8.123909232697283,-1.9716629090734201,-1.9205562701690742,0.05110663890434597,0.1524,10.404948650719305,1.5709841628737065,0.8745533368726965,1.749106673745393,6.570383397192361,1.3805609237244483
69,9Iron,A,two8,truth,19,7,19.741119053943105,21.013999999999996,52.21418544976619,50.25057192151659,-1.2728809460568904,-1.5268491903247667,-1.4694526509786758,0.0573965393460909,0.1524,10.404948650719305,1.5709841628737065,2.7398578407444862,5.4797156814889725,20.68534627546085,0.6427526723379009
69,9Iron,A,two8_path_tdm,truth,19,7,19.746568092488598,21.013999999999996,52.21418544976619,50.25057192151659,-1.2674319075113978,-1.5300113247399143,-1.4730897837105545,0.05692154102935976,0.1524,10.404948650719305,1.5709841628737065,2.7398578407444862,5.4797156814889725,20.68534627546085,0.6427526723379009
69,9Iron,A,two8_path_tdm_neg,truth,19,7,19.734705002063038,21.013999999999996,52.21418544976619,50.25057192151659,-1.2792949979369581,-1.5244723970723424,-1.4663217310740173,0.05815066599832508,0.1524,10.404948650719305,1.5709841628737065,2.7398578407444862,5.4797156814889725,20.68534627546085,0.6427526723379009
69,9Iron,A,four3,truth,19,7,18.15982757521271,21.013999999999996,52.21418544976619,50.25057192151659,-2.8541724247872864,-1.8031251045177183,-1.6899645082527521,0.11316059626496622,0.1524,10.404948650719305,1.5709841628737065,2.7398578407444862,5.4797156814889725,20.68534627546085,0.6427526723379009
69,9Iron,A,four3_path_tdm,truth,19,7,18.16983049771557,21.013999999999996,52.21418544976619,50.25057192151659,-2.8441695022844264,-1.8024686846931781,-1.692625868838133,0.10984281585504507,0.1524,10.404948650719305,1.5709841628737065,2.7398578407444862,5.4797156814889725,20.68534627546085,0.6427526723379009
69,9Iron,A,four3_path_tdm_neg,truth,19,7,18.16328627259217,21.013999999999996,52.21418544976619,50.25057192151659,-2.8507137274078254,-1.8039605086037402,-1.6898389513888752,0.11412155721486505,0.1524,10.404948650719305,1.5709841628737065,2.7398578407444862,5.4797156814889725,20.68534627546085,0.6427526723379009
69,9Iron,A,four4_path_tdm,truth,19,7,17.879789164748313,21.013999999999996,52.21418544976619,50.25057192151659,-3.1342108352516824,-1.6773261840334672,-1.6079884431437785,0.06933774088968869,0.1524,10.404948650719305,1.5709841628737065,2.7398578407444862,5.4797156814889725,20.68534627546085,0.6427526723379009
69,9Iron,A,four4_path_tdm_neg,truth,19,7,17.879789164748434,21.013999999999996,52.21418544976619,50.25057192151659,-3.1342108352515616,-1.6773261840334686,-1.6079884431437785,0.06933774088969002,0.1524,10.404948650719305,1.5709841628737065,2.7398578407444862,5.4797156814889725,20.68534627546085,0.6427526723379009
69,9Iron,A,tx_later4,truth,19,7,18.765731768809538,21.013999999999996,52.21418544976619,50.25057192151659,-2.2482682311904583,-1.7819572827846684,-1.7436561348128117,0.038301147971856686,0.1524,10.404948650719305,1.5709841628737065,2.7398578407444862,5.4797156814889725,20.68534627546085,0.6427526723379009
69,9Iron,A,tx_earlier4,truth,19,7,20.401339627288014,21.013999999999996,52.21418544976619,50.25057192151659,-0.6126603727119821,-1.6787614216194697,-1.6735611275639555,0.005200294055514254,0.1524,10.404948650719305,1.5709841628737065,2.7398578407444862,5.4797156814889725,20.68534627546085,0.6427526723379009
70,9Iron,A,two8,truth,22,7,19.647517376984265,22.12999999999998,48.727279229661946,46.809339155828525,-2.4824826230157164,-1.4937822845367488,-1.3784844153557452,0.1152978691810036,0.1524,10.404948650719305,1.5709841628737065,2.935175043800109,5.870350087600218,22.179391469162702,0.6104735070053554
70,9Iron,A,two8_path_tdm,truth,22,7,19.669189591484848,22.12999999999998,48.727279229661946,46.809339155828525,-2.460810408515133,-1.5066265664221663,-1.391773566667552,0.11485299975461438,0.1524,10.404948650719305,1.5709841628737065,2.935175043800109,5.870350087600218,22.179391469162702,0.6104735070053554
70,9Iron,A,two8_path_tdm_neg,truth,22,7,19.608845547302998,22.12999999999998,48.727279229661946,46.809339155828525,-2.521154452696983,-1.4814392985385623,-1.3672428351774066,0.11419646336115563,0.1524,10.404948650719305,1.5709841628737065,2.935175043800109,5.870350087600218,22.179391469162702,0.6104735070053554
70,9Iron,A,four3,truth,22,7,19.551286086891505,22.12999999999998,48.727279229661946,46.809339155828525,-2.5787139131084764,-1.6255754008496095,-1.523704674600572,0.10187072624903748,0.1524,10.404948650719305,1.5709841628737065,2.935175043800109,5.870350087600218,22.179391469162702,0.6104735070053554
70,9Iron,A,four3_path_tdm,truth,22,7,19.494563079754077,22.12999999999998,48.727279229661946,46.809339155828525,-2.6354369202459047,-1.6334049634014884,-1.5254835530088158,0.10792141039267267,0.1524,10.404948650719305,1.5709841628737065,2.935175043800109,5.870350087600218,22.179391469162702,0.6104735070053554
70,9Iron,A,four3_path_tdm_neg,truth,22,7,19.574657843283692,22.12999999999998,48.727279229661946,46.809339155828525,-2.5553421567162893,-1.6174497992384496,-1.520838259041898,0.09661154019655149,0.1524,10.404948650719305,1.5709841628737065,2.935175043800109,5.870350087600218,22.179391469162702,0.6104735070053554
70,9Iron,A,four4_path_tdm,truth,22,7,18.15070688092148,22.12999999999998,48.727279229661946,46.809339155828525,-3.979293119078502,-1.5298863338483997,-1.4203917710476144,0.10949456280078529,0.1524,10.404948650719305,1.5709841628737065,2.935175043800109,5.870350087600218,22.179391469162702,0.6104735070053554
70,9Iron,A,four4_path_tdm_neg,truth,22,7,18.150706880921376,22.12999999999998,48.727279229661946,46.809339155828525,-3.979293119078605,-1.5298863338484003,-1.4203917710476142,0.10949456280078618,0.1524,10.404948650719305,1.5709841628737065,2.935175043800109,5.870350087600218,22.179391469162702,0.6104735070053554
70,9Iron,A,tx_later4,truth,22,7,19.693896248264814,22.12999999999998,48.727279229661946,46.809339155828525,-2.4361037517351676,-1.6517835333074766,-1.57734980142216,0.07443373188531655,0.1524,10.404948650719305,1.5709841628737065,2.935175043800109,5.870350087600218,22.179391469162702,0.6104735070053554
70,9Iron,A,tx_earlier4,truth,22,7,-1.480594797746986,22.12999999999998,48.727279229661946,46.809339155828525,-23.610594797746966,-1.6615248287864384,-1.3390925503720232,0.32243227841441513,0.1524,10.404948650719305,1.5709841628737065,2.935175043800109,5.870350087600218,22.179391469162702,0.6104735070053554
71,9Iron,A,two8,truth,18,6,18.481473981334375,21.279999999999987,49.442542044042305,47.82772354287831,-2.798526018665612,-1.347522715364953,-1.1612301366801356,0.1862925786848173,0.1524,10.404948650719305,1.5709841628737065,2.8091731726451297,5.618346345290259,21.21562794687845,0.6321818264197856
71,9Iron,A,two8_path_tdm,truth,18,6,18.495515246379693,21.279999999999987,49.442542044042305,47.82772354287831,-2.784484753620294,-1.3516581766637827,-1.1662063179951865,0.18545185866859626,0.1524,10.404948650719305,1.5709841628737065,2.8091731726451297,5.618346345290259,21.21562794687845,0.6321818264197856
71,9Iron,A,two8_path_tdm_neg,truth,18,6,18.462930818138084,21.279999999999987,49.442542044042305,47.82772354287831,-2.8170691818619034,-1.3437679736437165,-1.156470388555475,0.18729758508824146,0.1524,10.404948650719305,1.5709841628737065,2.8091731726451297,5.618346345290259,21.21562794687845,0.6321818264197856
71,9Iron,A,four3,truth,18,6,16.76597548759775,21.279999999999987,49.442542044042305,47.82772354287831,-4.514024512402237,-1.4434433285951471,-1.2866483753274138,0.1567949532677333,0.1524,10.404948650719305,1.5709841628737065,2.8091731726451297,5.618346345290259,21.21562794687845,0.6321818264197856
71,9Iron,A,four3_path_tdm,truth,18,6,16.867512457364615,21.279999999999987,49.442542044042305,47.82772354287831,-4.412487542635372,-1.4501113162195,-1.2920654337996662,0.15804588241983386,0.1524,10.404948650719305,1.5709841628737065,2.8091731726451297,5.618346345290259,21.21562794687845,0.6321818264197856
71,9Iron,A,four3_path_tdm_neg,truth,18,6,16.608463719249862,21.279999999999987,49.442542044042305,47.82772354287831,-4.671536280750125,-1.4384079864947077,-1.2779582407776606,0.16044974571704707,0.1524,10.404948650719305,1.5709841628737065,2.8091731726451297,5.618346345290259,21.21562794687845,0.6321818264197856
71,9Iron,A,four4_path_tdm,truth,18,6,17.774238631542808,21.279999999999987,49.442542044042305,47.82772354287831,-3.505761368457179,-1.416602413569585,-1.3223722265596851,0.09423018700989982,0.1524,10.404948650719305,1.5709841628737065,2.8091731726451297,5.618346345290259,21.21562794687845,0.6321818264197856
71,9Iron,A,four4_path_tdm_neg,truth,18,6,17.774238631542804,21.279999999999987,49.442542044042305,47.82772354287831,-3.5057613684571827,-1.416602413569585,-1.322372226559686,0.09423018700989894,0.1524,10.404948650719305,1.5709841628737065,2.8091731726451297,5.618346345290259,21.21562794687845,0.6321818264197856
71,9Iron,A,tx_later4,truth,18,6,17.465409139408017,21.279999999999987,49.442542044042305,47.82772354287831,-3.81459086059197,-1.6164778872561065,-1.5028098320768646,0.11366805517924194,0.1524,10.404948650719305,1.5709841628737065,2.8091731726451297,5.618346345290259,21.21562794687845,0.6321818264197856
71,9Iron,A,tx_earlier4,truth,18,6,14.50655356490391,21.279999999999987,49.442542044042305,47.82772354287831,-6.773446435096076,-1.3489742442253274,-1.2268622380043197,0.12211200622100771,0.1524,10.404948650719305,1.5709841628737065,2.8091731726451297,5.618346345290259,21.21562794687845,0.6321818264197856
72,7Iron,A,two8,truth,29,8,-1.207812458801493,1.6789999999999963,34.19850331256091,34.01207683687395,-2.886812458801489,-1.2591952030627578,-1.254313943174303,0.004881259888454892,0.1524,10.404948650719305,1.5709841628737065,0.3720232386989153,0.7440464773978306,2.793670820389339,1.9708470209167273
72,7Iron,A,two8_path_tdm,truth,29,8,-3.5381572508496313,1.6789999999999963,34.19850331256091,34.01207683687395,-5.217157250849628,-1.345795414714262,-1.2535587262913879,0.09223668842287402,0.1524,10.404948650719305,1.5709841628737065,0.3720232386989153,0.7440464773978306,2.793670820389339,1.9708470209167273
72,7Iron,A,two8_path_tdm_neg,truth,29,8,-3.0032402740737654,1.6789999999999963,34.19850331256091,34.01207683687395,-4.682240274073761,-1.3055398729996863,-1.2550703192569377,0.05046955374274864,0.1524,10.404948650719305,1.5709841628737065,0.3720232386989153,0.7440464773978306,2.793670820389339,1.9708470209167273
72,7Iron,A,four3,truth,29,8,4.019684600443015,1.6789999999999963,34.19850331256091,34.01207683687395,2.340684600443019,-0.9910751740259587,-0.9901835796823153,0.0008915943436433871,0.1524,10.404948650719305,1.5709841628737065,0.3720232386989153,0.7440464773978306,2.793670820389339,1.9708470209167273
72,7Iron,A,four3_path_tdm,truth,29,8,-3.53332981354643,1.6789999999999963,34.19850331256091,34.01207683687395,-5.212329813546426,-1.076395089353532,-0.9899581429694098,0.08643694638412214,0.1524,10.404948650719305,1.5709841628737065,0.3720232386989153,0.7440464773978306,2.793670820389339,1.9708470209167273
72,7Iron,A,four3_path_tdm_neg,truth,29,8,-1.0699299412438597,1.6789999999999963,34.19850331256091,34.01207683687395,-2.7489299412438557,-1.0401295742565402,-0.9904176535371156,0.04971192071942454,0.1524,10.404948650719305,1.5709841628737065,0.3720232386989153,0.7440464773978306,2.793670820389339,1.9708470209167273
72,7Iron,A,four4_path_tdm,truth,29,8,9.568344054782663,1.6789999999999963,34.19850331256091,34.01207683687395,7.889344054782667,-1.7892086308631001,-1.7404266388377012,0.0487819920253989,0.1524,10.404948650719305,1.5709841628737065,0.3720232386989153,0.7440464773978306,2.793670820389339,1.9708470209167273
72,7Iron,A,four4_path_tdm_neg,truth,29,8,9.56834405478192,1.6789999999999963,34.19850331256091,34.01207683687395,7.8893440547819225,-1.7892086308630988,-1.7404266388376997,0.048781992025399123,0.1524,10.404948650719305,1.5709841628737065,0.3720232386989153,0.7440464773978306,2.793670820389339,1.9708470209167273
72,7Iron,A,tx_later4,truth,29,8,9.443818967649477,1.6789999999999963,34.19850331256091,34.01207683687395,7.7648189676494805,-1.8498403579844314,-1.8203633060362199,0.029477051948211486,0.1524,10.404948650719305,1.5709841628737065,0.3720232386989153,0.7440464773978306,2.793670820389339,1.9708470209167273
72,7Iron,A,tx_earlier4,truth,29,8,11.76152397233097,1.6789999999999963,34.19850331256091,34.01207683687395,10.082523972330973,-1.89219145998303,-1.8093325147901782,0.08285894519285186,0.1524,10.404948650719305,1.5709841628737065,0.3720232386989153,0.7440464773978306,2.793670820389339,1.9708470209167273
73,7Iron,A,two8,truth,20,6,16.729070183465527,18.677999999999987,50.470732339714075,48.94787602387909,-1.9489298165344593,-1.792106606410788,-1.6110513726874072,0.18105523372338084,0.1524,10.404948650719305,1.5709841628737065,2.4854899919451223,4.970979983890245,18.747424699345338,0.6973938455064131
73,7Iron,A,two8_path_tdm,truth,20,6,16.748429423681372,18.677999999999987,50.470732339714075,48.94787602387909,-1.9295705763186142,-1.788046208759708,-1.6081054980958334,0.17994071066387463,0.1524,10.404948650719305,1.5709841628737065,2.4854899919451223,4.970979983890245,18.747424699345338,0.6973938455064131
73,7Iron,A,two8_path_tdm_neg,truth,20,6,16.692628574114284,18.677999999999987,50.470732339714075,48.94787602387909,-1.9853714258857025,-1.7969605807395779,-1.614966863747987,0.18199371699159084,0.1524,10.404948650719305,1.5709841628737065,2.4854899919451223,4.970979983890245,18.747424699345338,0.6973938455064131
73,7Iron,A,four3,truth,20,6,17.028494095744545,18.677999999999987,50.470732339714075,48.94787602387909,-1.6495059042554416,-1.9543919808052301,-1.8694769927874821,0.084914988017748,0.1524,10.404948650719305,1.5709841628737065,2.4854899919451223,4.970979983890245,18.747424699345338,0.6973938455064131
73,7Iron,A,four3_path_tdm,truth,20,6,17.187059005949454,18.677999999999987,50.470732339714075,48.94787602387909,-1.4909409940505327,-1.952206739090409,-1.8703502920526953,0.08185644703771366,0.1524,10.404948650719305,1.5709841628737065,2.4854899919451223,4.970979983890245,18.747424699345338,0.6973938455064131
73,7Iron,A,four3_path_tdm_neg,truth,20,6,16.941516819464717,18.677999999999987,50.470732339714075,48.94787602387909,-1.73648318053527,-1.9542261242677286,-1.8662540387915119,0.08797208547621671,0.1524,10.404948650719305,1.5709841628737065,2.4854899919451223,4.970979983890245,18.747424699345338,0.6973938455064131
73,7Iron,A,four4_path_tdm,truth,20,6,16.632240552923395,18.677999999999987,50.470732339714075,48.94787602387909,-2.045759447076591,-1.9251066971342088,-1.8713916239823416,0.05371507315186719,0.1524,10.404948650719305,1.5709841628737065,2.4854899919451223,4.970979983890245,18.747424699345338,0.6973938455064131
73,7Iron,A,four4_path_tdm_neg,truth,20,6,16.632240552923374,18.677999999999987,50.470732339714075,48.94787602387909,-2.0457594470766125,-1.9251066971342095,-1.8713916239823412,0.0537150731518683,0.1524,10.404948650719305,1.5709841628737065,2.4854899919451223,4.970979983890245,18.747424699345338,0.6973938455064131
73,7Iron,A,tx_later4,truth,20,6,15.465208708061681,18.677999999999987,50.470732339714075,48.94787602387909,-3.2127912919383057,-1.7149992462737547,-1.699846002287562,0.015153243986192555,0.1524,10.404948650719305,1.5709841628737065,2.4854899919451223,4.970979983890245,18.747424699345338,0.6973938455064131
73,7Iron,A,tx_earlier4,truth,20,6,18.092712122039707,18.677999999999987,50.470732339714075,48.94787602387909,-0.5852878779602797,-2.0812400211204776,-2.066714778234641,0.014525242885836676,0.1524,10.404948650719305,1.5709841628737065,2.4854899919451223,4.970979983890245,18.747424699345338,0.6973938455064131
74,7Iron,A,two8,truth,17,5,15.029035690593789,16.30699999999998,53.91293463391955,52.245087594089,-1.277964309406192,-1.4651056878482653,-1.4388003936892315,0.02630529415903382,0.1524,10.404948650719305,1.5709841628737065,2.245325921348318,4.490651842696636,16.922831067916306,0.7589463890119509
74,7Iron,A,two8_path_tdm,truth,17,5,15.022876537861103,16.30699999999998,53.91293463391955,52.245087594089,-1.2841234621388775,-1.4691077113046187,-1.442639670860111,0.02646804044450768,0.1524,10.404948650719305,1.5709841628737065,2.245325921348318,4.490651842696636,16.922831067916306,0.7589463890119509
74,7Iron,A,two8_path_tdm_neg,truth,17,5,15.037552860996962,16.30699999999998,53.91293463391955,52.245087594089,-1.2694471390030184,-1.4608992334697508,-1.4348769788073956,0.026022254662355193,0.1524,10.404948650719305,1.5709841628737065,2.245325921348318,4.490651842696636,16.922831067916306,0.7589463890119509
74,7Iron,A,four3,truth,17,5,14.7490078791878,16.30699999999998,53.91293463391955,52.245087594089,-1.5579921208121803,-1.321134626441808,-1.3131438445477963,0.0079907818940117,0.1524,10.404948650719305,1.5709841628737065,2.245325921348318,4.490651842696636,16.922831067916306,0.7589463890119509
74,7Iron,A,four3_path_tdm,truth,17,5,14.84453652992107,16.30699999999998,53.91293463391955,52.245087594089,-1.4624634700789105,-1.3322594909432994,-1.3250822586842637,0.007177232259035771,0.1524,10.404948650719305,1.5709841628737065,2.245325921348318,4.490651842696636,16.922831067916306,0.7589463890119509
74,7Iron,A,four3_path_tdm_neg,truth,17,5,14.692106243886359,16.30699999999998,53.91293463391955,52.245087594089,-1.6148937561136218,-1.3104273502890333,-1.301410388550501,0.009016961738532281,0.1524,10.404948650719305,1.5709841628737065,2.245325921348318,4.490651842696636,16.922831067916306,0.7589463890119509
74,7Iron,A,four4_path_tdm,truth,17,5,14.48328364101218,16.30699999999998,53.91293463391955,52.245087594089,-1.8237163589878005,-1.4193109175174277,-1.4058276176728097,0.013483299844617935,0.1524,10.404948650719305,1.5709841628737065,2.245325921348318,4.490651842696636,16.922831067916306,0.7589463890119509
74,7Iron,A,four4_path_tdm_neg,truth,17,5,14.483283641012243,16.30699999999998,53.91293463391955,52.245087594089,-1.8237163589877383,-1.4193109175174268,-1.4058276176728113,0.013483299844615493,0.1524,10.404948650719305,1.5709841628737065,2.245325921348318,4.490651842696636,16.922831067916306,0.7589463890119509
74,7Iron,A,tx_later4,truth,17,5,18.412749812696138,16.30699999999998,53.91293463391955,52.245087594089,2.105749812696157,-1.754067138338136,-1.7332626826037587,0.02080445573437739,0.1524,10.404948650719305,1.5709841628737065,2.245325921348318,4.490651842696636,16.922831067916306,0.7589463890119509
74,7Iron,A,tx_earlier4,truth,17,5,4.98573094682824,16.30699999999998,53.91293463391955,52.245087594089,-11.32126905317174,-1.132874734191396,-0.9879518394705388,0.1449228947208573,0.1524,10.404948650719305,1.5709841628737065,2.245325921348318,4.490651842696636,16.922831067916306,0.7589463890119509
75,7Iron,A,two8,truth,22,7,16.058934649296138,17.240999999999993,52.66122470875392,51.04982513255473,-1.182065350703855,-1.4972338192158792,-1.4684157402652454,0.02881807895063382,0.1524,10.404948650719305,1.5709841628737065,2.350958417558935,4.70191683511787,17.725037975604877,0.7315387118095754
75,7Iron,A,two8_path_tdm,truth,22,7,16.089489553366683,17.240999999999993,52.66122470875392,51.04982513255473,-1.15151044663331,-1.5020102648536187,-1.474873419295183,0.027136845558435763,0.1524,10.404948650719305,1.5709841628737065,2.350958417558935,4.70191683511787,17.725037975604877,0.7315387118095754
75,7Iron,A,two8_path_tdm_neg,truth,22,7,16.03659968517763,17.240999999999993,52.66122470875392,51.04982513255473,-1.2044003148223617,-1.492532019925925,-1.4621613691885595,0.030370650737365557,0.1524,10.404948650719305,1.5709841628737065,2.350958417558935,4.70191683511787,17.725037975604877,0.7315387118095754
75,7Iron,A,four3,truth,22,7,16.12776663501321,17.240999999999993,52.66122470875392,51.04982513255473,-1.1132333649867832,-1.539487839925684,-1.5297560251689728,0.009731814756711143,0.1524,10.404948650719305,1.5709841628737065,2.350958417558935,4.70191683511787,17.725037975604877,0.7315387118095754
75,7Iron,A,four3_path_tdm,truth,22,7,16.14935430749708,17.240999999999993,52.66122470875392,51.04982513255473,-1.0916456925029117,-1.5484420662291718,-1.5390518415271686,0.009390224702003236,0.1524,10.404948650719305,1.5709841628737065,2.350958417558935,4.70191683511787,17.725037975604877,0.7315387118095754
75,7Iron,A,four3_path_tdm_neg,truth,22,7,16.10794078367581,17.240999999999993,52.66122470875392,51.04982513255473,-1.133059216324181,-1.5307488357037828,-1.5206981712252343,0.010050664478548521,0.1524,10.404948650719305,1.5709841628737065,2.350958417558935,4.70191683511787,17.725037975604877,0.7315387118095754
75,7Iron,A,four4_path_tdm,truth,22,7,15.718665560072722,17.240999999999993,52.66122470875392,51.04982513255473,-1.5223344399272705,-1.5275568004087567,-1.509068424764022,0.01848837564473471,0.1524,10.404948650719305,1.5709841628737065,2.350958417558935,4.70191683511787,17.725037975604877,0.7315387118095754
75,7Iron,A,four4_path_tdm_neg,truth,22,7,15.718665560072637,17.240999999999993,52.66122470875392,51.04982513255473,-1.5223344399273557,-1.527556800408757,-1.509068424764023,0.018488375644734045,0.1524,10.404948650719305,1.5709841628737065,2.350958417558935,4.70191683511787,17.725037975604877,0.7315387118095754
75,7Iron,A,tx_later4,truth,22,7,16.190021046743716,17.240999999999993,52.66122470875392,51.04982513255473,-1.0509789532562763,-1.8062309688692504,-1.7978092649829887,0.008421703886261733,0.1524,10.404948650719305,1.5709841628737065,2.350958417558935,4.70191683511787,17.725037975604877,0.7315387118095754
75,7Iron,A,tx_earlier4,truth,22,7,9.411578835565875,17.240999999999993,52.66122470875392,51.04982513255473,-7.829421164434118,-1.2307116205224606,-1.1185475393029083,0.11216408121955235,0.1524,10.404948650719305,1.5709841628737065,2.350958417558935,4.70191683511787,17.725037975604877,0.7315387118095754
76,7Iron,A,two8,truth,21,6,8.777172150836655,12.092000000000013,46.49208293472332,45.36356297306607,-3.3148278491633576,-1.2188751679112821,-1.1375792338167892,0.08129593409449298,0.1524,10.404948650719305,1.5709841628737065,1.5121371067045475,3.024274213409095,11.36988797967983,0.9651732900795856
76,7Iron,A,two8_path_tdm,truth,21,6,8.764983544882016,12.092000000000013,46.49208293472332,45.36356297306607,-3.327016455117997,-1.2201376284682173,-1.1368694444741176,0.08326818399409963,0.1524,10.404948650719305,1.5709841628737065,1.5121371067045475,3.024274213409095,11.36988797967983,0.9651732900795856
76,7Iron,A,two8_path_tdm_neg,truth,21,6,8.78935680531523,12.092000000000013,46.49208293472332,45.36356297306607,-3.3026431946847836,-1.2176903319770567,-1.1382918568614435,0.07939847511561315,0.1524,10.404948650719305,1.5709841628737065,1.5121371067045475,3.024274213409095,11.36988797967983,0.9651732900795856
76,7Iron,A,four3,truth,21,6,14.267803036624755,12.092000000000013,46.49208293472332,45.36356297306607,2.1758030366247425,-0.9476795176370066,-0.9347981590417552,0.012881358595251413,0.1524,10.404948650719305,1.5709841628737065,1.5121371067045475,3.024274213409095,11.36988797967983,0.9651732900795856
76,7Iron,A,four3_path_tdm,truth,21,6,14.445519375554218,12.092000000000013,46.49208293472332,45.36356297306607,2.353519375554205,-0.9528425925460101,-0.936980361283822,0.01586223126218811,0.1524,10.404948650719305,1.5709841628737065,1.5121371067045475,3.024274213409095,11.36988797967983,0.9651732900795856
76,7Iron,A,four3_path_tdm_neg,truth,21,6,14.170727989819616,12.092000000000013,46.49208293472332,45.36356297306607,2.078727989819603,-0.9430300023227964,-0.9312536918275054,0.011776310495291042,0.1524,10.404948650719305,1.5709841628737065,1.5121371067045475,3.024274213409095,11.36988797967983,0.9651732900795856
76,7Iron,A,four4_path_tdm,truth,21,6,13.45252599702722,12.092000000000013,46.49208293472332,45.36356297306607,1.3605259970272066,-1.380502737571429,-1.3761300635919056,0.004372673979523345,0.1524,10.404948650719305,1.5709841628737065,1.5121371067045475,3.024274213409095,11.36988797967983,0.9651732900795856
76,7Iron,A,four4_path_tdm_neg,truth,21,6,13.452525997027609,12.092000000000013,46.49208293472332,45.36356297306607,1.3605259970275956,-1.3805027375714305,-1.3761300635919076,0.004372673979522901,0.1524,10.404948650719305,1.5709841628737065,1.5121371067045475,3.024274213409095,11.36988797967983,0.9651732900795856
76,7Iron,A,tx_later4,truth,21,6,12.760975419945373,12.092000000000013,46.49208293472332,45.36356297306607,0.6689754199453599,-1.3711333839002366,-1.3684682249102105,0.002665158990026173,0.1524,10.404948650719305,1.5709841628737065,1.5121371067045475,3.024274213409095,11.36988797967983,0.9651732900795856
76,7Iron,A,tx_earlier4,truth,21,6,15.49168551774176,12.092000000000013,46.49208293472332,45.36356297306607,3.399685517741746,-1.398268551485444,-1.344395381376491,0.053873170108952984,0.1524,10.404948650719305,1.5709841628737065,1.5121371067045475,3.024274213409095,11.36988797967983,0.9651732900795856
77,7Iron,A,two8,truth,19,6,9.302742070566289,13.927999999999987,46.447379008824555,45.31103690428078,-4.6252579294336975,-1.3410198436720682,-1.157685432456719,0.1833344112153492,0.1524,10.404948650719305,1.5709841628737065,1.8356300995302055,3.671260199060411,13.81625612347526,0.8681071404914379
77,7Iron,A,two8_path_tdm,truth,19,6,9.291750719804966,13.927999999999987,46.447379008824555,45.31103690428078,-4.63624928019502,-1.346633812258436,-1.1604630372369682,0.18617077502146784,0.1524,10.404948650719305,1.5709841628737065,1.8356300995302055,3.671260199060411,13.81625612347526,0.8681071404914379
77,7Iron,A,two8_path_tdm_neg,truth,19,6,9.315980465947492,13.927999999999987,46.447379008824555,45.31103690428078,-4.612019534052495,-1.3353516007499993,-1.154817228442835,0.18053437230716418,0.1524,10.404948650719305,1.5709841628737065,1.8356300995302055,3.671260199060411,13.81625612347526,0.8681071404914379
77,7Iron,A,four3,truth,19,6,18.419046729468707,13.927999999999987,46.447379008824555,45.31103690428078,4.491046729468721,-1.4009335254666333,-1.3356361478484062,0.06529737761822707,0.1524,10.404948650719305,1.5709841628737065,1.8356300995302055,3.671260199060411,13.81625612347526,0.8681071404914379
77,7Iron,A,four3_path_tdm,truth,19,6,18.11245639388467,13.927999999999987,46.447379008824555,45.31103690428078,4.184456393884684,-1.4172690107820733,-1.3481125593936873,0.069156451388386,0.1524,10.404948650719305,1.5709841628737065,1.8356300995302055,3.671260199060411,13.81625612347526,0.8681071404914379
77,7Iron,A,four3_path_tdm_neg,truth,19,6,18.751364459170343,13.927999999999987,46.447379008824555,45.31103690428078,4.823364459170357,-1.3826245601267708,-1.322443977457597,0.06018058266917392,0.1524,10.404948650719305,1.5709841628737065,1.8356300995302055,3.671260199060411,13.81625612347526,0.8681071404914379
77,7Iron,A,four4_path_tdm,truth,19,6,17.101079789932967,13.927999999999987,46.447379008824555,45.31103690428078,3.173079789932981,-1.938991811178692,-1.858700691921932,0.08029111925675991,0.1524,10.404948650719305,1.5709841628737065,1.8356300995302055,3.671260199060411,13.81625612347526,0.8681071404914379
77,7Iron,A,four4_path_tdm_neg,truth,19,6,17.101079789933056,13.927999999999987,46.447379008824555,45.31103690428078,3.1730797899330696,-1.9389918111786926,-1.8587006919219278,0.0802911192567648,0.1524,10.404948650719305,1.5709841628737065,1.8356300995302055,3.671260199060411,13.81625612347526,0.8681071404914379
77,7Iron,A,tx_later4,truth,19,6,13.54423280904063,13.927999999999987,46.447379008824555,45.31103690428078,-0.3837671909593574,-2.1661062713503823,-2.164878700350849,0.0012275709995330786,0.1524,10.404948650719305,1.5709841628737065,1.8356300995302055,3.671260199060411,13.81625612347526,0.8681071404914379
77,7Iron,A,tx_earlier4,truth,19,6,16.75210606854992,13.927999999999987,46.447379008824555,45.31103690428078,2.824106068549934,-1.663307977566088,-1.5654562926620412,0.09785168490404672,0.1524,10.404948650719305,1.5709841628737065,1.8356300995302055,3.671260199060411,13.81625612347526,0.8681071404914379
78,7Iron,A,two8,truth,20,5,-2.480486359419027,6.121999999999985,30.97982064784929,30.635365440809792,-8.60248635941901,-2.5066101185369467,-2.3951858868413405,0.11142423169560622,0.1524,10.404948650719305,1.5709841628737065,0.8401431064723353,1.6802862129446705,6.309573713719116,1.337716895253092
78,7Iron,A,two8_path_tdm,truth,20,5,-1.469020012222239,6.121999999999985,30.97982064784929,30.635365440809792,-7.591020012222224,-2.53364542508717,-2.3946812806975526,0.13896414438961724,0.1524,10.404948650719305,1.5709841628737065,0.8401431064723353,1.6802862129446705,6.309573713719116,1.337716895253092
78,7Iron,A,two8_path_tdm_neg,truth,20,5,-2.5571374032633343,6.121999999999985,30.97982064784929,30.635365440809792,-8.679137403263319,-2.5334056512829193,-2.3951153686752313,0.13829028260768794,0.1524,10.404948650719305,1.5709841628737065,0.8401431064723353,1.6802862129446705,6.309573713719116,1.337716895253092
78,7Iron,A,four3,truth,20,5,-1.7319524360626801,6.121999999999985,30.97982064784929,30.635365440809792,-7.853952436062665,-2.227938581576836,-2.1664580895281267,0.06148049204870931,0.1524,10.404948650719305,1.5709841628737065,0.8401431064723353,1.6802862129446705,6.309573713719116,1.337716895253092
78,7Iron,A,four3_path_tdm,truth,20,5,-1.3592583332900623,6.121999999999985,30.97982064784929,30.635365440809792,-7.481258333290047,-2.2841970948130816,-2.1631036219873105,0.1210934728257711,0.1524,10.404948650719305,1.5709841628737065,0.8401431064723353,1.6802862129446705,6.309573713719116,1.337716895253092
78,7Iron,A,four3_path_tdm_neg,truth,20,5,-2.6363906724434436,6.121999999999985,30.97982064784929,30.635365440809792,-8.75839067244343,-2.2562162985589778,-2.169421442213639,0.0867948563453389,0.1524,10.404948650719305,1.5709841628737065,0.8401431064723353,1.6802862129446705,6.309573713719116,1.337716895253092
78,7Iron,A,four4_path_tdm,truth,20,5,9.82659533449545,6.121999999999985,30.97982064784929,30.635365440809792,3.7045953344954645,-2.558451397288644,-2.537047149349719,0.021404247938924925,0.1524,10.404948650719305,1.5709841628737065,0.8401431064723353,1.6802862129446705,6.309573713719116,1.337716895253092
78,7Iron,A,four4_path_tdm_neg,truth,20,5,9.826595334495389,6.121999999999985,30.97982064784929,30.635365440809792,3.704595334495404,-2.558451397288644,-2.5370471493497195,0.02140424793892448,0.1524,10.404948650719305,1.5709841628737065,0.8401431064723353,1.6802862129446705,6.309573713719116,1.337716895253092
78,7Iron,A,tx_later4,truth,20,5,14.584619367080094,6.121999999999985,30.97982064784929,30.635365440809792,8.462619367080109,-2.4689767915243594,-2.346563046859008,0.12241374466535149,0.1524,10.404948650719305,1.5709841628737065,0.8401431064723353,1.6802862129446705,6.309573713719116,1.337716895253092
78,7Iron,A,tx_earlier4,truth,20,5,9.533439703910759,6.121999999999985,30.97982064784929,30.635365440809792,3.411439703910774,-2.691687060819043,-2.674625930229984,0.017061130589059115,0.1524,10.404948650719305,1.5709841628737065,0.8401431064723353,1.6802862129446705,6.309573713719116,1.337716895253092
79,7Iron,A,two8,truth,23,7,10.949295124865374,15.657999999999998,49.75546952533371,47.30214778733609,-4.708704875134623,-1.3668739324884225,-1.0723424374960426,0.29453149499237985,0.1524,10.404948650719305,1.5709841628737065,1.9777349304628045,3.955469860925609,14.88989545655567,0.8128228403786634
79,7Iron,A,two8_path_tdm,truth,23,7,10.924269334626567,15.657999999999998,49.75546952533371,47.30214778733609,-4.733730665373431,-1.3707645353581963,-1.0701777537160386,0.3005867816421577,0.1524,10.404948650719305,1.5709841628737065,1.9777349304628045,3.955469860925609,14.88989545655567,0.8128228403786634
79,7Iron,A,two8_path_tdm_neg,truth,23,7,10.972585537160107,15.657999999999998,49.75546952533371,47.30214778733609,-4.685414462839891,-1.362954243489003,-1.0732620419062098,0.2896922015827932,0.1524,10.404948650719305,1.5709841628737065,1.9777349304628045,3.955469860925609,14.88989545655567,0.8128228403786634
79,7Iron,A,four3,truth,23,7,13.204049670903872,15.657999999999998,49.75546952533371,47.30214778733609,-2.4539503290961253,-1.199955780880188,-1.1797152808215867,0.02024050005860123,0.1524,10.404948650719305,1.5709841628737065,1.9777349304628045,3.955469860925609,14.88989545655567,0.8128228403786634
79,7Iron,A,four3_path_tdm,truth,23,7,13.298581367174036,15.657999999999998,49.75546952533371,47.30214778733609,-2.359418632825962,-1.2053494304644208,-1.1864071839184742,0.01894224654594656,0.1524,10.404948650719305,1.5709841628737065,1.9777349304628045,3.955469860925609,14.88989545655567,0.8128228403786634
79,7Iron,A,four3_path_tdm_neg,truth,23,7,13.107349352811939,15.657999999999998,49.75546952533371,47.30214778733609,-2.550650647188059,-1.194979137611579,-1.173311855295166,0.021667282316413017,0.1524,10.404948650719305,1.5709841628737065,1.9777349304628045,3.955469860925609,14.88989545655567,0.8128228403786634
79,7Iron,A,four4_path_tdm,truth,23,7,9.96266988069907,15.657999999999998,49.75546952533371,47.30214778733609,-5.6953301193009285,-1.5435597220967299,-1.4989414888121662,0.04461823328456371,0.1524,10.404948650719305,1.5709841628737065,1.9777349304628045,3.955469860925609,14.88989545655567,0.8128228403786634
79,7Iron,A,four4_path_tdm_neg,truth,23,7,9.962669880699393,15.657999999999998,49.75546952533371,47.30214778733609,-5.695330119300605,-1.5435597220967288,-1.4989414888121664,0.04461823328456238,0.1524,10.404948650719305,1.5709841628737065,1.9777349304628045,3.955469860925609,14.88989545655567,0.8128228403786634
79,7Iron,A,tx_later4,truth,23,7,13.339369546495824,15.657999999999998,49.75546952533371,47.30214778733609,-2.3186304535041735,-1.7262697528068809,-1.6827755467348138,0.04349420607206711,0.1524,10.404948650719305,1.5709841628737065,1.9777349304628045,3.955469860925609,14.88989545655567,0.8128228403786634
79,7Iron,A,tx_earlier4,truth,23,7,15.802434776331795,15.657999999999998,49.75546952533371,47.30214778733609,0.14443477633179747,-1.293795715259033,-1.2938394468076377,-4.373154860481954e-05,0.1524,10.404948650719305,1.5709841628737065,1.9777349304628045,3.955469860925609,14.88989545655567,0.8128228403786634
80,7Iron,A,two8,truth,23,6,12.397040498143683,14.687999999999988,47.430865378597545,45.21606063570799,-2.290959501856305,-0.8396540343409188,-0.79290683622688,0.046747198114038824,0.1524,10.404948650719305,1.5709841628737065,1.8718575759894884,3.743715151978977,14.088725148514298,0.8461074994915314
80,7Iron,A,two8_path_tdm,truth,23,6,-2.486712000907073,14.687999999999988,47.430865378597545,45.21606063570799,-17.17471200090706,-1.021856675299706,-0.7989773318636425,0.22287934343606353,0.1524,10.404948650719305,1.5709841628737065,1.8718575759894884,3.743715151978977,14.088725148514298,0.8461074994915314
80,7Iron,A,two8_path_tdm_neg,truth,23,6,12.399978147204449,14.687999999999988,47.430865378597545,45.21606063570799,-2.2880218527955396,-0.8342982379293296,-0.7874720405157447,0.04682619741358485,0.1524,10.404948650719305,1.5709841628737065,1.8718575759894884,3.743715151978977,14.088725148514298,0.8461074994915314
80,7Iron,A,four3,truth,23,6,14.779314743988447,14.687999999999988,47.430865378597545,45.21606063570799,0.09131474398845896,-0.6425523362282131,-0.6426295862950506,-7.725006683756419e-05,0.1524,10.404948650719305,1.5709841628737065,1.8718575759894884,3.743715151978977,14.088725148514298,0.8461074994915314
80,7Iron,A,four3_path_tdm,truth,23,6,-2.463521129921225,14.687999999999988,47.430865378597545,45.21606063570799,-17.151521129921214,-0.9107504326727588,-0.654725949229161,0.25602448344359774,0.1524,10.404948650719305,1.5709841628737065,1.8718575759894884,3.743715151978977,14.088725148514298,0.8461074994915314
80,7Iron,A,four3_path_tdm_neg,truth,23,6,14.57126906502398,14.687999999999988,47.430865378597545,45.21606063570799,-0.11673093497600817,-0.6311452234493664,-0.6311345111176201,1.0712331746320913e-05,0.1524,10.404948650719305,1.5709841628737065,1.8718575759894884,3.743715151978977,14.088725148514298,0.8461074994915314
80,7Iron,A,four4_path_tdm,truth,23,6,11.780385598303107,14.687999999999988,47.430865378597545,45.21606063570799,-2.907614401696881,-1.400286363595393,-1.3628268641974017,0.037459499397991314,0.1524,10.404948650719305,1.5709841628737065,1.8718575759894884,3.743715151978977,14.088725148514298,0.8461074994915314
80,7Iron,A,four4_path_tdm_neg,truth,23,6,11.780385598303551,14.687999999999988,47.430865378597545,45.21606063570799,-2.9076144016964367,-1.4002863635953935,-1.362826864197401,0.037459499397992424,0.1524,10.404948650719305,1.5709841628737065,1.8718575759894884,3.743715151978977,14.088725148514298,0.8461074994915314
80,7Iron,A,tx_later4,truth,23,6,9.553944949021865,14.687999999999988,47.430865378597545,45.21606063570799,-5.134055050978123,-1.7364180686971034,-1.6081431924269183,0.12827487627018508,0.1524,10.404948650719305,1.5709841628737065,1.8718575759894884,3.743715151978977,14.088725148514298,0.8461074994915314
80,7Iron,A,tx_earlier4,truth,23,6,10.267890793277726,14.687999999999988,47.430865378597545,45.21606063570799,-4.4201092067222625,-1.2190625202460725,-1.1511597334471904,0.06790278679888218,0.1524,10.404948650719305,1.5709841628737065,1.8718575759894884,3.743715151978977,14.088725148514298,0.8461074994915314
81,7Iron,A,two8,truth,22,6,6.438519463224565,9.146999999999982,48.727279229661946,47.111467292198604,-2.7084805367754177,-1.0410167386467373,-1.002099131728351,0.038917606918386305,0.1524,10.404948650719305,1.5709841628737065,1.2130658970667563,2.4261317941335125,9.116059131796248,1.1100366775457713
81,7Iron,A,two8_path_tdm,truth,22,6,-4.0455174761110335,9.146999999999982,48.727279229661946,47.111467292198604,-13.192517476111016,-1.0650778491071133,-0.9993866250454037,0.06569122406170969,0.1524,10.404948650719305,1.5709841628737065,1.2130658970667563,2.4261317941335125,9.116059131796248,1.1100366775457713
81,7Iron,A,two8_path_tdm_neg,truth,22,6,6.512587046625585,9.146999999999982,48.727279229661946,47.111467292198604,-2.6344129533743974,-1.0398995340049224,-1.003341907156361,0.03655762684856145,0.1524,10.404948650719305,1.5709841628737065,1.2130658970667563,2.4261317941335125,9.116059131796248,1.1100366775457713
81,7Iron,A,four3,truth,22,6,10.233305929216792,9.146999999999982,48.727279229661946,47.111467292198604,1.0863059292168096,-0.6933292831242377,-0.6904257343439196,0.002903548780318066,0.1524,10.404948650719305,1.5709841628737065,1.2130658970667563,2.4261317941335125,9.116059131796248,1.1100366775457713
81,7Iron,A,four3_path_tdm,truth,22,6,-1.0249547639672316,9.146999999999982,48.727279229661946,47.111467292198604,-10.171954763967214,-0.751066558789557,-0.6958460059695207,0.05522055282003624,0.1524,10.404948650719305,1.5709841628737065,1.2130658970667563,2.4261317941335125,9.116059131796248,1.1100366775457713
81,7Iron,A,four3_path_tdm_neg,truth,22,6,-2.3281849050310983,9.146999999999982,48.727279229661946,47.111467292198604,-11.475184905031082,-0.7327930443516696,-0.6847508943447341,0.04804215000693546,0.1524,10.404948650719305,1.5709841628737065,1.2130658970667563,2.4261317941335125,9.116059131796248,1.1100366775457713
81,7Iron,A,four4_path_tdm,truth,22,6,7.08487427794163,9.146999999999982,48.727279229661946,47.111467292198604,-2.0621257220583527,-0.923465257364,-0.9207339717615,0.002731285602500022,0.1524,10.404948650719305,1.5709841628737065,1.2130658970667563,2.4261317941335125,9.116059131796248,1.1100366775457713
81,7Iron,A,four4_path_tdm_neg,truth,22,6,7.084874277940959,9.146999999999982,48.727279229661946,47.111467292198604,-2.0621257220590232,-0.9234652573640009,-0.9207339717615008,0.002731285602500022,0.1524,10.404948650719305,1.5709841628737065,1.2130658970667563,2.4261317941335125,9.116059131796248,1.1100366775457713
81,7Iron,A,tx_later4,truth,22,6,9.430530515999921,9.146999999999982,48.727279229661946,47.111467292198604,0.2835305159999386,-1.05886657786187,-1.0585146382307442,0.0003519396311257861,0.1524,10.404948650719305,1.5709841628737065,1.2130658970667563,2.4261317941335125,9.116059131796248,1.1100366775457713
81,7Iron,A,tx_earlier4,truth,22,6,11.344902604665318,9.146999999999982,48.727279229661946,47.111467292198604,2.1979026046653356,-0.922388460496235,-0.9138744312407275,0.008514029255507483,0.1524,10.404948650719305,1.5709841628737065,1.2130658970667563,2.4261317941335125,9.116059131796248,1.1100366775457713
82,7Iron,A,two8,truth,23,6,12.759532247766131,17.27599999999998,48.548463526066854,46.632556508514135,-4.516467752233847,-1.342777880932525,-1.1672687349392892,0.17550914599323586,0.1524,10.404948650719305,1.5709841628737065,2.2022425912240573,4.404485182448115,16.592540459898302,0.7556428417146562
82,7Iron,A,two8_path_tdm,truth,23,6,12.721786091999965,17.27599999999998,48.548463526066854,46.632556508514135,-4.554213908000014,-1.343312220075027,-1.1625305018816998,0.1807817181933271,0.1524,10.404948650719305,1.5709841628737065,2.2022425912240573,4.404485182448115,16.592540459898302,0.7556428417146562
82,7Iron,A,two8_path_tdm_neg,truth,23,6,12.807322199708885,17.27599999999998,48.548463526066854,46.632556508514135,-4.468677800291093,-1.3427339953122746,-1.1722219720032903,0.1705120233089843,0.1524,10.404948650719305,1.5709841628737065,2.2022425912240573,4.404485182448115,16.592540459898302,0.7556428417146562
82,7Iron,A,four3,truth,23,6,16.24446574383556,17.27599999999998,48.548463526066854,46.632556508514135,-1.03153425616442,-1.4967511406047447,-1.491506110336295,0.005245030268449691,0.1524,10.404948650719305,1.5709841628737065,2.2022425912240573,4.404485182448115,16.592540459898302,0.7556428417146562
82,7Iron,A,four3_path_tdm,truth,23,6,16.263154388623747,17.27599999999998,48.548463526066854,46.632556508514135,-1.0128456113762319,-1.499748747511025,-1.4947309597716447,0.0050177877393802195,0.1524,10.404948650719305,1.5709841628737065,2.2022425912240573,4.404485182448115,16.592540459898302,0.7556428417146562
82,7Iron,A,four3_path_tdm_neg,truth,23,6,16.176954255375946,17.27599999999998,48.548463526066854,46.632556508514135,-1.099045744624032,-1.491780090289344,-1.4856526301733004,0.006127460116043704,0.1524,10.404948650719305,1.5709841628737065,2.2022425912240573,4.404485182448115,16.592540459898302,0.7556428417146562
82,7Iron,A,four4_path_tdm,truth,23,6,17.8843545964081,17.27599999999998,48.548463526066854,46.632556508514135,0.6083545964081232,-1.5630699125677296,-1.5585800444956266,0.004489868072103054,0.1524,10.404948650719305,1.5709841628737065,2.2022425912240573,4.404485182448115,16.592540459898302,0.7556428417146562
82,7Iron,A,four4_path_tdm_neg,truth,23,6,17.884354596408194,17.27599999999998,48.548463526066854,46.632556508514135,0.6083545964082155,-1.5630699125677294,-1.558580044495625,0.004489868072104386,0.1524,10.404948650719305,1.5709841628737065,2.2022425912240573,4.404485182448115,16.592540459898302,0.7556428417146562
82,7Iron,A,tx_later4,truth,23,6,12.569494610794308,17.27599999999998,48.548463526066854,46.632556508514135,-4.70650538920567,-2.0804608390957076,-2.014217332432949,0.06624350666275847,0.1524,10.404948650719305,1.5709841628737065,2.2022425912240573,4.404485182448115,16.592540459898302,0.7556428417146562
82,7Iron,A,tx_earlier4,truth,23,6,18.551719082130948,17.27599999999998,48.548463526066854,46.632556508514135,1.2757190821309692,-1.1194434417260646,-1.116076080328723,0.003367361397341506,0.1524,10.404948650719305,1.5709841628737065,2.2022425912240573,4.404485182448115,16.592540459898302,0.7556428417146562
83,7Iron,A,two8,truth,20,5,13.265553508980354,18.87599999999999,50.06839700662512,48.107925317263614,-5.610446491019637,-1.3562858395192996,-1.126720713887451,0.2295651256318485,0.1524,10.404948650719305,1.5709841628737065,2.4691407043011426,4.938281408602285,18.62202001539187,0.6976842000458159
83,7Iron,A,two8_path_tdm,truth,20,5,13.145321994391944,18.87599999999999,50.06839700662512,48.107925317263614,-5.730678005608047,-1.3532968302768942,-1.119471632520474,0.23382519775642008,0.1524,10.404948650719305,1.5709841628737065,2.4691407043011426,4.938281408602285,18.62202001539187,0.6976842000458159
83,7Iron,A,two8_path_tdm_neg,truth,20,5,13.368119088377618,18.87599999999999,50.06839700662512,48.107925317263614,-5.507880911622372,-1.3601250407576697,-1.1343779015194355,0.2257471392382342,0.1524,10.404948650719305,1.5709841628737065,2.4691407043011426,4.938281408602285,18.62202001539187,0.6976842000458159
83,7Iron,A,four3,truth,20,5,15.383728209625861,18.87599999999999,50.06839700662512,48.107925317263614,-3.4922717903741294,-1.3628382699172485,-1.3302117894781627,0.03262648043908589,0.1524,10.404948650719305,1.5709841628737065,2.4691407043011426,4.938281408602285,18.62202001539187,0.6976842000458159
83,7Iron,A,four3_path_tdm,truth,20,5,15.458613500998476,18.87599999999999,50.06839700662512,48.107925317263614,-3.4173864990015144,-1.3696752134271957,-1.338302701689455,0.03137251173774058,0.1524,10.404948650719305,1.5709841628737065,2.4691407043011426,4.938281408602285,18.62202001539187,0.6976842000458159
83,7Iron,A,four3_path_tdm_neg,truth,20,5,-0.8777274105045386,18.87599999999999,50.06839700662512,48.107925317263614,-19.753727410504528,-1.3748152862353336,-1.3219641754632525,0.052851110772081045,0.1524,10.404948650719305,1.5709841628737065,2.4691407043011426,4.938281408602285,18.62202001539187,0.6976842000458159
83,7Iron,A,four4_path_tdm,truth,20,5,15.641616422746184,18.87599999999999,50.06839700662512,48.107925317263614,-3.2343835772538068,-1.524556072255729,-1.4942618264511671,0.03029424580456186,0.1524,10.404948650719305,1.5709841628737065,2.4691407043011426,4.938281408602285,18.62202001539187,0.6976842000458159
83,7Iron,A,four4_path_tdm_neg,truth,20,5,15.641616422746912,18.87599999999999,50.06839700662512,48.107925317263614,-3.2343835772530785,-1.5245560722557268,-1.4942618264511676,0.030294245804559194,0.1524,10.404948650719305,1.5709841628737065,2.4691407043011426,4.938281408602285,18.62202001539187,0.6976842000458159
83,7Iron,A,tx_later4,truth,20,5,14.486401747222375,18.87599999999999,50.06839700662512,48.107925317263614,-4.389598252777615,-1.3891397461717911,-1.336770969234589,0.0523687769372021,0.1524,10.404948650719305,1.5709841628737065,2.4691407043011426,4.938281408602285,18.62202001539187,0.6976842000458159
83,7Iron,A,tx_earlier4,truth,20,5,20.9153635940455,18.87599999999999,50.06839700662512,48.107925317263614,2.0393635940455077,-1.7023870353731947,-1.6768660545669007,0.025520980806293947,0.1524,10.404948650719305,1.5709841628737065,2.4691407043011426,4.938281408602285,18.62202001539187,0.6976842000458159
84,7Iron,A,two8,truth,12,3,10.109145107047308,16.949999999999992,54.53878959650236,52.80983073560512,-6.8408548929526845,-1.5600392872833408,-1.2949051266595248,0.265134160623816,0.1524,10.404948650719305,1.5709841628737065,2.0684070619679806,4.136814123935961,15.57550984134723,0.7811093678297149
84,7Iron,A,two8_path_tdm,truth,12,3,10.127986393977539,16.949999999999992,54.53878959650236,52.80983073560512,-6.822013606022454,-1.5641575115081574,-1.2841436998907065,0.28001381161745087,0.1524,10.404948650719305,1.5709841628737065,2.0684070619679806,4.136814123935961,15.57550984134723,0.7811093678297149
84,7Iron,A,two8_path_tdm_neg,truth,12,3,10.080953741339048,16.949999999999992,54.53878959650236,52.80983073560512,-6.869046258660944,-1.555794361679465,-1.2998240872853153,0.25597027439414965,0.1524,10.404948650719305,1.5709841628737065,2.0684070619679806,4.136814123935961,15.57550984134723,0.7811093678297149
84,7Iron,A,four3,truth,12,3,13.094816585307731,16.949999999999992,54.53878959650236,52.80983073560512,-3.8551834146922612,-1.3809638151587809,-1.3541735413965714,0.026790273762209438,0.1524,10.404948650719305,1.5709841628737065,2.0684070619679806,4.136814123935961,15.57550984134723,0.7811093678297149
84,7Iron,A,four3_path_tdm,truth,12,3,13.30469739070738,16.949999999999992,54.53878959650236,52.80983073560512,-3.645302609292612,-1.3918870504196954,-1.3667630848560595,0.02512396556363594,0.1524,10.404948650719305,1.5709841628737065,2.0684070619679806,4.136814123935961,15.57550984134723,0.7811093678297149
84,7Iron,A,four3_path_tdm_neg,truth,12,3,12.86713019428115,16.949999999999992,54.53878959650236,52.80983073560512,-4.0828698057188415,-1.369640905163328,-1.3411944707405994,0.02844643442272865,0.1524,10.404948650719305,1.5709841628737065,2.0684070619679806,4.136814123935961,15.57550984134723,0.7811093678297149
84,7Iron,A,four4_path_tdm,truth,12,3,16.105365418464377,16.949999999999992,54.53878959650236,52.80983073560512,-0.8446345815356153,-1.3041704634286344,-1.3030485840185513,0.0011218794100831264,0.1524,10.404948650719305,1.5709841628737065,2.0684070619679806,4.136814123935961,15.57550984134723,0.7811093678297149
84,7Iron,A,four4_path_tdm_neg,truth,12,3,16.105365418464668,16.949999999999992,54.53878959650236,52.80983073560512,-0.844634581535324,-1.304170463428634,-1.303048584018552,0.0011218794100820162,0.1524,10.404948650719305,1.5709841628737065,2.0684070619679806,4.136814123935961,15.57550984134723,0.7811093678297149
84,7Iron,A,tx_later4,truth,12,3,18.95155046570024,16.949999999999992,54.53878959650236,52.80983073560512,2.001550465700248,-1.4494506088788883,-1.4385989941141857,0.010851614764702644,0.1524,10.404948650719305,1.5709841628737065,2.0684070619679806,4.136814123935961,15.57550984134723,0.7811093678297149
84,7Iron,A,tx_earlier4,truth,12,3,0.06925627448759433,16.949999999999992,54.53878959650236,52.80983073560512,-16.8807437255124,-1.6945535215435668,-1.503732794866889,0.1908207266766777,0.1524,10.404948650719305,1.5709841628737065,2.0684070619679806,4.136814123935961,15.57550984134723,0.7811093678297149
86,5Iron,A,two8,truth,20,5,13.76911928509291,14.677,50.023693080726346,47.53024373748418,-0.9078807149070904,-1.02736659924853,-1.0198919632486891,0.007474635999840773,0.1524,10.404948650719305,1.5709841628737065,1.830169880733401,3.660339761466802,13.772614440308676,0.8545019415926262
86,5Iron,A,two8_path_tdm,truth,20,5,-2.4974379233726367,14.677,50.023693080726346,47.53024373748418,-17.174437923372636,-1.0612970239275341,-1.0260513168957224,0.035245707031811735,0.1524,10.404948650719305,1.5709841628737065,1.830169880733401,3.660339761466802,13.772614440308676,0.8545019415926262
86,5Iron,A,two8_path_tdm_neg,truth,20,5,13.769236932695197,14.677,50.023693080726346,47.53024373748418,-0.9077630673048027,-1.0218587253898463,-1.014466457594922,0.007392267794924301,0.1524,10.404948650719305,1.5709841628737065,1.830169880733401,3.660339761466802,13.772614440308676,0.8545019415926262
86,5Iron,A,four3,truth,20,5,17.897195839214227,14.677,50.023693080726346,47.53024373748418,3.2201958392142274,-1.0978651502400845,-1.06014950863108,0.037715641609004535,0.1524,10.404948650719305,1.5709841628737065,1.830169880733401,3.660339761466802,13.772614440308676,0.8545019415926262
86,5Iron,A,four3_path_tdm,truth,20,5,17.92845490279147,14.677,50.023693080726346,47.53024373748418,3.251454902791469,-1.1149772992045832,-1.071644638068441,0.0433326611361422,0.1524,10.404948650719305,1.5709841628737065,1.830169880733401,3.660339761466802,13.772614440308676,0.8545019415926262
86,5Iron,A,four3_path_tdm_neg,truth,20,5,17.81198520676563,14.677,50.023693080726346,47.53024373748418,3.1349852067656307,-1.0826071153681256,-1.0500997271894996,0.03250738817862597,0.1524,10.404948650719305,1.5709841628737065,1.830169880733401,3.660339761466802,13.772614440308676,0.8545019415926262
86,5Iron,A,four4_path_tdm,truth,20,5,12.89897226292472,14.677,50.023693080726346,47.53024373748418,-1.7780277370752788,-1.5730125564866069,-1.557846548864775,0.015166007621831845,0.1524,10.404948650719305,1.5709841628737065,1.830169880733401,3.660339761466802,13.772614440308676,0.8545019415926262
86,5Iron,A,four4_path_tdm_neg,truth,20,5,12.898972262924875,14.677,50.023693080726346,47.53024373748418,-1.7780277370751243,-1.5730125564866086,-1.5578465488647755,0.015166007621833177,0.1524,10.404948650719305,1.5709841628737065,1.830169880733401,3.660339761466802,13.772614440308676,0.8545019415926262
86,5Iron,A,tx_later4,truth,20,5,15.440194625576662,14.677,50.023693080726346,47.53024373748418,0.7631946255766628,-1.7009484879829162,-1.6961698187510568,0.004778669231859434,0.1524,10.404948650719305,1.5709841628737065,1.830169880733401,3.660339761466802,13.772614440308676,0.8545019415926262
86,5Iron,A,tx_earlier4,truth,20,5,7.782259982680897,14.677,50.023693080726346,47.53024373748418,-6.894740017319102,-1.4397609248489212,-1.3395752442099118,0.10018568063900934,0.1524,10.404948650719305,1.5709841628737065,1.830169880733401,3.660339761466802,13.772614440308676,0.8545019415926262
87,5Iron,A,two8,truth,20,6,13.705401880879739,15.406999999999991,52.84004041234901,51.122749823040635,-1.701598119120252,-1.4821548001682225,-1.425795419987262,0.05635938018096054,0.1524,10.404948650719305,1.5709841628737065,2.073984248967231,4.147968497934462,15.621778450791949,0.7994059066044559
87,5Iron,A,two8_path_tdm,truth,20,6,13.724454749722417,15.406999999999991,52.84004041234901,51.122749823040635,-1.682545250277574,-1.4884295180788456,-1.433284584271644,0.055144933807201646,0.1524,10.404948650719305,1.5709841628737065,2.073984248967231,4.147968497934462,15.621778450791949,0.7994059066044559
87,5Iron,A,two8_path_tdm_neg,truth,20,6,13.690470068371877,15.406999999999991,52.84004041234901,51.122749823040635,-1.7165299316281146,-1.4762521107247075,-1.4189256225730105,0.05732648815169705,0.1524,10.404948650719305,1.5709841628737065,2.073984248967231,4.147968497934462,15.621778450791949,0.7994059066044559
87,5Iron,A,four3,truth,20,6,14.898639220154278,15.406999999999991,52.84004041234901,51.122749823040635,-0.508360779845713,-1.4536584648345254,-1.4519067076547632,0.001751757179762281,0.1524,10.404948650719305,1.5709841628737065,2.073984248967231,4.147968497934462,15.621778450791949,0.7994059066044559
87,5Iron,A,four3_path_tdm,truth,20,6,14.941429895212437,15.406999999999991,52.84004041234901,51.122749823040635,-0.46557010478755423,-1.465945350835291,-1.4646823522925472,0.0012629985427439205,0.1524,10.404948650719305,1.5709841628737065,2.073984248967231,4.147968497934462,15.621778450791949,0.7994059066044559
87,5Iron,A,four3_path_tdm_neg,truth,20,6,14.874815181692643,15.406999999999991,52.84004041234901,51.122749823040635,-0.5321848183073481,-1.4420867325973672,-1.4398927937997967,0.0021939387975704605,0.1524,10.404948650719305,1.5709841628737065,2.073984248967231,4.147968497934462,15.621778450791949,0.7994059066044559
87,5Iron,A,four4_path_tdm,truth,20,6,9.46806739740842,15.406999999999991,52.84004041234901,51.122749823040635,-5.938932602591571,-1.8108753612636113,-1.7201259865567533,0.09074937470685795,0.1524,10.404948650719305,1.5709841628737065,2.073984248967231,4.147968497934462,15.621778450791949,0.7994059066044559
87,5Iron,A,four4_path_tdm_neg,truth,20,6,9.468067397408516,15.406999999999991,52.84004041234901,51.122749823040635,-5.938932602591475,-1.8108753612636121,-1.7201259865567515,0.09074937470686062,0.1524,10.404948650719305,1.5709841628737065,2.073984248967231,4.147968497934462,15.621778450791949,0.7994059066044559
87,5Iron,A,tx_later4,truth,20,6,11.497695970544354,15.406999999999991,52.84004041234901,51.122749823040635,-3.9093040294556367,-1.9237209177391053,-1.8573121370797072,0.06640878065939804,0.1524,10.404948650719305,1.5709841628737065,2.073984248967231,4.147968497934462,15.621778450791949,0.7994059066044559
87,5Iron,A,tx_earlier4,truth,20,6,4.3174185523783395,15.406999999999991,52.84004041234901,51.122749823040635,-11.08958144762165,-1.7367658238772101,-1.5956025347086962,0.14116328916851395,0.1524,10.404948650719305,1.5709841628737065,2.073984248967231,4.147968497934462,15.621778450791949,0.7994059066044559
88,5Iron,A,two8,truth,24,6,0.20189134784355384,0.5110000000000001,44.07807093618961,43.00582860650462,-0.3091086521564463,-1.9645473729861431,-1.9645026642546213,4.470873152184751e-05,0.1524,10.404948650719305,1.5709841628737065,0.25544694724937145,0.5108938944987429,1.9179862205920113,2.145118679555189
88,5Iron,A,two8_path_tdm,truth,24,6,-0.3771281867577349,0.5110000000000001,44.07807093618961,43.00582860650462,-0.8881281867577351,-1.969373073010332,-1.9652623180934272,0.004110754916904824,0.1524,10.404948650719305,1.5709841628737065,0.25544694724937145,0.5108938944987429,1.9179862205920113,2.145118679555189
88,5Iron,A,two8_path_tdm_neg,truth,24,6,-2.6452207127446754,0.5110000000000001,44.07807093618961,43.00582860650462,-3.1562207127446755,-2.0211938645247645,-1.9636380906920332,0.05755577383273125,0.1524,10.404948650719305,1.5709841628737065,0.25544694724937145,0.5108938944987429,1.9179862205920113,2.145118679555189
88,5Iron,A,four3,truth,24,6,1.924272211789933,0.5110000000000001,44.07807093618961,43.00582860650462,1.4132722117899328,-1.731831877181814,-1.7313959961471934,0.0004358810346205555,0.1524,10.404948650719305,1.5709841628737065,0.25544694724937145,0.5108938944987429,1.9179862205920113,2.145118679555189
88,5Iron,A,four3_path_tdm,truth,24,6,-4.177438624532535,0.5110000000000001,44.07807093618961,43.00582860650462,-4.688438624532535,-1.7539679405930046,-1.731382186188874,0.022585754404130576,0.1524,10.404948650719305,1.5709841628737065,0.25544694724937145,0.5108938944987429,1.9179862205920113,2.145118679555189
88,5Iron,A,four3_path_tdm_neg,truth,24,6,-2.6850146406652726,0.5110000000000001,44.07807093618961,43.00582860650462,-3.1960146406652727,-1.7861989291690727,-1.7312795464653974,0.05491938270367536,0.1524,10.404948650719305,1.5709841628737065,0.25544694724937145,0.5108938944987429,1.9179862205920113,2.145118679555189
88,5Iron,A,four4_path_tdm,truth,24,6,11.52283891017876,0.5110000000000001,44.07807093618961,43.00582860650462,11.01183891017876,-1.5454559475442542,-1.4594558272473186,0.0860001202969356,0.1524,10.404948650719305,1.5709841628737065,0.25544694724937145,0.5108938944987429,1.9179862205920113,2.145118679555189
88,5Iron,A,four4_path_tdm_neg,truth,24,6,11.522838910178857,0.5110000000000001,44.07807093618961,43.00582860650462,11.011838910178856,-1.545455947544253,-1.459455827247308,0.08600012029694515,0.1524,10.404948650719305,1.5709841628737065,0.25544694724937145,0.5108938944987429,1.9179862205920113,2.145118679555189
88,5Iron,A,tx_later4,truth,24,6,12.009186102496948,0.5110000000000001,44.07807093618961,43.00582860650462,11.498186102496948,-1.6400123668971085,-1.6036219193889905,0.03639044750811804,0.1524,10.404948650719305,1.5709841628737065,0.25544694724937145,0.5108938944987429,1.9179862205920113,2.145118679555189
88,5Iron,A,tx_earlier4,truth,24,6,17.61429029461631,0.5110000000000001,44.07807093618961,43.00582860650462,17.10329029461631,-1.3290979741086175,-1.2485128214205752,0.08058515268804234,0.1524,10.404948650719305,1.5709841628737065,0.25544694724937145,0.5108938944987429,1.9179862205920113,2.145118679555189
90,5Iron,A,two8,truth,17,5,6.391162779323762,12.959999999999992,54.04704641161587,50.56141437408992,-6.5688372206762295,-1.139838118680969,-1.0199458274172082,0.11989229126376078,0.1524,10.404948650719305,1.5709841628737065,1.6542931834962804,3.308586366992561,12.443758449542177,0.9172849332763519
90,5Iron,A,two8_path_tdm,truth,17,5,-4.353713597059865,12.959999999999992,54.04704641161587,50.56141437408992,-17.313713597059856,-1.2031767908799134,-1.014441715183708,0.1887350756962054,0.1524,10.404948650719305,1.5709841628737065,1.6542931834962804,3.308586366992561,12.443758449542177,0.9172849332763519
90,5Iron,A,two8_path_tdm_neg,truth,17,5,-4.394286541514456,12.959999999999992,54.04704641161587,50.56141437408992,-17.354286541514448,-1.2211739738390892,-1.0261014673935014,0.19507250644558782,0.1524,10.404948650719305,1.5709841628737065,1.6542931834962804,3.308586366992561,12.443758449542177,0.9172849332763519
90,5Iron,A,four3,truth,17,5,20.392636941258665,12.959999999999992,54.04704641161587,50.56141437408992,7.432636941258673,-1.0535025351514504,-0.9287984509884899,0.12470408416296053,0.1524,10.404948650719305,1.5709841628737065,1.6542931834962804,3.308586366992561,12.443758449542177,0.9172849332763519
90,5Iron,A,four3_path_tdm,truth,17,5,20.25852125900876,12.959999999999992,54.04704641161587,50.56141437408992,7.298521259008767,-1.0577566599015684,-0.9319323077932676,0.12582435210830079,0.1524,10.404948650719305,1.5709841628737065,1.6542931834962804,3.308586366992561,12.443758449542177,0.9172849332763519
90,5Iron,A,four3_path_tdm_neg,truth,17,5,20.45788586780049,12.959999999999992,54.04704641161587,50.56141437408992,7.4978858678004965,-1.0468594167806469,-0.9261199865641261,0.12073943021652078,0.1524,10.404948650719305,1.5709841628737065,1.6542931834962804,3.308586366992561,12.443758449542177,0.9172849332763519
90,5Iron,A,four4_path_tdm,truth,17,5,15.704833373205082,12.959999999999992,54.04704641161587,50.56141437408992,2.74483337320509,-1.250605864686225,-1.2281640061060934,0.02244185858013159,0.1524,10.404948650719305,1.5709841628737065,1.6542931834962804,3.308586366992561,12.443758449542177,0.9172849332763519
90,5Iron,A,four4_path_tdm_neg,truth,17,5,15.704833373205082,12.959999999999992,54.04704641161587,50.56141437408992,2.74483337320509,-1.2506058646862248,-1.2281640061060954,0.02244185858012937,0.1524,10.404948650719305,1.5709841628737065,1.6542931834962804,3.308586366992561,12.443758449542177,0.9172849332763519
90,5Iron,A,tx_later4,truth,17,5,18.297555397993705,12.959999999999992,54.04704641161587,50.56141437408992,5.337555397993713,-1.5308521791680139,-1.462664433386479,0.06818774578153497,0.1524,10.404948650719305,1.5709841628737065,1.6542931834962804,3.308586366992561,12.443758449542177,0.9172849332763519
90,5Iron,A,tx_earlier4,truth,17,5,-5.0,12.959999999999992,54.04704641161587,50.56141437408992,-17.959999999999994,-0.846902057398047,-0.7959123468469582,0.05098971055108881,0.1524,10.404948650719305,1.5709841628737065,1.6542931834962804,3.308586366992561,12.443758449542177,0.9172849332763519
91,5Iron,A,two8,truth,22,6,7.58208283551944,9.892999999999994,47.20734574910368,46.19584787565755,-2.3109171644805535,-1.1367702768386818,-1.1095802684176068,0.027190008421074996,0.1524,10.404948650719305,1.5709841628737065,1.3886861795654903,2.7773723591309807,10.44175678178403,1.053626646417774
91,5Iron,A,two8_path_tdm,truth,22,6,-3.0821549487699564,9.892999999999994,47.20734574910368,46.19584787565755,-12.97515494876995,-1.1784958684165476,-1.1107564787258488,0.06773938969069881,0.1524,10.404948650719305,1.5709841628737065,1.3886861795654903,2.7773723591309807,10.44175678178403,1.053626646417774
91,5Iron,A,two8_path_tdm_neg,truth,22,6,7.615884303963157,9.892999999999994,47.20734574910368,46.19584787565755,-2.2771156960368364,-1.135362220756684,-1.108583005614047,0.026779215142636925,0.1524,10.404948650719305,1.5709841628737065,1.3886861795654903,2.7773723591309807,10.44175678178403,1.053626646417774
91,5Iron,A,four3,truth,22,6,13.78300654107536,9.892999999999994,47.20734574910368,46.19584787565755,3.8900065410753673,-0.8490766899695602,-0.8081762459705436,0.0409004439990166,0.1524,10.404948650719305,1.5709841628737065,1.3886861795654903,2.7773723591309807,10.44175678178403,1.053626646417774
91,5Iron,A,four3_path_tdm,truth,22,6,-3.108937282406924,9.892999999999994,47.20734574910368,46.19584787565755,-13.001937282406917,-0.8562127283296784,-0.8107366239064749,0.04547610442320349,0.1524,10.404948650719305,1.5709841628737065,1.3886861795654903,2.7773723591309807,10.44175678178403,1.053626646417774
91,5Iron,A,four3_path_tdm_neg,truth,22,6,13.770360374558813,9.892999999999994,47.20734574910368,46.19584787565755,3.877360374558819,-0.8460703539412232,-0.806373685499025,0.03969666844219821,0.1524,10.404948650719305,1.5709841628737065,1.3886861795654903,2.7773723591309807,10.44175678178403,1.053626646417774
91,5Iron,A,four4_path_tdm,truth,22,6,12.839198142746428,9.892999999999994,47.20734574910368,46.19584787565755,2.946198142746434,-1.3197580170908314,-1.3115579816063694,0.00820003548446202,0.1524,10.404948650719305,1.5709841628737065,1.3886861795654903,2.7773723591309807,10.44175678178403,1.053626646417774
91,5Iron,A,four4_path_tdm_neg,truth,22,6,12.839198142746174,9.892999999999994,47.20734574910368,46.19584787565755,2.94619814274618,-1.319758017090832,-1.3115579816063707,0.008200035484461354,0.1524,10.404948650719305,1.5709841628737065,1.3886861795654903,2.7773723591309807,10.44175678178403,1.053626646417774
91,5Iron,A,tx_later4,truth,22,6,16.15507761761985,9.892999999999994,47.20734574910368,46.19584787565755,6.262077617619855,-1.4644839689713651,-1.316590019129498,0.1478939498418672,0.1524,10.404948650719305,1.5709841628737065,1.3886861795654903,2.7773723591309807,10.44175678178403,1.053626646417774
91,5Iron,A,tx_earlier4,truth,22,6,11.911873352325436,9.892999999999994,47.20734574910368,46.19584787565755,2.0188733523254427,-1.4432625081201491,-1.4335537486175571,0.00970875950259198,0.1524,10.404948650719305,1.5709841628737065,1.3886861795654903,2.7773723591309807,10.44175678178403,1.053626646417774
92,5Iron,A,two8,truth,19,5,-5.0,10.917999999999983,48.10142426707913,46.135109857309985,-15.917999999999983,-1.7901898494943622,-1.6382622432674392,0.15192760622692303,0.1524,10.404948650719305,1.5709841628737065,1.4549127740177914,2.909825548035583,10.939804100319732,1.0058188062164823
92,5Iron,A,two8_path_tdm,truth,19,5,-3.5683461357285897,10.917999999999983,48.10142426707913,46.135109857309985,-14.486346135728573,-1.8337079001871657,-1.63147248468804,0.20223541549912571,0.1524,10.404948650719305,1.5709841628737065,1.4549127740177914,2.909825548035583,10.939804100319732,1.0058188062164823
92,5Iron,A,two8_path_tdm_neg,truth,19,5,-2.540711329234689,10.917999999999983,48.10142426707913,46.135109857309985,-13.458711329234673,-1.8828922952917844,-1.6456114370605448,0.23728085823123957,0.1524,10.404948650719305,1.5709841628737065,1.4549127740177914,2.909825548035583,10.939804100319732,1.0058188062164823
92,5Iron,A,four3,truth,19,5,8.39989853435669,10.917999999999983,48.10142426707913,46.135109857309985,-2.5181014656432925,-1.4640038913638889,-1.431178053196621,0.03282583816726792,0.1524,10.404948650719305,1.5709841628737065,1.4549127740177914,2.909825548035583,10.939804100319732,1.0058188062164823
92,5Iron,A,four3_path_tdm,truth,19,5,-3.535612663591582,10.917999999999983,48.10142426707913,46.135109857309985,-14.453612663591565,-1.515143990750357,-1.4294425624432423,0.08570142830711469,0.1524,10.404948650719305,1.5709841628737065,1.4549127740177914,2.909825548035583,10.939804100319732,1.0058188062164823
92,5Iron,A,four3_path_tdm_neg,truth,19,5,-3.9410697205949874,10.917999999999983,48.10142426707913,46.135109857309985,-14.85906972059497,-1.5808288053600017,-1.4330518417098292,0.14777696365017245,0.1524,10.404948650719305,1.5709841628737065,1.4549127740177914,2.909825548035583,10.939804100319732,1.0058188062164823
92,5Iron,A,four4_path_tdm,truth,19,5,1.1062594598974496,10.917999999999983,48.10142426707913,46.135109857309985,-9.811740540102534,-1.9616935297075102,-1.9080340595946914,0.0536594701128188,0.1524,10.404948650719305,1.5709841628737065,1.4549127740177914,2.909825548035583,10.939804100319732,1.0058188062164823
92,5Iron,A,four4_path_tdm_neg,truth,19,5,1.1062594599193603,10.917999999999983,48.10142426707913,46.135109857309985,-9.811740540080622,-1.9616935297074978,-1.9080340595946912,0.053659470112806584,0.1524,10.404948650719305,1.5709841628737065,1.4549127740177914,2.909825548035583,10.939804100319732,1.0058188062164823
92,5Iron,A,tx_later4,truth,19,5,3.505105075963966,10.917999999999983,48.10142426707913,46.135109857309985,-7.412894924036017,-2.051176490201399,-1.9545876552178165,0.0965888349835824,0.1524,10.404948650719305,1.5709841628737065,1.4549127740177914,2.909825548035583,10.939804100319732,1.0058188062164823
92,5Iron,A,tx_earlier4,truth,19,5,12.889442042665193,10.917999999999983,48.10142426707913,46.135109857309985,1.9714420426652097,-2.2770427326927463,-2.255203371968077,0.021839360724669188,0.1524,10.404948650719305,1.5709841628737065,1.4549127740177914,2.909825548035583,10.939804100319732,1.0058188062164823
93,5Iron,A,two8,truth,20,5,-2.8816499506508837,1.5239999999999743,38.89241553193201,38.26469086258259,-4.405649950650858,-2.906147598898099,-2.8866625822887317,0.01948501660936719,0.1524,10.404948650719305,1.5709841628737065,0.37216837516523826,0.7443367503304765,2.794048546185296,1.858979688002948
93,5Iron,A,two8_path_tdm,truth,20,5,-4.155074554866595,1.5239999999999743,38.89241553193201,38.26469086258259,-5.6790745548665695,-2.9476408117851727,-2.8864295081263207,0.06121130365885197,0.1524,10.404948650719305,1.5709841628737065,0.37216837516523826,0.7443367503304765,2.794048546185296,1.858979688002948
93,5Iron,A,two8_path_tdm_neg,truth,20,5,-3.3707224592595066,1.5239999999999743,38.89241553193201,38.26469086258259,-4.894722459259481,-2.943358048010115,-2.88687481946942,0.056483228540694874,0.1524,10.404948650719305,1.5709841628737065,0.37216837516523826,0.7443367503304765,2.794048546185296,1.858979688002948
93,5Iron,A,four3,truth,20,5,2.6765125403036922,1.5239999999999743,38.89241553193201,38.26469086258259,1.152512540303718,-2.679835305164661,-2.67924585325758,0.000589451907080818,0.1524,10.404948650719305,1.5709841628737065,0.37216837516523826,0.7443367503304765,2.794048546185296,1.858979688002948
93,5Iron,A,four3_path_tdm,truth,20,5,-4.183411439626505,1.5239999999999743,38.89241553193201,38.26469086258259,-5.70741143962648,-2.7284881211881187,-2.6794336246230417,0.04905449656507699,0.1524,10.404948650719305,1.5709841628737065,0.37216837516523826,0.7443367503304765,2.794048546185296,1.858979688002948
93,5Iron,A,four3_path_tdm_neg,truth,20,5,-3.3440881486552687,1.5239999999999743,38.89241553193201,38.26469086258259,-4.868088148655243,-2.740385077441371,-2.679042158142917,0.061342919298454035,0.1524,10.404948650719305,1.5709841628737065,0.37216837516523826,0.7443367503304765,2.794048546185296,1.858979688002948
93,5Iron,A,four4_path_tdm,truth,20,5,7.048277980787612,1.5239999999999743,38.89241553193201,38.26469086258259,5.524277980787637,-2.4917022133985736,-2.4611900890497176,0.030512124348855973,0.1524,10.404948650719305,1.5709841628737065,0.37216837516523826,0.7443367503304765,2.794048546185296,1.858979688002948
93,5Iron,A,four4_path_tdm_neg,truth,20,5,7.048277980787711,1.5239999999999743,38.89241553193201,38.26469086258259,5.524277980787737,-2.4917022133985736,-2.461190089049712,0.030512124348861747,0.1524,10.404948650719305,1.5709841628737065,0.37216837516523826,0.7443367503304765,2.794048546185296,1.858979688002948
93,5Iron,A,tx_later4,truth,20,5,13.073441239493901,1.5239999999999743,38.89241553193201,38.26469086258259,11.549441239493927,-2.6047879720957967,-2.5506987959702347,0.054089176125561966,0.1524,10.404948650719305,1.5709841628737065,0.37216837516523826,0.7443367503304765,2.794048546185296,1.858979688002948
93,5Iron,A,tx_earlier4,truth,20,5,5.120037765809693,1.5239999999999743,38.89241553193201,38.26469086258259,3.5960377658097187,-2.4121078272348524,-2.406148835689283,0.0059589915455693365,0.1524,10.404948650719305,1.5709841628737065,0.37216837516523826,0.7443367503304765,2.794048546185296,1.858979688002948
94,5Iron,A,two8,truth,20,5,7.9466277699284005,13.115999999999982,57.93628796480906,56.37819553311256,-5.169372230071581,-1.3704609844723563,-1.205352608650364,0.16510837582199223,0.1524,10.404948650719305,1.5709841628737065,1.8177196947201546,3.635439389440309,13.682075021098795,0.883340420062072
94,5Iron,A,two8_path_tdm,truth,20,5,-3.5787713842645235,13.115999999999982,57.93628796480906,56.37819553311256,-16.694771384264506,-1.4230614584899202,-1.2075670422022466,0.21549441628767352,0.1524,10.404948650719305,1.5709841628737065,1.8177196947201546,3.635439389440309,13.682075021098795,0.883340420062072
94,5Iron,A,two8_path_tdm_neg,truth,20,5,8.0509472313045,13.115999999999982,57.93628796480906,56.37819553311256,-5.065052768695482,-1.3629424033056305,-1.2046330820250122,0.15830932128061836,0.1524,10.404948650719305,1.5709841628737065,1.8177196947201546,3.635439389440309,13.682075021098795,0.883340420062072
94,5Iron,A,four3,truth,20,5,18.473944634680752,13.115999999999982,57.93628796480906,56.37819553311256,5.35794463468077,-1.5713952456315927,-1.4231845994773518,0.14821064615424095,0.1524,10.404948650719305,1.5709841628737065,1.8177196947201546,3.635439389440309,13.682075021098795,0.883340420062072
94,5Iron,A,four3_path_tdm,truth,20,5,18.485137965245325,13.115999999999982,57.93628796480906,56.37819553311256,5.3691379652453435,-1.582605722158687,-1.4332813286460175,0.14932439351266935,0.1524,10.404948650719305,1.5709841628737065,1.8177196947201546,3.635439389440309,13.682075021098795,0.883340420062072
94,5Iron,A,four3_path_tdm_neg,truth,20,5,18.47015398361089,13.115999999999982,57.93628796480906,56.37819553311256,5.354153983610907,-1.5618051533441848,-1.4134377716018458,0.148367381742339,0.1524,10.404948650719305,1.5709841628737065,1.8177196947201546,3.635439389440309,13.682075021098795,0.883340420062072
94,5Iron,A,four4_path_tdm,truth,20,5,14.152514060159259,13.115999999999982,57.93628796480906,56.37819553311256,1.036514060159277,-1.971458652081108,-1.9641656256857167,0.0072930263953912,0.1524,10.404948650719305,1.5709841628737065,1.8177196947201546,3.635439389440309,13.682075021098795,0.883340420062072
94,5Iron,A,four4_path_tdm_neg,truth,20,5,14.152514060159103,13.115999999999982,57.93628796480906,56.37819553311256,1.0365140601591207,-1.9714586520811068,-1.9641656256857185,0.007293026395388313,0.1524,10.404948650719305,1.5709841628737065,1.8177196947201546,3.635439389440309,13.682075021098795,0.883340420062072
94,5Iron,A,tx_later4,truth,20,5,12.662251281195992,13.115999999999982,57.93628796480906,56.37819553311256,-0.4537487188039897,-2.289856812795685,-2.2888124499105866,0.0010443628850982378,0.1524,10.404948650719305,1.5709841628737065,1.8177196947201546,3.635439389440309,13.682075021098795,0.883340420062072
94,5Iron,A,tx_earlier4,truth,20,5,6.415340561020099,13.115999999999982,57.93628796480906,56.37819553311256,-6.700659438979883,-1.5299730016977766,-1.4788058998180102,0.051167101879766363,0.1524,10.404948650719305,1.5709841628737065,1.8177196947201546,3.635439389440309,13.682075021098795,0.883340420062072
95,5Iron,A,two8,truth,24,6,11.469933421216107,14.271999999999982,51.2306990799932,48.76380628406203,-2.802066578783876,-1.3191620360268432,-1.2482301046522037,0.07093193137463949,0.1524,10.404948650719305,1.5709841628737065,1.9059080915290516,3.811816183058103,14.34844760241199,0.8468228576104178
95,5Iron,A,two8_path_tdm,truth,24,6,11.41001673249061,14.271999999999982,51.2306990799932,48.76380628406203,-2.8619832675093733,-1.3195283449159485,-1.24649032804243,0.07303801687351852,0.1524,10.404948650719305,1.5709841628737065,1.9059080915290516,3.811816183058103,14.34844760241199,0.8468228576104178
95,5Iron,A,two8_path_tdm_neg,truth,24,6,11.539716634649427,14.271999999999982,51.2306990799932,48.76380628406203,-2.732283365350556,-1.3192195490853535,-1.2508734642576922,0.06834608482766136,0.1524,10.404948650719305,1.5709841628737065,1.9059080915290516,3.811816183058103,14.34844760241199,0.8468228576104178
95,5Iron,A,four3,truth,24,6,12.404112404029743,14.271999999999982,51.2306990799932,48.76380628406203,-1.86788759597024,-1.2432848465213755,-1.2326168366554155,0.010668009865959949,0.1524,10.404948650719305,1.5709841628737065,1.9059080915290516,3.811816183058103,14.34844760241199,0.8468228576104178
95,5Iron,A,four3_path_tdm,truth,24,6,-4.55926679396616,14.271999999999982,51.2306990799932,48.76380628406203,-18.831266793966144,-1.3412467131536532,-1.2422850308387454,0.09896168231490776,0.1524,10.404948650719305,1.5709841628737065,1.9059080915290516,3.811816183058103,14.34844760241199,0.8468228576104178
95,5Iron,A,four3_path_tdm_neg,truth,24,6,-4.415921955547838,14.271999999999982,51.2306990799932,48.76380628406203,-18.68792195554782,-1.2820610039869416,-1.2233955769862885,0.058665427000653025,0.1524,10.404948650719305,1.5709841628737065,1.9059080915290516,3.811816183058103,14.34844760241199,0.8468228576104178
95,5Iron,A,four4_path_tdm,truth,24,6,12.446362331869427,14.271999999999982,51.2306990799932,48.76380628406203,-1.8256376681305557,-1.6128327680043364,-1.6058310663045603,0.007001701699776097,0.1524,10.404948650719305,1.5709841628737065,1.9059080915290516,3.811816183058103,14.34844760241199,0.8468228576104178
95,5Iron,A,four4_path_tdm_neg,truth,24,6,12.44636233186919,14.271999999999982,51.2306990799932,48.76380628406203,-1.825637668130792,-1.6128327680043384,-1.60583106630456,0.007001701699778318,0.1524,10.404948650719305,1.5709841628737065,1.9059080915290516,3.811816183058103,14.34844760241199,0.8468228576104178
95,5Iron,A,tx_later4,truth,24,6,15.190376375730962,14.271999999999982,51.2306990799932,48.76380628406203,0.9183763757309791,-1.5960155435551577,-1.5926270878587407,0.003388455696416992,0.1524,10.404948650719305,1.5709841628737065,1.9059080915290516,3.811816183058103,14.34844760241199,0.8468228576104178
95,5Iron,A,tx_earlier4,truth,24,6,7.026961734640612,14.271999999999982,51.2306990799932,48.76380628406203,-7.24503826535937,-1.8724677331237096,-1.7802556130686107,0.09221212005509893,0.1524,10.404948650719305,1.5709841628737065,1.9059080915290516,3.811816183058103,14.34844760241199,0.8468228576104178
96,5Iron,A,two8,truth,16,4,9.295983373059936,14.196999999999997,57.93628796480906,56.177827827840886,-4.901016626940061,-1.167154057190741,-1.036784686899311,0.13036937029143014,0.1524,10.404948650719305,1.5709841628737065,1.9370068808541419,3.8740137617082837,14.584699016582743,0.8420125190401792
96,5Iron,A,two8_path_tdm,truth,16,4,-2.5029452727386237,14.196999999999997,57.93628796480906,56.177827827840886,-16.69994527273862,-1.4532741010671895,-1.0389793624557813,0.4142947386114082,0.1524,10.404948650719305,1.5709841628737065,1.9370068808541419,3.8740137617082837,14.584699016582743,0.8420125190401792
96,5Iron,A,two8_path_tdm_neg,truth,16,4,-0.8164447208558552,14.196999999999997,57.93628796480906,56.177827827840886,-15.013444720855853,-1.172764475278123,-1.0352855866349957,0.1374788886431273,0.1524,10.404948650719305,1.5709841628737065,1.9370068808541419,3.8740137617082837,14.584699016582743,0.8420125190401792
96,5Iron,A,four3,truth,16,4,16.49235813308122,14.196999999999997,57.93628796480906,56.177827827840886,2.295358133081221,-1.2836082456117563,-1.2489570469919633,0.034651198619793044,0.1524,10.404948650719305,1.5709841628737065,1.9370068808541419,3.8740137617082837,14.584699016582743,0.8420125190401792
96,5Iron,A,four3_path_tdm,truth,16,4,-2.4887100757233314,14.196999999999997,57.93628796480906,56.177827827840886,-16.68571007572333,-1.4518153491132741,-1.25951974266457,0.19229560644870425,0.1524,10.404948650719305,1.5709841628737065,1.9370068808541419,3.8740137617082837,14.584699016582743,0.8420125190401792
96,5Iron,A,four3_path_tdm_neg,truth,16,4,16.516683342467427,14.196999999999997,57.93628796480906,56.177827827840886,2.31968334246743,-1.2733294603888947,-1.2392815888338369,0.03404787155505784,0.1524,10.404948650719305,1.5709841628737065,1.9370068808541419,3.8740137617082837,14.584699016582743,0.8420125190401792
96,5Iron,A,four4_path_tdm,truth,16,4,9.85895167073688,14.196999999999997,57.93628796480906,56.177827827840886,-4.338048329263117,-1.8567328681974706,-1.7968505407231528,0.059882327474317876,0.1524,10.404948650719305,1.5709841628737065,1.9370068808541419,3.8740137617082837,14.584699016582743,0.8420125190401792
96,5Iron,A,four4_path_tdm_neg,truth,16,4,9.858951670737323,14.196999999999997,57.93628796480906,56.177827827840886,-4.338048329262675,-1.8567328681974735,-1.7968505407231516,0.05988232747432187,0.1524,10.404948650719305,1.5709841628737065,1.9370068808541419,3.8740137617082837,14.584699016582743,0.8420125190401792
96,5Iron,A,tx_later4,truth,16,4,8.489526110494447,14.196999999999997,57.93628796480906,56.177827827840886,-5.70747388950555,-2.0235063366182415,-1.9454740820734067,0.07803225454483487,0.1524,10.404948650719305,1.5709841628737065,1.9370068808541419,3.8740137617082837,14.584699016582743,0.8420125190401792
96,5Iron,A,tx_earlier4,truth,16,4,10.41569893895876,14.196999999999997,57.93628796480906,56.177827827840886,-3.781301061041237,-1.5298643818220048,-1.490203483474531,0.03966089834747377,0.1524,10.404948650719305,1.5709841628737065,1.9370068808541419,3.8740137617082837,14.584699016582743,0.8420125190401792
97,5Iron,A,two8,truth,16,4,6.714531360682124,14.368000000000002,56.95280159503608,55.24302226726476,-7.653468639317878,-1.7092251799053875,-1.2107437405009027,0.49848143940448475,0.1524,10.404948650719305,1.5709841628737065,1.9516237768788858,3.9032475537577715,14.695206365077336,0.836547611268714
97,5Iron,A,two8_path_tdm,truth,16,4,-2.6340104943746847,14.368000000000002,56.95280159503608,55.24302226726476,-17.002010494374687,-1.8113745604318483,-1.2127287468223709,0.5986458136094774,0.1524,10.404948650719305,1.5709841628737065,1.9516237768788858,3.9032475537577715,14.695206365077336,0.836547611268714
97,5Iron,A,two8_path_tdm_neg,truth,16,4,-2.493367322440004,14.368000000000002,56.95280159503608,55.24302226726476,-16.861367322440007,-1.7015487985428583,-1.209263301747745,0.49228549679511335,0.1524,10.404948650719305,1.5709841628737065,1.9516237768788858,3.9032475537577715,14.695206365077336,0.836547611268714
97,5Iron,A,four3,truth,16,4,16.67246411127136,14.368000000000002,56.95280159503608,55.24302226726476,2.3044641112713578,-1.7527667951621408,-1.6957349275910993,0.057031867571041506,0.1524,10.404948650719305,1.5709841628737065,1.9516237768788858,3.9032475537577715,14.695206365077336,0.836547611268714
97,5Iron,A,four3_path_tdm,truth,16,4,16.68980549948655,14.368000000000002,56.95280159503608,55.24302226726476,2.3218054994865476,-1.7653403954680584,-1.7086580957192061,0.056682299748852305,0.1524,10.404948650719305,1.5709841628737065,1.9516237768788858,3.9032475537577715,14.695206365077336,0.836547611268714
97,5Iron,A,four3_path_tdm_neg,truth,16,4,16.661369555385296,14.368000000000002,56.95280159503608,55.24302226726476,2.2933695553852935,-1.7409607865469487,-1.68339025204529,0.05757053450165883,0.1524,10.404948650719305,1.5709841628737065,1.9516237768788858,3.9032475537577715,14.695206365077336,0.836547611268714
97,5Iron,A,four4_path_tdm,truth,16,4,13.947413902854628,14.368000000000002,56.95280159503608,55.24302226726476,-0.42058609714537454,-2.2033194473162974,-2.2024172844588312,0.0009021628574661378,0.1524,10.404948650719305,1.5709841628737065,1.9516237768788858,3.9032475537577715,14.695206365077336,0.836547611268714
97,5Iron,A,four4_path_tdm_neg,truth,16,4,13.947413902854711,14.368000000000002,56.95280159503608,55.24302226726476,-0.42058609714529105,-2.203319447316297,-2.20241728445883,0.000902162857467026,0.1524,10.404948650719305,1.5709841628737065,1.9516237768788858,3.9032475537577715,14.695206365077336,0.836547611268714
97,5Iron,A,tx_later4,truth,16,4,11.501736499358156,14.368000000000002,56.95280159503608,55.24302226726476,-2.866263500641846,-2.8318425304330046,-2.740688109739776,0.09115442069322865,0.1524,10.404948650719305,1.5709841628737065,1.9516237768788858,3.9032475537577715,14.695206365077336,0.836547611268714
97,5Iron,A,tx_earlier4,truth,16,4,14.030946950658791,14.368000000000002,56.95280159503608,55.24302226726476,-0.33705304934121116,-1.692762034256614,-1.692482418027779,0.00027961622883498904,0.1524,10.404948650719305,1.5709841628737065,1.9516237768788858,3.9032475537577715,14.695206365077336,0.836547611268714
98,5Iron,A,two8,truth,17,5,12.633332730858527,14.74200000000001,59.05388611227838,57.17589581846707,-2.108667269141483,-1.6549565949692657,-1.6073487712735646,0.04760782369570116,0.1524,10.404948650719305,1.5709841628737065,2.0490738298257094,4.098147659651419,15.434208507583765,0.81335466805409
98,5Iron,A,two8_path_tdm,truth,17,5,13.3221620550055,14.74200000000001,59.05388611227838,57.17589581846707,-1.4198379449945104,-1.6619998057644119,-1.6165501972903962,0.04544960847401569,0.1524,10.404948650719305,1.5709841628737065,2.0490738298257094,4.098147659651419,15.434208507583765,0.81335466805409
98,5Iron,A,two8_path_tdm_neg,truth,17,5,12.519655895325261,14.74200000000001,59.05388611227838,57.17589581846707,-2.2223441046747485,-1.650686955370189,-1.5989553714425186,0.05173158392767041,0.1524,10.404948650719305,1.5709841628737065,2.0490738298257094,4.098147659651419,15.434208507583765,0.81335466805409
98,5Iron,A,four3,truth,17,5,11.187884290712567,14.74200000000001,59.05388611227838,57.17589581846707,-3.5541157092874425,-1.6614773325847054,-1.614762604300934,0.046714728283771434,0.1524,10.404948650719305,1.5709841628737065,2.0490738298257094,4.098147659651419,15.434208507583765,0.81335466805409
98,5Iron,A,four3_path_tdm,truth,17,5,11.216555960311613,14.74200000000001,59.05388611227838,57.17589581846707,-3.525444039688397,-1.6667958571485268,-1.6209155195359155,0.045880337612611344,0.1524,10.404948650719305,1.5709841628737065,2.0490738298257094,4.098147659651419,15.434208507583765,0.81335466805409
98,5Iron,A,four3_path_tdm_neg,truth,17,5,11.177078087465004,14.74200000000001,59.05388611227838,57.17589581846707,-3.564921912535006,-1.656344228545152,-1.6101277590305112,0.04621646951464076,0.1524,10.404948650719305,1.5709841628737065,2.0490738298257094,4.098147659651419,15.434208507583765,0.81335466805409
98,5Iron,A,four4_path_tdm,truth,17,5,13.377177487849385,14.74200000000001,59.05388611227838,57.17589581846707,-1.3648225121506243,-1.8633959364223571,-1.8565992349267009,0.006796701495656254,0.1524,10.404948650719305,1.5709841628737065,2.0490738298257094,4.098147659651419,15.434208507583765,0.81335466805409
98,5Iron,A,four4_path_tdm_neg,truth,17,5,13.377177487850108,14.74200000000001,59.05388611227838,57.17589581846707,-1.3648225121499014,-1.8633959364223593,-1.8565992349266989,0.006796701495660473,0.1524,10.404948650719305,1.5709841628737065,2.0490738298257094,4.098147659651419,15.434208507583765,0.81335466805409
98,5Iron,A,tx_later4,truth,17,5,13.552119771279061,14.74200000000001,59.05388611227838,57.17589581846707,-1.1898802287209485,-2.068254379422591,-2.057091425466907,0.01116295395568434,0.1524,10.404948650719305,1.5709841628737065,2.0490738298257094,4.098147659651419,15.434208507583765,0.81335466805409
98,5Iron,A,tx_earlier4,truth,17,5,13.362397260145364,14.74200000000001,59.05388611227838,57.17589581846707,-1.3796027398546453,-1.842856175894692,-1.836475139416001,0.006381036478690927,0.1524,10.404948650719305,1.5709841628737065,2.0490738298257094,4.098147659651419,15.434208507583765,0.81335466805409
99,5Iron,A,two8,truth,19,5,10.134578392737513,14.71499999999999,58.47273507559434,56.6371797113006,-4.580421607262476,-1.5539205352052192,-1.2595992854444602,0.294321249760759,0.1524,10.404948650719305,1.5709841628737065,2.069316851266989,4.138633702533978,15.588137354243273,0.8102372342042677
99,5Iron,A,two8_path_tdm,truth,19,5,10.121859575096398,14.71499999999999,58.47273507559434,56.6371797113006,-4.593140424903591,-1.5572148606547749,-1.2576376339551765,0.2995772266995984,0.1524,10.404948650719305,1.5709841628737065,2.069316851266989,4.138633702533978,15.588137354243273,0.8102372342042677
99,5Iron,A,two8_path_tdm_neg,truth,19,5,10.141822985369936,14.71499999999999,58.47273507559434,56.6371797113006,-4.573177014630053,-1.550609379445628,-1.2615050624508122,0.28910431699481576,0.1524,10.404948650719305,1.5709841628737065,2.069316851266989,4.138633702533978,15.588137354243273,0.8102372342042677
99,5Iron,A,four3,truth,19,5,14.664876301737458,14.71499999999999,58.47273507559434,56.6371797113006,-0.05012369826253149,-1.498051603573364,-1.497727708209305,0.0003238953640589681,0.1524,10.404948650719305,1.5709841628737065,2.069316851266989,4.138633702533978,15.588137354243273,0.8102372342042677
99,5Iron,A,four3_path_tdm,truth,19,5,14.657893338110103,14.71499999999999,58.47273507559434,56.6371797113006,-0.05710666188988611,-1.5051870587454625,-1.5045247689625865,0.0006622897828760799,0.1524,10.404948650719305,1.5709841628737065,2.069316851266989,4.138633702533978,15.588137354243273,0.8102372342042677
99,5Iron,A,four3_path_tdm_neg,truth,19,5,14.664345384261317,14.71499999999999,58.47273507559434,56.6371797113006,-0.05065461573867225,-1.4904700822987125,-1.4900650751228095,0.00040500717590297164,0.1524,10.404948650719305,1.5709841628737065,2.069316851266989,4.138633702533978,15.588137354243273,0.8102372342042677
99,5Iron,A,four4_path_tdm,truth,19,5,16.574275057011953,14.71499999999999,58.47273507559434,56.6371797113006,1.8592750570119634,-1.862258029296956,-1.8376399112005792,0.024618118096376707,0.1524,10.404948650719305,1.5709841628737065,2.069316851266989,4.138633702533978,15.588137354243273,0.8102372342042677
99,5Iron,A,four4_path_tdm_neg,truth,19,5,16.574275057012,14.71499999999999,58.47273507559434,56.6371797113006,1.8592750570120096,-1.862258029296956,-1.8376399112005786,0.024618118096377373,0.1524,10.404948650719305,1.5709841628737065,2.069316851266989,4.138633702533978,15.588137354243273,0.8102372342042677
99,5Iron,A,tx_later4,truth,19,5,15.90712144604824,14.71499999999999,58.47273507559434,56.6371797113006,1.192121446048251,-1.9417388961359154,-1.9266488634790186,0.01509003265689679,0.1524,10.404948650719305,1.5709841628737065,2.069316851266989,4.138633702533978,15.588137354243273,0.8102372342042677
99,5Iron,A,tx_earlier4,truth,19,5,15.55013426560969,14.71499999999999,58.47273507559434,56.6371797113006,0.8351342656097014,-1.5159937341774143,-1.5135190135407626,0.0024747206366517727,0.1524,10.404948650719305,1.5709841628737065,2.069316851266989,4.138633702533978,15.588137354243273,0.8102372342042677
101,5Iron,A,two8,truth,16,4,10.154840603451047,14.392000000000003,57.08691337273239,55.92534376491948,-4.237159396548956,-1.3395651091638294,-1.16864743724971,0.17091767191411944,0.1524,10.404948650719305,1.5709841628737065,1.9135333155520295,3.827066631104059,14.40596371483836,0.8428939363622897
101,5Iron,A,two8_path_tdm,truth,16,4,10.159555510364212,14.392000000000003,57.08691337273239,55.92534376491948,-4.232444489635791,-1.3456069681388863,-1.1739147210322947,0.1716922471065916,0.1524,10.404948650719305,1.5709841628737065,1.9135333155520295,3.827066631104059,14.40596371483836,0.8428939363622897
101,5Iron,A,two8_path_tdm_neg,truth,16,4,10.155470196330988,14.392000000000003,57.08691337273239,55.92534376491948,-4.236529803669015,-1.3339019829499694,-1.1644460308593247,0.16945595209064468,0.1524,10.404948650719305,1.5709841628737065,1.9135333155520295,3.827066631104059,14.40596371483836,0.8428939363622897
101,5Iron,A,four3,truth,16,4,14.367248779149502,14.392000000000003,57.08691337273239,55.92534376491948,-0.024751220850500744,-1.2840622273766182,-1.2851035896282257,-0.0010413622516074472,0.1524,10.404948650719305,1.5709841628737065,1.9135333155520295,3.827066631104059,14.40596371483836,0.8428939363622897
101,5Iron,A,four3_path_tdm,truth,16,4,-2.1436644206353432,14.392000000000003,57.08691337273239,55.92534376491948,-16.535664420635346,-1.3828371562486075,-1.294965408497824,0.08787174775078355,0.1524,10.404948650719305,1.5709841628737065,1.9135333155520295,3.827066631104059,14.40596371483836,0.8428939363622897
101,5Iron,A,four3_path_tdm_neg,truth,16,4,14.409277193298387,14.392000000000003,57.08691337273239,55.92534376491948,0.01727719329838351,-1.2750362210136983,-1.274585939502634,0.0004502815110642988,0.1524,10.404948650719305,1.5709841628737065,1.9135333155520295,3.827066631104059,14.40596371483836,0.8428939363622897
101,5Iron,A,four4_path_tdm,truth,16,4,15.526999562452994,14.392000000000003,57.08691337273239,55.92534376491948,1.1349995624529914,-1.8802865294488496,-1.8749336612471597,0.005352868201689898,0.1524,10.404948650719305,1.5709841628737065,1.9135333155520295,3.827066631104059,14.40596371483836,0.8428939363622897
101,5Iron,A,four4_path_tdm_neg,truth,16,4,15.526999562453359,14.392000000000003,57.08691337273239,55.92534376491948,1.1349995624533555,-1.880286529448848,-1.8749336612471557,0.00535286820169234,0.1524,10.404948650719305,1.5709841628737065,1.9135333155520295,3.827066631104059,14.40596371483836,0.8428939363622897
101,5Iron,A,tx_later4,truth,16,4,15.046693892119077,14.392000000000003,57.08691337273239,55.92534376491948,0.6546938921190737,-1.9560082902487816,-1.953833846183432,0.0021744440653497232,0.1524,10.404948650719305,1.5709841628737065,1.9135333155520295,3.827066631104059,14.40596371483836,0.8428939363622897
101,5Iron,A,tx_earlier4,truth,16,4,17.362718304373082,14.392000000000003,57.08691337273239,55.92534376491948,2.9707183043730794,-1.5605017823829952,-1.5395217733850124,0.020980008997982802,0.1524,10.404948650719305,1.5709841628737065,1.9135333155520295,3.827066631104059,14.40596371483836,0.8428939363622897
103,Driver,A,two8,truth,12,3,7.072533455189613,10.004000000000007,66.20651425608196,65.04050420858877,-2.9314665448103936,-2.107712686431542,-1.978681133117833,0.1290315533137092,0.1524,10.404948650719305,1.5725731270754948,1.4680188300076558,2.9360376600153115,11.037954798479962,0.9924350878985017
103,Driver,A,two8_path_tdm,truth,12,3,7.1212828510384485,10.004000000000007,66.20651425608196,65.04050420858877,-2.882717148961558,-2.108414011641267,-1.9789658741888199,0.129448137452447,0.1524,10.404948650719305,1.5725731270754948,1.4680188300076558,2.9360376600153115,11.037954798479962,0.9924350878985017
103,Driver,A,two8_path_tdm_neg,truth,12,3,7.020009891508921,10.004000000000007,66.20651425608196,65.04050420858877,-2.983990108491086,-2.1070770894727455,-1.9781143799130414,0.12896270955970413,0.1524,10.404948650719305,1.5725731270754948,1.4680188300076558,2.9360376600153115,11.037954798479962,0.9924350878985017
103,Driver,A,four3,truth,12,3,12.983112740209735,10.004000000000007,66.20651425608196,65.04050420858877,2.979112740209729,-1.838924150681806,-1.8130747217358152,0.025849428945990738,0.1524,10.404948650719305,1.5725731270754948,1.4680188300076558,2.9360376600153115,11.037954798479962,0.9924350878985017
103,Driver,A,four3_path_tdm,truth,12,3,-3.701817401683115,10.004000000000007,66.20651425608196,65.04050420858877,-13.705817401683122,-1.8972146708075914,-1.8149549769978084,0.08225969380978304,0.1524,10.404948650719305,1.5725731270754948,1.4680188300076558,2.9360376600153115,11.037954798479962,0.9924350878985017
103,Driver,A,four3_path_tdm_neg,truth,12,3,13.129282577581991,10.004000000000007,66.20651425608196,65.04050420858877,3.1252825775819844,-1.8349460208373107,-1.81146592450992,0.023480096327390676,0.1524,10.404948650719305,1.5725731270754948,1.4680188300076558,2.9360376600153115,11.037954798479962,0.9924350878985017
103,Driver,A,four4_path_tdm,truth,12,3,12.885608356346665,10.004000000000007,66.20651425608196,65.04050420858877,2.881608356346659,-2.011803724631631,-1.9864379963867158,0.025365728244915342,0.1524,10.404948650719305,1.5725731270754948,1.4680188300076558,2.9360376600153115,11.037954798479962,0.9924350878985017
103,Driver,A,four4_path_tdm_neg,truth,12,3,12.885608356346886,10.004000000000007,66.20651425608196,65.04050420858877,2.881608356346879,-2.0118037246316303,-1.9864379963867167,0.025365728244913566,0.1524,10.404948650719305,1.5725731270754948,1.4680188300076558,2.9360376600153115,11.037954798479962,0.9924350878985017
103,Driver,A,tx_later4,truth,12,3,-2.6859138398854796,10.004000000000007,66.20651425608196,65.04050420858877,-12.689913839885486,-1.9465018556955274,-1.7822986766321243,0.1642031790634031,0.1524,10.404948650719305,1.5725731270754948,1.4680188300076558,2.9360376600153115,11.037954798479962,0.9924350878985017
103,Driver,A,tx_earlier4,truth,12,3,10.99578059651883,10.004000000000007,66.20651425608196,65.04050420858877,0.991780596518824,-2.007138773972693,-2.0047875468265213,0.0023512271461716416,0.1524,10.404948650719305,1.5725731270754948,1.4680188300076558,2.9360376600153115,11.037954798479962,0.9924350878985017
104,Driver,A,two8,truth,23,6,14.118285573444883,17.990000000000002,61.557305962609625,58.72067316160003,-3.871714426555119,-1.368383919832912,-1.1643020025454416,0.20408191728747038,0.1524,10.404948650719305,1.5725731270754948,2.5019463814999865,5.003892762999973,18.871953151609723,0.6913486647756732
104,Driver,A,two8_path_tdm,truth,23,6,14.127769640235925,17.990000000000002,61.557305962609625,58.72067316160003,-3.8622303597640766,-1.3716046233088368,-1.1736366920901349,0.19796793121870193,0.1524,10.404948650719305,1.5725731270754948,2.5019463814999865,5.003892762999973,18.871953151609723,0.6913486647756732
104,Driver,A,two8_path_tdm_neg,truth,23,6,14.114023767041402,17.990000000000002,61.557305962609625,58.72067316160003,-3.8759762329585996,-1.3655092959221349,-1.1560213436488977,0.20948795227323713,0.1524,10.404948650719305,1.5725731270754948,2.5019463814999865,5.003892762999973,18.871953151609723,0.6913486647756732
104,Driver,A,four3,truth,23,6,14.509492757586873,17.990000000000002,61.557305962609625,58.72067316160003,-3.480507242413129,-1.4202678156088184,-1.362914473051806,0.05735334255701252,0.1524,10.404948650719305,1.5725731270754948,2.5019463814999865,5.003892762999973,18.871953151609723,0.6913486647756732
104,Driver,A,four3_path_tdm,truth,23,6,14.645186302655283,17.990000000000002,61.557305962609625,58.72067316160003,-3.344813697344719,-1.4292130498366173,-1.3732165429791037,0.05599650685751367,0.1524,10.404948650719305,1.5725731270754948,2.5019463814999865,5.003892762999973,18.871953151609723,0.6913486647756732
104,Driver,A,four3_path_tdm_neg,truth,23,6,14.424811322827031,17.990000000000002,61.557305962609625,58.72067316160003,-3.565188677172971,-1.4119892712455921,-1.3510836535178958,0.060905617727696315,0.1524,10.404948650719305,1.5725731270754948,2.5019463814999865,5.003892762999973,18.871953151609723,0.6913486647756732
104,Driver,A,four4_path_tdm,truth,23,6,11.519563675509644,17.990000000000002,61.557305962609625,58.72067316160003,-6.4704363244903575,-1.5751379483579269,-1.4467416130147106,0.12839633534321626,0.1524,10.404948650719305,1.5725731270754948,2.5019463814999865,5.003892762999973,18.871953151609723,0.6913486647756732
104,Driver,A,four4_path_tdm_neg,truth,23,6,11.519563675509659,17.990000000000002,61.557305962609625,58.72067316160003,-6.470436324490343,-1.575137948357927,-1.4467416130147113,0.12839633534321582,0.1524,10.404948650719305,1.5725731270754948,2.5019463814999865,5.003892762999973,18.871953151609723,0.6913486647756732
104,Driver,A,tx_later4,truth,23,6,13.05205103900179,17.990000000000002,61.557305962609625,58.72067316160003,-4.937948960998211,-1.4239650913320692,-1.3790105406688697,0.04495455066319942,0.1524,10.404948650719305,1.5725731270754948,2.5019463814999865,5.003892762999973,18.871953151609723,0.6913486647756732
104,Driver,A,tx_earlier4,truth,23,6,10.089918090112691,17.990000000000002,61.557305962609625,58.72067316160003,-7.9000819098873105,-1.8815021752459575,-1.5764610386243862,0.3050411366215713,0.1524,10.404948650719305,1.5725731270754948,2.5019463814999865,5.003892762999973,18.871953151609723,0.6913486647756732
105,Driver,A,two8,truth,20,5,-5.0,5.857999999999973,64.32894936833353,62.482001443068725,-10.857999999999972,-1.9805071884994647,-1.8631018412654146,0.11740534723405016,0.1524,10.404948650719305,1.5725731270754948,1.044172718182057,2.088345436364114,7.846955185495891,1.2631332221367655
105,Driver,A,two8_path_tdm,truth,20,5,-1.9618087326396743,5.857999999999973,64.32894936833353,62.482001443068725,-7.819808732639647,-2.018149008349599,-1.8657010714598328,0.1524479368897662,0.1524,10.404948650719305,1.5725731270754948,1.044172718182057,2.088345436364114,7.846955185495891,1.2631332221367655
105,Driver,A,two8_path_tdm_neg,truth,20,5,-3.396296207156191,5.857999999999973,64.32894936833353,62.482001443068725,-9.254296207156164,-2.036795283767464,-1.8602853985316057,0.1765098852358582,0.1524,10.404948650719305,1.5725731270754948,1.044172718182057,2.088345436364114,7.846955185495891,1.2631332221367655
105,Driver,A,four3,truth,20,5,-2.2378571318407707,5.857999999999973,64.32894936833353,62.482001443068725,-8.095857131840743,-1.6360144469122324,-1.5974609625034109,0.03855348440882156,0.1524,10.404948650719305,1.5725731270754948,1.044172718182057,2.088345436364114,7.846955185495891,1.2631332221367655
105,Driver,A,four3_path_tdm,truth,20,5,-3.6757898787950447,5.857999999999973,64.32894936833353,62.482001443068725,-9.533789878795018,-1.6717560057338166,-1.599103360798967,0.07265264493484946,0.1524,10.404948650719305,1.5725731270754948,1.044172718182057,2.088345436364114,7.846955185495891,1.2631332221367655
105,Driver,A,four3_path_tdm_neg,truth,20,5,-1.387240685195234,5.857999999999973,64.32894936833353,62.482001443068725,-7.245240685195207,-1.7168096277240075,-1.5958351741733363,0.12097445355067116,0.1524,10.404948650719305,1.5725731270754948,1.044172718182057,2.088345436364114,7.846955185495891,1.2631332221367655
105,Driver,A,four4_path_tdm,truth,20,5,-5.0,5.857999999999973,64.32894936833353,62.482001443068725,-10.857999999999972,-2.1160287170581022,-2.092759297675443,0.02326941938265925,0.1524,10.404948650719305,1.5725731270754948,1.044172718182057,2.088345436364114,7.846955185495891,1.2631332221367655
105,Driver,A,four4_path_tdm_neg,truth,20,5,-5.0,5.857999999999973,64.32894936833353,62.482001443068725,-10.857999999999972,-2.1160287170584064,-2.092759297675443,0.023269419382963452,0.1524,10.404948650719305,1.5725731270754948,1.044172718182057,2.088345436364114,7.846955185495891,1.2631332221367655
105,Driver,A,tx_later4,truth,20,5,8.237277543877982,5.857999999999973,64.32894936833353,62.482001443068725,2.3792775438780085,-2.0684310701733284,-2.035706886503923,0.03272418366940544,0.1524,10.404948650719305,1.5725731270754948,1.044172718182057,2.088345436364114,7.846955185495891,1.2631332221367655
105,Driver,A,tx_earlier4,truth,20,5,-2.1547000056075025,5.857999999999973,64.32894936833353,62.482001443068725,-8.012700005607476,-2.110858211920198,-2.0243870413008143,0.08647117061938392,0.1524,10.404948650719305,1.5725731270754948,1.044172718182057,2.088345436364114,7.846955185495891,1.2631332221367655
112,Driver,A,two8,truth,12,3,7.348589272324885,10.008999999999974,68.57582232871691,66.71210258129634,-2.660410727675089,-1.6132122474943742,-1.5861846731687097,0.027027574325664494,0.1524,10.404948650719305,1.5725731270754948,1.3903005998755602,2.7806011997511204,10.449600011826398,1.0011940781634343
112,Driver,A,two8_path_tdm,truth,12,3,7.170382592185633,10.008999999999974,68.57582232871691,66.71210258129634,-2.8386174078143407,-1.6156414915298845,-1.583796535290646,0.03184495623923844,0.1524,10.404948650719305,1.5725731270754948,1.3903005998755602,2.7806011997511204,10.449600011826398,1.0011940781634343
112,Driver,A,two8_path_tdm_neg,truth,12,3,-2.3480166559884443,10.008999999999974,68.57582232871691,66.71210258129634,-12.357016655988417,-1.6530887570268062,-1.588978667117062,0.0641100899097442,0.1524,10.404948650719305,1.5725731270754948,1.3903005998755602,2.7806011997511204,10.449600011826398,1.0011940781634343
112,Driver,A,four3,truth,12,3,21.040360633614604,10.008999999999974,68.57582232871691,66.71210258129634,11.03136063361463,-1.7680224190403777,-1.4074080934390223,0.3606143256013554,0.1524,10.404948650719305,1.5725731270754948,1.3903005998755602,2.7806011997511204,10.449600011826398,1.0011940781634343
112,Driver,A,four3_path_tdm,truth,12,3,20.84252883471336,10.008999999999974,68.57582232871691,66.71210258129634,10.833528834713386,-1.774333485755215,-1.4130508202986845,0.36128266545653065,0.1524,10.404948650719305,1.5725731270754948,1.3903005998755602,2.7806011997511204,10.449600011826398,1.0011940781634343
112,Driver,A,four3_path_tdm_neg,truth,12,3,21.15986926164647,10.008999999999974,68.57582232871691,66.71210258129634,11.150869261646497,-1.7646344279873538,-1.4026434995077066,0.3619909284796472,0.1524,10.404948650719305,1.5725731270754948,1.3903005998755602,2.7806011997511204,10.449600011826398,1.0011940781634343
112,Driver,A,four4_path_tdm,truth,12,3,17.791129965521286,10.008999999999974,68.57582232871691,66.71210258129634,7.782129965521312,-1.691496592884168,-1.5735796119039829,0.11791698098018522,0.1524,10.404948650719305,1.5725731270754948,1.3903005998755602,2.7806011997511204,10.449600011826398,1.0011940781634343
112,Driver,A,four4_path_tdm_neg,truth,12,3,17.791129965521435,10.008999999999974,68.57582232871691,66.71210258129634,7.782129965521461,-1.6914965928841685,-1.5735796119039793,0.11791698098018921,0.1524,10.404948650719305,1.5725731270754948,1.3903005998755602,2.7806011997511204,10.449600011826398,1.0011940781634343
112,Driver,A,tx_later4,truth,12,3,12.577400830219345,10.008999999999974,68.57582232871691,66.71210258129634,2.568400830219371,-2.169987948523284,-2.1544310603884993,0.015556888134784508,0.1524,10.404948650719305,1.5725731270754948,1.3903005998755602,2.7806011997511204,10.449600011826398,1.0011940781634343
112,Driver,A,tx_earlier4,truth,12,3,27.714777850253032,10.008999999999974,68.57582232871691,66.71210258129634,17.705777850253057,-1.5076023906205307,-0.953044571745036,0.5545578188754947,0.1524,10.404948650719305,1.5725731270754948,1.3903005998755602,2.7806011997511204,10.449600011826398,1.0011940781634343
113,Driver,A,two8,truth,16,5,10.997715617615178,13.960999999999997,65.53595536760038,63.52557867311998,-2.9632843823848187,-1.9791678906682832,-1.7817365264156333,0.19743136425264995,0.1524,10.404948650719305,1.5725731270754948,1.9491502920374049,3.8983005840748097,14.674646970406412,0.8258946377695198
113,Driver,A,two8_path_tdm,truth,16,5,10.991922929496337,13.960999999999997,65.53595536760038,63.52557867311998,-2.96907707050366,-1.9812161976353895,-1.780189211343464,0.2010269862919254,0.1524,10.404948650719305,1.5725731270754948,1.9491502920374049,3.8983005840748097,14.674646970406412,0.8258946377695198
113,Driver,A,two8_path_tdm_neg,truth,16,5,11.005825662181712,13.960999999999997,65.53595536760038,63.52557867311998,-2.955174337818285,-1.9776057683649544,-1.784082627473537,0.1935231408914173,0.1524,10.404948650719305,1.5725731270754948,1.9491502920374049,3.8983005840748097,14.674646970406412,0.8258946377695198
113,Driver,A,four3,truth,16,5,12.305141761259472,13.960999999999997,65.53595536760038,63.52557867311998,-1.6558582387405245,-1.960121148189587,-1.93971945847684,0.02040168971274703,0.1524,10.404948650719305,1.5725731270754948,1.9491502920374049,3.8983005840748097,14.674646970406412,0.8258946377695198
113,Driver,A,four3_path_tdm,truth,16,5,12.331138586456312,13.960999999999997,65.53595536760038,63.52557867311998,-1.6298614135436846,-1.9662790701404886,-1.946303473934171,0.019975596206317725,0.1524,10.404948650719305,1.5725731270754948,1.9491502920374049,3.8983005840748097,14.674646970406412,0.8258946377695198
113,Driver,A,four3_path_tdm_neg,truth,16,5,12.2840926872353,13.960999999999997,65.53595536760038,63.52557867311998,-1.6769073127646976,-1.9545693600855372,-1.933820884284217,0.02074847580132011,0.1524,10.404948650719305,1.5725731270754948,1.9491502920374049,3.8983005840748097,14.674646970406412,0.8258946377695198
113,Driver,A,four4_path_tdm,truth,16,5,8.518684904397956,13.960999999999997,65.53595536760038,63.52557867311998,-5.442315095602041,-2.2951440972834587,-2.1858405837795973,0.10930351350386136,0.1524,10.404948650719305,1.5725731270754948,1.9491502920374049,3.8983005840748097,14.674646970406412,0.8258946377695198
113,Driver,A,four4_path_tdm_neg,truth,16,5,8.518684904397748,13.960999999999997,65.53595536760038,63.52557867311998,-5.442315095602249,-2.2951440972834605,-2.1858405837795996,0.10930351350386092,0.1524,10.404948650719305,1.5725731270754948,1.9491502920374049,3.8983005840748097,14.674646970406412,0.8258946377695198
113,Driver,A,tx_later4,truth,16,5,5.935674929502084,13.960999999999997,65.53595536760038,63.52557867311998,-8.025325070497914,-2.4432199517035644,-2.2323869579419777,0.2108329937615867,0.1524,10.404948650719305,1.5725731270754948,1.9491502920374049,3.8983005840748097,14.674646970406412,0.8258946377695198
113,Driver,A,tx_earlier4,truth,16,5,9.7740316213243,13.960999999999997,65.53595536760038,63.52557867311998,-4.186968378675697,-2.2560067089803786,-2.2228121295627745,0.033194579417604064,0.1524,10.404948650719305,1.5725731270754948,1.9491502920374049,3.8983005840748097,14.674646970406412,0.8258946377695198
114,Driver,A,two8,truth,18,5,14.335756614714722,14.620999999999993,68.754638032312,66.41769366658134,-0.2852433852852716,-1.5319965574574348,-1.5307287737793682,0.0012677836780665697,0.1524,10.404948650719305,1.5725731270754948,2.16559499209531,4.33118998419062,16.31789028523732,0.7810483268166849
114,Driver,A,two8_path_tdm,truth,18,5,14.357521338525059,14.620999999999993,68.754638032312,66.41769366658134,-0.2634786614749345,-1.5375544320270933,-1.536304991792519,0.001249440234574406,0.1524,10.404948650719305,1.5725731270754948,2.16559499209531,4.33118998419062,16.31789028523732,0.7810483268166849
114,Driver,A,two8_path_tdm_neg,truth,18,5,14.32590993891893,14.620999999999993,68.754638032312,66.41769366658134,-0.29509006108106384,-1.5274461391645802,-1.5261801394699661,0.0012659996946140506,0.1524,10.404948650719305,1.5725731270754948,2.16559499209531,4.33118998419062,16.31789028523732,0.7810483268166849
114,Driver,A,four3,truth,18,5,12.163041766384552,14.620999999999993,68.754638032312,66.41769366658134,-2.4579582336154413,-1.74481552790983,-1.7056429970559086,0.03917253085392147,0.1524,10.404948650719305,1.5725731270754948,2.16559499209531,4.33118998419062,16.31789028523732,0.7810483268166849
114,Driver,A,four3_path_tdm,truth,18,5,12.298885008326128,14.620999999999993,68.754638032312,66.41769366658134,-2.3221149916738657,-1.757954490648649,-1.7228629325471911,0.03509155810145792,0.1524,10.404948650719305,1.5725731270754948,2.16559499209531,4.33118998419062,16.31789028523732,0.7810483268166849
114,Driver,A,four3_path_tdm_neg,truth,18,5,12.044579464693593,14.620999999999993,68.754638032312,66.41769366658134,-2.5764205353064007,-1.732412076001697,-1.6894396424427573,0.04297243355893965,0.1524,10.404948650719305,1.5725731270754948,2.16559499209531,4.33118998419062,16.31789028523732,0.7810483268166849
114,Driver,A,four4_path_tdm,truth,18,5,12.841242155238419,14.620999999999993,68.754638032312,66.41769366658134,-1.7797578447615745,-2.0802452803669196,-2.0562930891180544,0.023952191248865162,0.1524,10.404948650719305,1.5725731270754948,2.16559499209531,4.33118998419062,16.31789028523732,0.7810483268166849
114,Driver,A,four4_path_tdm_neg,truth,18,5,12.841242155238653,14.620999999999993,68.754638032312,66.41769366658134,-1.77975784476134,-2.080245280366921,-2.0562930891180544,0.023952191248866495,0.1524,10.404948650719305,1.5725731270754948,2.16559499209531,4.33118998419062,16.31789028523732,0.7810483268166849
114,Driver,A,tx_later4,truth,18,5,11.23863080335508,14.620999999999993,68.754638032312,66.41769366658134,-3.3823691966449125,-2.0980656946851024,-2.0504517242549394,0.04761397043016302,0.1524,10.404948650719305,1.5725731270754948,2.16559499209531,4.33118998419062,16.31789028523732,0.7810483268166849
114,Driver,A,tx_earlier4,truth,18,5,13.94105557814341,14.620999999999993,68.754638032312,66.41769366658134,-0.6799444218565842,-1.8720381112616977,-1.8696683636499603,0.0023697476117374716,0.1524,10.404948650719305,1.5725731270754948,2.16559499209531,4.33118998419062,16.31789028523732,0.7810483268166849
115,SandWedge,A,two8,truth,28,7,28.894999434328962,31.661999999999985,31.33745205503947,28.836434147209175,-2.7670005656710224,-1.8342390409066127,-1.5408322656878348,0.2934067752187779,0.1524,10.404948650719305,1.5709841628737065,3.8724657626442394,7.744931525288479,29.397005873423044,0.4753926341898024
115,SandWedge,A,two8_path_tdm,truth,28,7,28.927804063980307,31.661999999999985,31.33745205503947,28.836434147209175,-2.7341959360196775,-1.8438880697964042,-1.5488800737129527,0.2950079960834515,0.1524,10.404948650719305,1.5709841628737065,3.8724657626442394,7.744931525288479,29.397005873423044,0.4753926341898024
115,SandWedge,A,two8_path_tdm_neg,truth,28,7,28.82651522508884,31.661999999999985,31.33745205503947,28.836434147209175,-2.8354847749111443,-1.818024827463035,-1.5281672976140332,0.2898575298490018,0.1524,10.404948650719305,1.5709841628737065,3.8724657626442394,7.744931525288479,29.397005873423044,0.4753926341898024
115,SandWedge,A,four3,truth,28,7,28.545585926568357,31.661999999999985,31.33745205503947,28.836434147209175,-3.1164140734316277,-2.054933858155014,-1.7892215663557243,0.26571229179928957,0.1524,10.404948650719305,1.5709841628737065,3.8724657626442394,7.744931525288479,29.397005873423044,0.4753926341898024
115,SandWedge,A,four3_path_tdm,truth,28,7,28.5300117695386,31.661999999999985,31.33745205503947,28.836434147209175,-3.131988230461385,-2.0698044116312357,-1.7953792484161515,0.27442516321508426,0.1524,10.404948650719305,1.5709841628737065,3.8724657626442394,7.744931525288479,29.397005873423044,0.4753926341898024
115,SandWedge,A,four3_path_tdm_neg,truth,28,7,28.560265364902396,31.661999999999985,31.33745205503947,28.836434147209175,-3.101734635097589,-2.0392996031252184,-1.7824711628939978,0.25682844023122064,0.1524,10.404948650719305,1.5709841628737065,3.8724657626442394,7.744931525288479,29.397005873423044,0.4753926341898024
115,SandWedge,A,four4_path_tdm,truth,28,7,27.45751756723924,31.661999999999985,31.33745205503947,28.836434147209175,-4.204482432760745,-2.1080856488242725,-1.9207280343665327,0.1873576144577398,0.1524,10.404948650719305,1.5709841628737065,3.8724657626442394,7.744931525288479,29.397005873423044,0.4753926341898024
115,SandWedge,A,four4_path_tdm_neg,truth,28,7,27.45751756723922,31.661999999999985,31.33745205503947,28.836434147209175,-4.204482432760766,-2.108085648824272,-1.9207280343665545,0.1873576144577176,0.1524,10.404948650719305,1.5709841628737065,3.8724657626442394,7.744931525288479,29.397005873423044,0.4753926341898024
115,SandWedge,A,tx_later4,truth,28,7,29.220135046851993,31.661999999999985,31.33745205503947,28.836434147209175,-2.4418649531479915,-2.1662503199029,-2.0653717087900483,0.10087861111285168,0.1524,10.404948650719305,1.5709841628737065,3.8724657626442394,7.744931525288479,29.397005873423044,0.4753926341898024
115,SandWedge,A,tx_earlier4,truth,28,7,25.36536227716836,31.661999999999985,31.33745205503947,28.836434147209175,-6.296637722831626,-2.063527507280895,-1.8656803306267487,0.19784717665414653,0.1524,10.404948650719305,1.5709841628737065,3.8724657626442394,7.744931525288479,29.397005873423044,0.4753926341898024
116,SandWedge,A,two8,truth,21,6,26.200596761076294,29.217000000000002,29.728110722683663,30.553232406976534,-3.016403238923708,-1.348990860201348,-1.1745498682334805,0.17444099196786755,0.1524,10.404948650719305,1.5709841628737065,3.3100337456237083,6.620067491247417,25.046198040024592,0.5376648972888615
116,SandWedge,A,two8_path_tdm,truth,21,6,26.178521161865714,29.217000000000002,29.728110722683663,30.553232406976534,-3.0384788381342887,-1.3430799826859576,-1.1692713462791626,0.173808636406795,0.1524,10.404948650719305,1.5709841628737065,3.3100337456237083,6.620067491247417,25.046198040024592,0.5376648972888615
116,SandWedge,A,two8_path_tdm_neg,truth,21,6,26.218012228989686,29.217000000000002,29.728110722683663,30.553232406976534,-2.9989877710103165,-1.355962641368923,-1.1817025921076239,0.17426004926129912,0.1524,10.404948650719305,1.5709841628737065,3.3100337456237083,6.620067491247417,25.046198040024592,0.5376648972888615
116,SandWedge,A,four3,truth,21,6,26.758402011885543,29.217000000000002,29.728110722683663,30.553232406976534,-2.458597988114459,-1.3781135054083522,-1.310706549896133,0.0674069555122192,0.1524,10.404948650719305,1.5709841628737065,3.3100337456237083,6.620067491247417,25.046198040024592,0.5376648972888615
116,SandWedge,A,four3_path_tdm,truth,21,6,26.96013476702838,29.217000000000002,29.728110722683663,30.553232406976534,-2.2568652329716237,-1.3870072540888578,-1.3236931562996161,0.06331409778924169,0.1524,10.404948650719305,1.5709841628737065,3.3100337456237083,6.620067491247417,25.046198040024592,0.5376648972888615
116,SandWedge,A,four3_path_tdm_neg,truth,21,6,26.664424324939908,29.217000000000002,29.728110722683663,30.553232406976534,-2.552575675060094,-1.374477128254755,-1.3010097086222567,0.07346741963249825,0.1524,10.404948650719305,1.5709841628737065,3.3100337456237083,6.620067491247417,25.046198040024592,0.5376648972888615
116,SandWedge,A,four4_path_tdm,truth,21,6,24.229426257157844,29.217000000000002,29.728110722683663,30.553232406976534,-4.987573742842159,-1.4510784647617057,-1.3582203770748247,0.09285808768688097,0.1524,10.404948650719305,1.5709841628737065,3.3100337456237083,6.620067491247417,25.046198040024592,0.5376648972888615
116,SandWedge,A,four4_path_tdm_neg,truth,21,6,24.229426257157844,29.217000000000002,29.728110722683663,30.553232406976534,-4.987573742842159,-1.451078464761706,-1.358220377074823,0.0928580876868832,0.1524,10.404948650719305,1.5709841628737065,3.3100337456237083,6.620067491247417,25.046198040024592,0.5376648972888615
116,SandWedge,A,tx_later4,truth,21,6,23.372987183937717,29.217000000000002,29.728110722683663,30.553232406976534,-5.8440128160622855,-1.6947544071685332,-1.5248715870646954,0.16988282010383782,0.1524,10.404948650719305,1.5709841628737065,3.3100337456237083,6.620067491247417,25.046198040024592,0.5376648972888615
116,SandWedge,A,tx_earlier4,truth,21,6,25.80382928109188,29.217000000000002,29.728110722683663,30.553232406976534,-3.4131707189081233,-1.592659618807927,-1.542791742301472,0.049867876506454856,0.1524,10.404948650719305,1.5709841628737065,3.3100337456237083,6.620067491247417,25.046198040024592,0.5376648972888615
117,SandWedge,A,two8,truth,20,5,26.384150161981427,30.729999999999986,33.79616797947195,31.204397850742673,-4.345849838018559,-1.9602876364813213,-1.3305547556994592,0.6297328807818621,0.1524,10.404948650719305,1.5709841628737065,3.524188126309047,7.048376252618094,26.69652477231528,0.5106154543428811
117,SandWedge,A,two8_path_tdm,truth,20,5,26.391717275671354,30.729999999999986,33.79616797947195,31.204397850742673,-4.338282724328632,-1.9669463247934345,-1.3365776977088282,0.6303686270846063,0.1524,10.404948650719305,1.5709841628737065,3.524188126309047,7.048376252618094,26.69652477231528,0.5106154543428811
117,SandWedge,A,two8_path_tdm_neg,truth,20,5,26.375367093934905,30.729999999999986,33.79616797947195,31.204397850742673,-4.354632906065081,-1.953078153341108,-1.3251431059260055,0.6279350474151024,0.1524,10.404948650719305,1.5709841628737065,3.524188126309047,7.048376252618094,26.69652477231528,0.5106154543428811
117,SandWedge,A,four3,truth,20,5,26.732067083213888,30.729999999999986,33.79616797947195,31.204397850742673,-3.997932916786098,-2.1898503239951106,-1.7259628497182269,0.4638874742768837,0.1524,10.404948650719305,1.5709841628737065,3.524188126309047,7.048376252618094,26.69652477231528,0.5106154543428811
117,SandWedge,A,four3_path_tdm,truth,20,5,26.547207251719247,30.729999999999986,33.79616797947195,31.204397850742673,-4.18279274828074,-2.2020333774388767,-1.7182424874279651,0.4837908900109116,0.1524,10.404948650719305,1.5709841628737065,3.524188126309047,7.048376252618094,26.69652477231528,0.5106154543428811
117,SandWedge,A,four3_path_tdm_neg,truth,20,5,26.76585409351603,30.729999999999986,33.79616797947195,31.204397850742673,-3.9641459064839566,-2.177281589757345,-1.7324275727388911,0.44485401701845384,0.1524,10.404948650719305,1.5709841628737065,3.524188126309047,7.048376252618094,26.69652477231528,0.5106154543428811
117,SandWedge,A,four4_path_tdm,truth,20,5,25.011889831592963,30.729999999999986,33.79616797947195,31.204397850742673,-5.718110168407023,-2.1463899623345326,-1.970016117772078,0.17637384456245453,0.1524,10.404948650719305,1.5709841628737065,3.524188126309047,7.048376252618094,26.69652477231528,0.5106154543428811
117,SandWedge,A,four4_path_tdm_neg,truth,20,5,25.01188983159295,30.729999999999986,33.79616797947195,31.204397850742673,-5.718110168407037,-2.146389962334532,-1.970016117772078,0.17637384456245409,0.1524,10.404948650719305,1.5709841628737065,3.524188126309047,7.048376252618094,26.69652477231528,0.5106154543428811
117,SandWedge,A,tx_later4,truth,20,5,26.238205901505914,30.729999999999986,33.79616797947195,31.204397850742673,-4.491794098494072,-2.3711150589187957,-2.1239648363949835,0.24715022252381225,0.1524,10.404948650719305,1.5709841628737065,3.524188126309047,7.048376252618094,26.69652477231528,0.5106154543428811
117,SandWedge,A,tx_earlier4,truth,20,5,25.536818045993737,30.729999999999986,33.79616797947195,31.204397850742673,-5.193181954006249,-2.2484776687196764,-1.8940376992515617,0.3544399694681146,0.1524,10.404948650719305,1.5709841628737065,3.524188126309047,7.048376252618094,26.69652477231528,0.5106154543428811
118,SandWedge,A,two8,truth,28,7,30.51416897614086,33.168000000000006,32.544458054306325,27.391119567093856,-2.653831023859148,-1.327570190843423,-1.1156995316629732,0.21187065918044978,0.1524,10.404948650719305,1.5709841628737065,3.9849769800591184,7.969953960118237,30.26995334610673,0.4620312690066585
118,SandWedge,A,two8_path_tdm,truth,28,7,30.520410369016446,33.168000000000006,32.544458054306325,27.391119567093856,-2.6475896309835605,-1.3446974654791113,-1.1292640330481327,0.21543343243097857,0.1524,10.404948650719305,1.5709841628737065,3.9849769800591184,7.969953960118237,30.26995334610673,0.4620312690066585
118,SandWedge,A,two8_path_tdm_neg,truth,28,7,30.534955266594466,33.168000000000006,32.544458054306325,27.391119567093856,-2.6330447334055407,-1.3102092598589203,-1.1036401809122094,0.20656907894671095,0.1524,10.404948650719305,1.5709841628737065,3.9849769800591184,7.969953960118237,30.26995334610673,0.4620312690066585
118,SandWedge,A,four3,truth,28,7,31.376268468884195,33.168000000000006,32.544458054306325,27.391119567093856,-1.7917315311158113,-1.5806315137510865,-1.4666484640545048,0.11398304969658168,0.1524,10.404948650719305,1.5709841628737065,3.9849769800591184,7.969953960118237,30.26995334610673,0.4620312690066585
118,SandWedge,A,four3_path_tdm,truth,28,7,31.403909811294728,33.168000000000006,32.544458054306325,27.391119567093856,-1.7640901887052785,-1.5947935613851105,-1.4823630206529734,0.1124305407321371,0.1524,10.404948650719305,1.5709841628737065,3.9849769800591184,7.969953960118237,30.26995334610673,0.4620312690066585
118,SandWedge,A,four3_path_tdm_neg,truth,28,7,31.329337669881774,33.168000000000006,32.544458054306325,27.391119567093856,-1.8386623301182325,-1.5662151790801313,-1.4497708488656664,0.11644433021446488,0.1524,10.404948650719305,1.5709841628737065,3.9849769800591184,7.969953960118237,30.26995334610673,0.4620312690066585
118,SandWedge,A,four4_path_tdm,truth,28,7,31.841246008766237,33.168000000000006,32.544458054306325,27.391119567093856,-1.326753991233769,-1.9534970013750836,-1.9235437517077563,0.029953249667327375,0.1524,10.404948650719305,1.5709841628737065,3.9849769800591184,7.969953960118237,30.26995334610673,0.4620312690066585
118,SandWedge,A,four4_path_tdm_neg,truth,28,7,31.84124600876625,33.168000000000006,32.544458054306325,27.391119567093856,-1.3267539912337547,-1.953497001375084,-1.9235437517077558,0.029953249667328263,0.1524,10.404948650719305,1.5709841628737065,3.9849769800591184,7.969953960118237,30.26995334610673,0.4620312690066585
118,SandWedge,A,tx_later4,truth,28,7,32.672950310478036,33.168000000000006,32.544458054306325,27.391119567093856,-0.49504968952197004,-1.9169524711868031,-1.9129561171594993,0.003996354027303806,0.1524,10.404948650719305,1.5709841628737065,3.9849769800591184,7.969953960118237,30.26995334610673,0.4620312690066585
118,SandWedge,A,tx_earlier4,truth,28,7,32.498485094450295,33.168000000000006,32.544458054306325,27.391119567093856,-0.6695149055497112,-2.038077288766668,-2.015093761937522,0.022983526829145617,0.1524,10.404948650719305,1.5709841628737065,3.9849769800591184,7.969953960118237,30.26995334610673,0.4620312690066585
119,SandWedge,A,two8,truth,24,6,25.22156250203308,26.353999999999992,33.125609090990366,31.457996680962957,-1.1324374979669116,-1.0447109496851015,-1.0214890622053103,0.023221887479791148,0.1524,10.404948650719305,1.5709841628737065,3.1897268056889527,6.3794536113779055,24.126409774219685,0.5608317966675292
119,SandWedge,A,two8_path_tdm,truth,24,6,25.235002603032427,26.353999999999992,33.125609090990366,31.457996680962957,-1.1189973969675648,-1.0510391823878475,-1.0283513813719674,0.022687801015880193,0.1524,10.404948650719305,1.5709841628737065,3.1897268056889527,6.3794536113779055,24.126409774219685,0.5608317966675292
119,SandWedge,A,two8_path_tdm_neg,truth,24,6,25.190256612257553,26.353999999999992,33.125609090990366,31.457996680962957,-1.1637433877424392,-1.039414336665021,-1.0169325903004902,0.02248174636453082,0.1524,10.404948650719305,1.5709841628737065,3.1897268056889527,6.3794536113779055,24.126409774219685,0.5608317966675292
119,SandWedge,A,four3,truth,24,6,20.550563816505075,26.353999999999992,33.125609090990366,31.457996680962957,-5.803436183494917,-1.5068994226109964,-1.4463828915883286,0.06051653102266785,0.1524,10.404948650719305,1.5709841628737065,3.1897268056889527,6.3794536113779055,24.126409774219685,0.5608317966675292
119,SandWedge,A,four3_path_tdm,truth,24,6,20.63232989162987,26.353999999999992,33.125609090990366,31.457996680962957,-5.721670108370123,-1.517398697969769,-1.4587693670226078,0.05862933094716105,0.1524,10.404948650719305,1.5709841628737065,3.1897268056889527,6.3794536113779055,24.126409774219685,0.5608317966675292
119,SandWedge,A,four3_path_tdm_neg,truth,24,6,20.40271525321167,26.353999999999992,33.125609090990366,31.457996680962957,-5.951284746788321,-1.496985375946262,-1.4343019837333928,0.06268339221286912,0.1524,10.404948650719305,1.5709841628737065,3.1897268056889527,6.3794536113779055,24.126409774219685,0.5608317966675292
119,SandWedge,A,four4_path_tdm,truth,24,6,21.713917629584785,26.353999999999992,33.125609090990366,31.457996680962957,-4.640082370415207,-1.580698792429773,-1.5159945487318207,0.06470424369795236,0.1524,10.404948650719305,1.5709841628737065,3.1897268056889527,6.3794536113779055,24.126409774219685,0.5608317966675292
119,SandWedge,A,four4_path_tdm_neg,truth,24,6,21.713917629584785,26.353999999999992,33.125609090990366,31.457996680962957,-4.640082370415207,-1.5806987924297733,-1.5159945487318207,0.06470424369795258,0.1524,10.404948650719305,1.5709841628737065,3.1897268056889527,6.3794536113779055,24.126409774219685,0.5608317966675292
119,SandWedge,A,tx_later4,truth,24,6,25.343911431886117,26.353999999999992,33.125609090990366,31.457996680962957,-1.0100885681138756,-1.6708718930641755,-1.651236461112693,0.01963543195148243,0.1524,10.404948650719305,1.5709841628737065,3.1897268056889527,6.3794536113779055,24.126409774219685,0.5608317966675292
119,SandWedge,A,tx_earlier4,truth,24,6,16.201301187711113,26.353999999999992,33.125609090990366,31.457996680962957,-10.152698812288879,-1.6607196428241073,-1.5650511233967233,0.09566851942738408,0.1524,10.404948650719305,1.5709841628737065,3.1897268056889527,6.3794536113779055,24.126409774219685,0.5608317966675292
120,SandWedge,A,two8,truth,28,7,24.874494768750754,27.744999999999997,31.113932425545606,29.06312767179844,-2.8705052312492434,-1.8325470505718984,-1.6314638518105695,0.20108319876132885,0.1524,10.404948650719305,1.5709841628737065,3.4623416439668486,6.924683287933697,26.225448184121255,0.526106820898689
120,SandWedge,A,two8_path_tdm,truth,28,7,24.872348466300927,27.744999999999997,31.113932425545606,29.06312767179844,-2.87265153369907,-1.842932954458004,-1.638463859747201,0.204469094710803,0.1524,10.404948650719305,1.5709841628737065,3.4623416439668486,6.924683287933697,26.225448184121255,0.526106820898689
120,SandWedge,A,two8_path_tdm_neg,truth,28,7,24.870844086919014,27.744999999999997,31.113932425545606,29.06312767179844,-2.8741559130809833,-1.8228410478638928,-1.6248574867775398,0.19798356108635295,0.1524,10.404948650719305,1.5709841628737065,3.4623416439668486,6.924683287933697,26.225448184121255,0.526106820898689
120,SandWedge,A,four3,truth,28,7,24.305786286602846,27.744999999999997,31.113932425545606,29.06312767179844,-3.4392137133971517,-2.0693981209530765,-1.8372750017623523,0.23212311919072426,0.1524,10.404948650719305,1.5709841628737065,3.4623416439668486,6.924683287933697,26.225448184121255,0.526106820898689
120,SandWedge,A,four3_path_tdm,truth,28,7,24.318951047186996,27.744999999999997,31.113932425545606,29.06312767179844,-3.4260489528130016,-2.0794214760781022,-1.848248661571682,0.23117281450642024,0.1524,10.404948650719305,1.5709841628737065,3.4623416439668486,6.924683287933697,26.225448184121255,0.526106820898689
120,SandWedge,A,four3_path_tdm_neg,truth,28,7,24.294533772980127,27.744999999999997,31.113932425545606,29.06312767179844,-3.45046622701987,-2.0603126557193567,-1.8271902679310121,0.2331223877883446,0.1524,10.404948650719305,1.5709841628737065,3.4623416439668486,6.924683287933697,26.225448184121255,0.526106820898689
120,SandWedge,A,four4_path_tdm,truth,28,7,22.92363370720793,27.744999999999997,31.113932425545606,29.06312767179844,-4.821366292792067,-2.141102354331774,-1.9640319507011963,0.1770704036305779,0.1524,10.404948650719305,1.5709841628737065,3.4623416439668486,6.924683287933697,26.225448184121255,0.526106820898689
120,SandWedge,A,four4_path_tdm_neg,truth,28,7,22.923633707208083,27.744999999999997,31.113932425545606,29.06312767179844,-4.8213662927919145,-2.141102354331775,-1.9640319507011468,0.17707040363062831,0.1524,10.404948650719305,1.5709841628737065,3.4623416439668486,6.924683287933697,26.225448184121255,0.526106820898689
120,SandWedge,A,tx_later4,truth,28,7,24.687791099240137,27.744999999999997,31.113932425545606,29.06312767179844,-3.0572089007598606,-1.9197543524208136,-1.800861252207413,0.1188931002134006,0.1524,10.404948650719305,1.5709841628737065,3.4623416439668486,6.924683287933697,26.225448184121255,0.526106820898689
120,SandWedge,A,tx_earlier4,truth,28,7,23.196016157660477,27.744999999999997,31.113932425545606,29.06312767179844,-4.548983842339521,-2.436126271333446,-2.1827748343429367,0.25335143699050944,0.1524,10.404948650719305,1.5709841628737065,3.4623416439668486,6.924683287933697,26.225448184121255,0.526106820898689
121,SandWedge,A,two8,truth,24,6,21.4530789875869,24.805000000000007,30.890412796051745,29.415892449724353,-3.351921012413108,-1.9137870601265643,-1.5358166393772092,0.37797042074935505,0.1524,10.404948650719305,1.5709841628737065,2.9119847378435315,5.823969475687063,21.99614029432109,0.6010643022550819
121,SandWedge,A,two8_path_tdm,truth,24,6,21.46832097519312,24.805000000000007,30.890412796051745,29.415892449724353,-3.3366790248068874,-1.9135431749721892,-1.538718442053838,0.37482473291835117,0.1524,10.404948650719305,1.5709841628737065,2.9119847378435315,5.823969475687063,21.99614029432109,0.6010643022550819
121,SandWedge,A,two8_path_tdm_neg,truth,24,6,21.44441175250279,24.805000000000007,30.890412796051745,29.415892449724353,-3.3605882474972155,-1.9147500920954348,-1.5338132731874314,0.38093681890800335,0.1524,10.404948650719305,1.5709841628737065,2.9119847378435315,5.823969475687063,21.99614029432109,0.6010643022550819
121,SandWedge,A,four3,truth,24,6,22.74785851137745,24.805000000000007,30.890412796051745,29.415892449724353,-2.0571414886225554,-2.300342644318441,-2.188771504128972,0.11157114018946901,0.1524,10.404948650719305,1.5709841628737065,2.9119847378435315,5.823969475687063,21.99614029432109,0.6010643022550819
121,SandWedge,A,four3_path_tdm,truth,24,6,22.645782965677586,24.805000000000007,30.890412796051745,29.415892449724353,-2.1592170343224204,-2.307613115908831,-2.192731864656064,0.11488125125276705,0.1524,10.404948650719305,1.5709841628737065,2.9119847378435315,5.823969475687063,21.99614029432109,0.6010643022550819
121,SandWedge,A,four3_path_tdm_neg,truth,24,6,22.801663586596227,24.805000000000007,30.890412796051745,29.415892449724353,-2.0033364134037797,-2.295107625139017,-2.185390258683937,0.1097173664550799,0.1524,10.404948650719305,1.5709841628737065,2.9119847378435315,5.823969475687063,21.99614029432109,0.6010643022550819
121,SandWedge,A,four4_path_tdm,truth,24,6,21.477410404349772,24.805000000000007,30.890412796051745,29.415892449724353,-3.3275895956502346,-2.2730099026719026,-2.148867208876031,0.1241426937958714,0.1524,10.404948650719305,1.5709841628737065,2.9119847378435315,5.823969475687063,21.99614029432109,0.6010643022550819
121,SandWedge,A,four4_path_tdm_neg,truth,24,6,21.477410404349765,24.805000000000007,30.890412796051745,29.415892449724353,-3.3275895956502417,-2.273009902671903,-2.148867208876032,0.12414269379587095,0.1524,10.404948650719305,1.5709841628737065,2.9119847378435315,5.823969475687063,21.99614029432109,0.6010643022550819
121,SandWedge,A,tx_later4,truth,24,6,22.709319970256026,24.805000000000007,30.890412796051745,29.415892449724353,-2.0956800297439813,-2.364536791789462,-2.2958590884317975,0.06867770335766465,0.1524,10.404948650719305,1.5709841628737065,2.9119847378435315,5.823969475687063,21.99614029432109,0.6010643022550819
121,SandWedge,A,tx_earlier4,truth,24,6,20.064171128395696,24.805000000000007,30.890412796051745,29.415892449724353,-4.740828871604311,-2.114230356180658,-1.9877608686224193,0.1264694875582386,0.1524,10.404948650719305,1.5709841628737065,2.9119847378435315,5.823969475687063,21.99614029432109,0.6010643022550819
122,SandWedge,A,two8,truth,24,6,27.844872286118125,31.036999999999985,31.069228499646837,27.266565734039325,-3.1921277138818596,-1.7196781245193034,-1.2954548625198077,0.42422326199949567,0.1524,10.404948650719305,1.5709841628737065,3.4249328883737884,6.849865776747577,25.929636526856708,0.5202917978149689
122,SandWedge,A,two8_path_tdm,truth,24,6,27.84894011420954,31.036999999999985,31.069228499646837,27.266565734039325,-3.1880598857904445,-1.728243039042616,-1.3046529043185824,0.4235901347240336,0.1524,10.404948650719305,1.5709841628737065,3.4249328883737884,6.849865776747577,25.929636526856708,0.5202917978149689
122,SandWedge,A,two8_path_tdm_neg,truth,24,6,27.814677375293087,31.036999999999985,31.069228499646837,27.266565734039325,-3.222322624706898,-1.7110413414214538,-1.2870686303858958,0.423972711035558,0.1524,10.404948650719305,1.5709841628737065,3.4249328883737884,6.849865776747577,25.929636526856708,0.5202917978149689
122,SandWedge,A,four3,truth,24,6,26.93916962521628,31.036999999999985,31.069228499646837,27.266565734039325,-4.097830374783705,-2.2882028103344862,-1.9491450539506843,0.339057756383802,0.1524,10.404948650719305,1.5709841628737065,3.4249328883737884,6.849865776747577,25.929636526856708,0.5202917978149689
122,SandWedge,A,four3_path_tdm,truth,24,6,26.950877088341848,31.036999999999985,31.069228499646837,27.266565734039325,-4.086122911658137,-2.2929177633706423,-1.9591024290619299,0.33381533430871246,0.1524,10.404948650719305,1.5709841628737065,3.4249328883737884,6.849865776747577,25.929636526856708,0.5202917978149689
122,SandWedge,A,four3_path_tdm_neg,truth,24,6,26.924824454089332,31.036999999999985,31.069228499646837,27.266565734039325,-4.112175545910652,-2.281647590429382,-1.9375524706680796,0.34409511976130225,0.1524,10.404948650719305,1.5709841628737065,3.4249328883737884,6.849865776747577,25.929636526856708,0.5202917978149689
122,SandWedge,A,four4_path_tdm,truth,24,6,27.081632717974646,31.036999999999985,31.069228499646837,27.266565734039325,-3.955367282025339,-2.14913372068457,-2.0121781566622325,0.13695556402233766,0.1524,10.404948650719305,1.5709841628737065,3.4249328883737884,6.849865776747577,25.929636526856708,0.5202917978149689
122,SandWedge,A,four4_path_tdm_neg,truth,24,6,27.08163271797462,31.036999999999985,31.069228499646837,27.266565734039325,-3.955367282025364,-2.1491337206845706,-2.012178156662233,0.13695556402233766,0.1524,10.404948650719305,1.5709841628737065,3.4249328883737884,6.849865776747577,25.929636526856708,0.5202917978149689
122,SandWedge,A,tx_later4,truth,24,6,27.448763778925926,31.036999999999985,31.069228499646837,27.266565734039325,-3.588236221074059,-2.4993609351088253,-2.28902617432317,0.21033476078565538,0.1524,10.404948650719305,1.5709841628737065,3.4249328883737884,6.849865776747577,25.929636526856708,0.5202917978149689
122,SandWedge,A,tx_earlier4,truth,24,6,26.119060231291982,31.036999999999985,31.069228499646837,27.266565734039325,-4.917939768708003,-1.8546574130784939,-1.6580010562157363,0.1966563568627575,0.1524,10.404948650719305,1.5709841628737065,3.4249328883737884,6.849865776747577,25.929636526856708,0.5202917978149689
123,SandWedge,A,two8,truth,29,8,26.128977506852728,29.30099999999999,36.567811385195846,33.55577069682823,-3.1720224931472636,-1.669568891140164,-1.3602587948985696,0.30931009624159445,0.1524,10.404948650719305,1.5709841628737065,3.7012055625709195,7.402411125141839,28.07152716809978,0.4972382779092419
123,SandWedge,A,two8_path_tdm,truth,29,8,26.134851862899513,29.30099999999999,36.567811385195846,33.55577069682823,-3.1661481371004783,-1.6746126326867583,-1.3676893864127164,0.3069232462740419,0.1524,10.404948650719305,1.5709841628737065,3.7012055625709195,7.402411125141839,28.07152716809978,0.4972382779092419
123,SandWedge,A,two8_path_tdm_neg,truth,29,8,26.124039866168726,29.30099999999999,36.567811385195846,33.55577069682823,-3.1769601338312654,-1.6653922615940813,-1.3536898043118657,0.3117024572822156,0.1524,10.404948650719305,1.5709841628737065,3.7012055625709195,7.402411125141839,28.07152716809978,0.4972382779092419
123,SandWedge,A,four3,truth,29,8,24.69583636996693,29.30099999999999,36.567811385195846,33.55577069682823,-4.605163630033061,-1.8734563064884815,-1.5662081503170842,0.30724815617139734,0.1524,10.404948650719305,1.5709841628737065,3.7012055625709195,7.402411125141839,28.07152716809978,0.4972382779092419
123,SandWedge,A,four3_path_tdm,truth,29,8,24.765177351862206,29.30099999999999,36.567811385195846,33.55577069682823,-4.535822648137785,-1.8774940233105286,-1.5794908861389525,0.2980031371715761,0.1524,10.404948650719305,1.5709841628737065,3.7012055625709195,7.402411125141839,28.07152716809978,0.4972382779092419
123,SandWedge,A,four3_path_tdm_neg,truth,29,8,24.620875154423214,29.30099999999999,36.567811385195846,33.55577069682823,-4.680124845576778,-1.8699131735820425,-1.5538393515920106,0.31607382199003187,0.1524,10.404948650719305,1.5709841628737065,3.7012055625709195,7.402411125141839,28.07152716809978,0.4972382779092419
123,SandWedge,A,four4_path_tdm,truth,29,8,25.055035673830744,29.30099999999999,36.567811385195846,33.55577069682823,-4.245964326169247,-1.9849236692228844,-1.7851199092410512,0.1998037599818332,0.1524,10.404948650719305,1.5709841628737065,3.7012055625709195,7.402411125141839,28.07152716809978,0.4972382779092419
123,SandWedge,A,four4_path_tdm_neg,truth,29,8,25.055035673830744,29.30099999999999,36.567811385195846,33.55577069682823,-4.245964326169247,-1.9849236692228844,-1.785119909241061,0.19980375998182343,0.1524,10.404948650719305,1.5709841628737065,3.7012055625709195,7.402411125141839,28.07152716809978,0.4972382779092419
123,SandWedge,A,tx_later4,truth,29,8,25.49706313977113,29.30099999999999,36.567811385195846,33.55577069682823,-3.8039368602288626,-1.8794119113562662,-1.7345446072118276,0.1448673041444386,0.1524,10.404948650719305,1.5709841628737065,3.7012055625709195,7.402411125141839,28.07152716809978,0.4972382779092419
123,SandWedge,A,tx_earlier4,truth,29,8,23.883727373527098,29.30099999999999,36.567811385195846,33.55577069682823,-5.417272626472894,-2.0406821712822936,-1.7662120459950845,0.27447012528720904,0.1524,10.404948650719305,1.5709841628737065,3.7012055625709195,7.402411125141839,28.07152716809978,0.4972382779092419
124,SandWedge,A,two8,truth,24,6,26.547902621806884,28.975,37.64070560676638,33.66567501422932,-2.4270973781931175,-1.6192576632305666,-1.4470565224351075,0.17220114079545912,0.1524,10.404948650719305,1.5709841628737065,3.497486384293025,6.99497276858605,26.495186275163086,0.5184960128241207
124,SandWedge,A,two8_path_tdm,truth,24,6,26.591661361358593,28.975,37.64070560676638,33.66567501422932,-2.3833386386414084,-1.6262896674998633,-1.4609412295607858,0.1653484379390775,0.1524,10.404948650719305,1.5709841628737065,3.497486384293025,6.99497276858605,26.495186275163086,0.5184960128241207
124,SandWedge,A,two8_path_tdm_neg,truth,24,6,26.507536727974625,28.975,37.64070560676638,33.66567501422932,-2.467463272025377,-1.6125847219813132,-1.4340603331857225,0.17852438879559074,0.1524,10.404948650719305,1.5709841628737065,3.497486384293025,6.99497276858605,26.495186275163086,0.5184960128241207
124,SandWedge,A,four3,truth,24,6,26.786552652274636,28.975,37.64070560676638,33.66567501422932,-2.188447347725365,-2.041452313743212,-1.925544729723633,0.1159075840195789,0.1524,10.404948650719305,1.5709841628737065,3.497486384293025,6.99497276858605,26.495186275163086,0.5184960128241207
124,SandWedge,A,four3_path_tdm,truth,24,6,26.749257745939275,28.975,37.64070560676638,33.66567501422932,-2.2257422540607266,-2.05113677992503,-1.9340961072753684,0.11704067264966156,0.1524,10.404948650719305,1.5709841628737065,3.497486384293025,6.99497276858605,26.495186275163086,0.5184960128241207
124,SandWedge,A,four3_path_tdm_neg,truth,24,6,26.796428225864524,28.975,37.64070560676638,33.66567501422932,-2.1785717741354773,-2.029591425680279,-1.914945674972304,0.114645750707975,0.1524,10.404948650719305,1.5709841628737065,3.497486384293025,6.99497276858605,26.495186275163086,0.5184960128241207
124,SandWedge,A,four4_path_tdm,truth,24,6,24.956583505001664,28.975,37.64070560676638,33.66567501422932,-4.018416494998338,-1.993770465902838,-1.8413977741621983,0.1523726917406396,0.1524,10.404948650719305,1.5709841628737065,3.497486384293025,6.99497276858605,26.495186275163086,0.5184960128241207
124,SandWedge,A,four4_path_tdm_neg,truth,24,6,24.956583505001657,28.975,37.64070560676638,33.66567501422932,-4.018416494998345,-1.993770465902838,-1.8413977741622023,0.1523726917406356,0.1524,10.404948650719305,1.5709841628737065,3.497486384293025,6.99497276858605,26.495186275163086,0.5184960128241207
124,SandWedge,A,tx_later4,truth,24,6,27.602741131208738,28.975,37.64070560676638,33.66567501422932,-1.3722588687912634,-1.9585190317982766,-1.9281318981048539,0.03038713369342272,0.1524,10.404948650719305,1.5709841628737065,3.497486384293025,6.99497276858605,26.495186275163086,0.5184960128241207
124,SandWedge,A,tx_earlier4,truth,24,6,20.310726323834466,28.975,37.64070560676638,33.66567501422932,-8.664273676165536,-2.438022988408185,-1.8642541777877997,0.5737688106203855,0.1524,10.404948650719305,1.5709841628737065,3.497486384293025,6.99497276858605,26.495186275163086,0.5184960128241207
130,9Iron (relabeled),B,two8,truth,13,4,19.165719440899142,22.888999999999974,45.73211619444419,46.20615528850821,-3.723280559100832,-0.9125315170423123,-0.7749407647435043,0.13759075229880802,0.5715,6.6,1.9073300055312925,6.678854341727836,13.357708683455671,13.102698597322604,1.6546091220894474
130,9Iron (relabeled),B,two8_path_tdm,truth,13,4,19.226413341379132,22.888999999999974,45.73211619444419,46.20615528850821,-3.6625866586208424,-0.914796851771489,-0.7857259009282502,0.12907095084323872,0.5715,6.6,1.9073300055312925,6.678854341727836,13.357708683455671,13.102698597322604,1.6546091220894474
130,9Iron (relabeled),B,two8_path_tdm_neg,truth,13,4,19.13616363682436,22.888999999999974,45.73211619444419,46.20615528850821,-3.7528363631756143,-0.9272078768550585,-0.7831989489546668,0.14400892790039166,0.5715,6.6,1.9073300055312925,6.678854341727836,13.357708683455671,13.102698597322604,1.6546091220894474
130,9Iron (relabeled),B,four3,truth,13,4,23.318681609448674,22.888999999999974,45.73211619444419,46.20615528850821,0.42968160944869993,-0.6875963110508688,-0.6867838703946163,0.0008124406562525222,0.5715,6.6,1.9073300055312925,6.678854341727836,13.357708683455671,13.102698597322604,1.6546091220894474
130,9Iron (relabeled),B,four3_path_tdm,truth,13,4,-5.0,22.888999999999974,45.73211619444419,46.20615528850821,-27.888999999999974,-0.7577986711729422,-0.6708853084037382,0.08691336276920403,0.5715,6.6,1.9073300055312925,6.678854341727836,13.357708683455671,13.102698597322604,1.6546091220894474
130,9Iron (relabeled),B,four3_path_tdm_neg,truth,13,4,22.933973641281483,22.888999999999974,45.73211619444419,46.20615528850821,0.04497364128150849,-0.732566315763048,-0.7325755188446799,-9.203081631881105e-06,0.5715,6.6,1.9073300055312925,6.678854341727836,13.357708683455671,13.102698597322604,1.6546091220894474
130,9Iron (relabeled),B,four4_path_tdm,truth,13,4,23.726240915178316,22.888999999999974,45.73211619444419,46.20615528850821,0.8372409151783415,-1.4546624095207075,-1.451852507099295,0.0028099024214125468,0.5715,6.6,1.9073300055312925,6.678854341727836,13.357708683455671,13.102698597322604,1.6546091220894474
130,9Iron (relabeled),B,four4_path_tdm_neg,truth,13,4,23.72624091517897,22.888999999999974,45.73211619444419,46.20615528850821,0.8372409151789952,-1.4546624095207052,-1.4518525070992958,0.002809902421409438,0.5715,6.6,1.9073300055312925,6.678854341727836,13.357708683455671,13.102698597322604,1.6546091220894474
130,9Iron (relabeled),B,tx_later4,truth,13,4,20.09754503902863,22.888999999999974,45.73211619444419,46.20615528850821,-2.7914549609713433,-1.4328038610667082,-1.3951024600890687,0.03770140097763952,0.5715,6.6,1.9073300055312925,6.678854341727836,13.357708683455671,13.102698597322604,1.6546091220894474
130,9Iron (relabeled),B,tx_earlier4,truth,13,4,26.5315412707353,22.888999999999974,45.73211619444419,46.20615528850821,3.6425412707353253,-1.4897783273464384,-1.4274382023137515,0.06234012503268693,0.5715,6.6,1.9073300055312925,6.678854341727836,13.357708683455671,13.102698597322604,1.6546091220894474
131,9Iron (relabeled),B,two8,truth,19,6,20.014619412646834,20.895000000000007,49.263726340447214,47.40927947969549,-0.8803805873531729,-1.1133901483585449,-1.0959902141392783,0.017399934219266555,0.5715,6.6,1.9073300055312925,8.644109543751878,17.288219087503755,17.11365102046774,1.6682298671661466
131,9Iron (relabeled),B,two8_path_tdm,truth,19,6,19.916388956762272,20.895000000000007,49.263726340447214,47.40927947969549,-0.9786110432377342,-1.1629693373927164,-1.142842540666604,0.020126796726112284,0.5715,6.6,1.9073300055312925,8.644109543751878,17.288219087503755,17.11365102046774,1.6682298671661466
131,9Iron (relabeled),B,two8_path_tdm_neg,truth,19,6,20.042999807878115,20.895000000000007,49.263726340447214,47.40927947969549,-0.852000192121892,-0.9646324842482462,-0.9481478115812362,0.016484672667010036,0.5715,6.6,1.9073300055312925,8.644109543751878,17.288219087503755,17.11365102046774,1.6682298671661466
131,9Iron (relabeled),B,four3,truth,19,6,20.77486757501562,20.895000000000007,49.263726340447214,47.40927947969549,-0.12013242498438714,-1.011221160111969,-1.0113989251828397,-0.0001777650708707501,0.5715,6.6,1.9073300055312925,8.644109543751878,17.288219087503755,17.11365102046774,1.6682298671661466
131,9Iron (relabeled),B,four3_path_tdm,truth,19,6,21.000402584493983,20.895000000000007,49.263726340447214,47.40927947969549,0.10540258449397655,-1.1188904756865172,-1.118824068385466,6.640730105123005e-05,0.5715,6.6,1.9073300055312925,8.644109543751878,17.288219087503755,17.11365102046774,1.6682298671661466
131,9Iron (relabeled),B,four3_path_tdm_neg,truth,19,6,-0.8284655593023396,20.895000000000007,49.263726340447214,47.40927947969549,-21.723465559302348,-0.901776962897955,-0.8269053372420316,0.07487162565592331,0.5715,6.6,1.9073300055312925,8.644109543751878,17.288219087503755,17.11365102046774,1.6682298671661466
131,9Iron (relabeled),B,four4_path_tdm,truth,19,6,16.741316707693713,20.895000000000007,49.263726340447214,47.40927947969549,-4.153683292306294,-1.1817200671355932,-1.1630001545388773,0.018719912596715904,0.5715,6.6,1.9073300055312925,8.644109543751878,17.288219087503755,17.11365102046774,1.6682298671661466
131,9Iron (relabeled),B,four4_path_tdm_neg,truth,19,6,16.74131670769267,20.895000000000007,49.263726340447214,47.40927947969549,-4.153683292307338,-1.1817200671355934,-1.163000154538877,0.018719912596716348,0.5715,6.6,1.9073300055312925,8.644109543751878,17.288219087503755,17.11365102046774,1.6682298671661466
131,9Iron (relabeled),B,tx_later4,truth,19,6,20.503867322257257,20.895000000000007,49.263726340447214,47.40927947969549,-0.39113267774274973,-1.2484658123061039,-1.2480971186200986,0.0003686936860052281,0.5715,6.6,1.9073300055312925,8.644109543751878,17.288219087503755,17.11365102046774,1.6682298671661466
131,9Iron (relabeled),B,tx_earlier4,truth,19,6,15.806085270941509,20.895000000000007,49.263726340447214,47.40927947969549,-5.088914729058498,-1.2407713818217307,-1.2237198323142582,0.017051549507472563,0.5715,6.6,1.9073300055312925,8.644109543751878,17.288219087503755,17.11365102046774,1.6682298671661466
132,9Iron (relabeled),B,two8,truth,22,7,16.40298051775644,18.08299999999998,41.440539308162045,41.26240080570217,-1.6800194822435408,-1.229043702991916,-1.1691199474603822,0.05992375553153373,0.5715,6.6,1.9073300055312925,7.918854097573447,15.837708195146893,15.689083949343956,1.7824523861683286
132,9Iron (relabeled),B,two8_path_tdm,truth,22,7,16.45009114748845,18.08299999999998,41.440539308162045,41.26240080570217,-1.6329088525115303,-1.2916207401047248,-1.2360549084989636,0.05556583160576123,0.5715,6.6,1.9073300055312925,7.918854097573447,15.837708195146893,15.689083949343956,1.7824523861683286
132,9Iron (relabeled),B,two8_path_tdm_neg,truth,22,7,16.35912974719855,18.08299999999998,41.440539308162045,41.26240080570217,-1.7238702528014294,-1.1359887978108676,-1.0694193662336366,0.06656943157723094,0.5715,6.6,1.9073300055312925,7.918854097573447,15.837708195146893,15.689083949343956,1.7824523861683286
132,9Iron (relabeled),B,four3,truth,22,7,16.366489039965156,18.08299999999998,41.440539308162045,41.26240080570217,-1.7165109600348245,-1.1537439417072588,-1.1448575285899512,0.008886413117307645,0.5715,6.6,1.9073300055312925,7.918854097573447,15.837708195146893,15.689083949343956,1.7824523861683286
132,9Iron (relabeled),B,four3_path_tdm,truth,22,7,16.57355043828496,18.08299999999998,41.440539308162045,41.26240080570217,-1.5094495617150194,-1.212710933185477,-1.2052016903975094,0.007509242787967718,0.5715,6.6,1.9073300055312925,7.918854097573447,15.837708195146893,15.689083949343956,1.7824523861683286
132,9Iron (relabeled),B,four3_path_tdm_neg,truth,22,7,-5.0,18.08299999999998,41.440539308162045,41.26240080570217,-23.08299999999998,-1.1032178696517456,-1.0658766441647998,0.03734122548694585,0.5715,6.6,1.9073300055312925,7.918854097573447,15.837708195146893,15.689083949343956,1.7824523861683286
132,9Iron (relabeled),B,four4_path_tdm,truth,22,7,19.073145346591275,18.08299999999998,41.440539308162045,41.26240080570217,0.9901453465912944,-1.1980529544915164,-1.195732558697388,0.0023203957941284603,0.5715,6.6,1.9073300055312925,7.918854097573447,15.837708195146893,15.689083949343956,1.7824523861683286
132,9Iron (relabeled),B,four4_path_tdm_neg,truth,22,7,19.073145346591232,18.08299999999998,41.440539308162045,41.26240080570217,0.9901453465912518,-1.1980529544915153,-1.195732558697387,0.0023203957941282383,0.5715,6.6,1.9073300055312925,7.918854097573447,15.837708195146893,15.689083949343956,1.7824523861683286
132,9Iron (relabeled),B,tx_later4,truth,22,7,13.466144111196813,18.08299999999998,41.440539308162045,41.26240080570217,-4.616855888803167,-1.2367030304055355,-1.217769182095838,0.018933848309697465,0.5715,6.6,1.9073300055312925,7.918854097573447,15.837708195146893,15.689083949343956,1.7824523861683286
132,9Iron (relabeled),B,tx_earlier4,truth,22,7,20.217967835742666,18.08299999999998,41.440539308162045,41.26240080570217,2.1349678357426853,-0.9822564744111851,-0.972291246158778,0.009965228252407088,0.5715,6.6,1.9073300055312925,7.918854097573447,15.837708195146893,15.689083949343956,1.7824523861683286
133,9Iron,B,two8,truth,14,6,20.557610484717422,21.477999999999987,47.47556930449632,47.012995679586254,-0.9203895152825652,-1.2076101260214311,-1.1876651422076132,0.01994498381381793,0.5715,6.6,1.9073300055312925,6.369203180156779,12.738406360313558,12.494969327204814,1.6879281203481342
133,9Iron,B,two8_path_tdm,truth,14,6,20.552138608486427,21.477999999999987,47.47556930449632,47.012995679586254,-0.9258613915135605,-1.2274308018434763,-1.2069197832386271,0.020511018604849163,0.5715,6.6,1.9073300055312925,6.369203180156779,12.738406360313558,12.494969327204814,1.6879281203481342
133,9Iron,B,two8_path_tdm_neg,truth,14,6,20.481077927218617,21.477999999999987,47.47556930449632,47.012995679586254,-0.9969220727813699,-1.1622142159697615,-1.1389879242851828,0.02322629168457868,0.5715,6.6,1.9073300055312925,6.369203180156779,12.738406360313558,12.494969327204814,1.6879281203481342
133,9Iron,B,four3,truth,14,6,19.141694673276742,21.477999999999987,47.47556930449632,47.012995679586254,-2.336305326723245,-1.1248332669000485,-1.076828286375424,0.04800498052462454,0.5715,6.6,1.9073300055312925,6.369203180156779,12.738406360313558,12.494969327204814,1.6879281203481342
133,9Iron,B,four3_path_tdm,truth,14,6,19.098003646456977,21.477999999999987,47.47556930449632,47.012995679586254,-2.37999635354301,-1.124432159157398,-1.073679352691215,0.050752806466183076,0.5715,6.6,1.9073300055312925,6.369203180156779,12.738406360313558,12.494969327204814,1.6879281203481342
133,9Iron,B,four3_path_tdm_neg,truth,14,6,19.017819778797687,21.477999999999987,47.47556930449632,47.012995679586254,-2.4601802212023003,-1.0909375821155158,-1.039213536806027,0.05172404530948893,0.5715,6.6,1.9073300055312925,6.369203180156779,12.738406360313558,12.494969327204814,1.6879281203481342
133,9Iron,B,four4_path_tdm,truth,14,6,19.986609646458685,21.477999999999987,47.47556930449632,47.012995679586254,-1.491390353541302,-1.325200916011664,-1.314963664733396,0.010237251278268023,0.5715,6.6,1.9073300055312925,6.369203180156779,12.738406360313558,12.494969327204814,1.6879281203481342
133,9Iron,B,four4_path_tdm_neg,truth,14,6,19.986609646458756,21.477999999999987,47.47556930449632,47.012995679586254,-1.491390353541231,-1.3252009160116616,-1.3149636647333949,0.01023725127826669,0.5715,6.6,1.9073300055312925,6.369203180156779,12.738406360313558,12.494969327204814,1.6879281203481342
133,9Iron,B,tx_later4,truth,14,6,20.93539372586263,21.477999999999987,47.47556930449632,47.012995679586254,-0.5426062741373556,-1.3535858319339198,-1.3520017388055559,0.0015840931283639392,0.5715,6.6,1.9073300055312925,6.369203180156779,12.738406360313558,12.494969327204814,1.6879281203481342
133,9Iron,B,tx_earlier4,truth,14,6,18.525045216322624,21.477999999999987,47.47556930449632,47.012995679586254,-2.952954783677363,-1.2939118325820926,-1.263903845821906,0.030007986760186567,0.5715,6.6,1.9073300055312925,6.369203180156779,12.738406360313558,12.494969327204814,1.6879281203481342
134,9Iron,B,two8,truth,16,5,14.752660760238468,15.599999999999998,48.32494389657299,41.964153774828745,-0.8473392397615296,-0.6465689886997503,-0.6393178996917299,0.007251089008020406,0.5715,6.6,1.9073300055312925,4.592198265479819,9.184396530959638,8.993174268791424,1.8432049410935831
134,9Iron,B,two8_path_tdm,truth,16,5,14.39504026286453,15.599999999999998,48.32494389657299,41.964153774828745,-1.204959737135468,-0.6212691129497104,-0.6057657521525094,0.015503360797201049,0.5715,6.6,1.9073300055312925,4.592198265479819,9.184396530959638,8.993174268791424,1.8432049410935831
134,9Iron,B,two8_path_tdm_neg,truth,16,5,14.932040241962518,15.599999999999998,48.32494389657299,41.964153774828745,-0.6679597580374796,-0.6537218195125691,-0.6491354657368574,0.0045863537757117046,0.5715,6.6,1.9073300055312925,4.592198265479819,9.184396530959638,8.993174268791424,1.8432049410935831
134,9Iron,B,four3,truth,16,5,14.485341301353696,15.599999999999998,48.32494389657299,41.964153774828745,-1.114658698646302,-0.4933582191091547,-0.49072188922354576,0.002636329885608968,0.5715,6.6,1.9073300055312925,4.592198265479819,9.184396530959638,8.993174268791424,1.8432049410935831
134,9Iron,B,four3_path_tdm,truth,16,5,14.753407223989036,15.599999999999998,48.32494389657299,41.964153774828745,-0.8465927760109615,-0.5181573737593883,-0.5166654398437928,0.0014919339155955447,0.5715,6.6,1.9073300055312925,4.592198265479819,9.184396530959638,8.993174268791424,1.8432049410935831
134,9Iron,B,four3_path_tdm_neg,truth,16,5,-0.3044830927541756,15.599999999999998,48.32494389657299,41.964153774828745,-15.904483092754173,-0.5295510957300389,-0.42748175899817153,0.10206933673186736,0.5715,6.6,1.9073300055312925,4.592198265479819,9.184396530959638,8.993174268791424,1.8432049410935831
134,9Iron,B,four4_path_tdm,truth,16,5,14.69776494772877,15.599999999999998,48.32494389657299,41.964153774828745,-0.9022350522712284,-0.22841807838297434,-0.2272028554171568,0.0012152229658175528,0.5715,6.6,1.9073300055312925,4.592198265479819,9.184396530959638,8.993174268791424,1.8432049410935831
134,9Iron,B,four4_path_tdm_neg,truth,16,5,14.697764947726233,15.599999999999998,48.32494389657299,41.964153774828745,-0.902235052273765,-0.2284180783829818,-0.2272028554171551,0.0012152229658267122,0.5715,6.6,1.9073300055312925,4.592198265479819,9.184396530959638,8.993174268791424,1.8432049410935831
134,9Iron,B,tx_later4,truth,16,5,17.46421124154222,15.599999999999998,48.32494389657299,41.964153774828745,1.8642112415422218,-0.4979772374892716,-0.4796128975181519,0.018364339971119692,0.5715,6.6,1.9073300055312925,4.592198265479819,9.184396530959638,8.993174268791424,1.8432049410935831
134,9Iron,B,tx_earlier4,truth,16,5,12.023428972841904,15.599999999999998,48.32494389657299,41.964153774828745,-3.576571027158094,-0.09627287983865829,-0.08856088185821509,0.007711997980443197,0.5715,6.6,1.9073300055312925,4.592198265479819,9.184396530959638,8.993174268791424,1.8432049410935831
137,9Iron,B,two8,truth,29,8,15.45553205001097,18.307,50.06839700662512,46.118199438797674,-2.851467949989029,-1.2776915234517898,-1.17060348707408,0.1070880363777098,0.5715,6.6,1.9073300055312925,7.374838450903987,14.749676901807973,14.57263870236687,1.767360709517417
137,9Iron,B,two8_path_tdm,truth,29,8,15.435708791590779,18.307,50.06839700662512,46.118199438797674,-2.87129120840922,-1.2818662961288105,-1.1688669658375022,0.11299933029130838,0.5715,6.6,1.9073300055312925,7.374838450903987,14.749676901807973,14.57263870236687,1.767360709517417
137,9Iron,B,two8_path_tdm_neg,truth,29,8,15.487205679352895,18.307,50.06839700662512,46.118199438797674,-2.8197943206471034,-1.2843945583187524,-1.183045130168992,0.10134942814976045,0.5715,6.6,1.9073300055312925,7.374838450903987,14.749676901807973,14.57263870236687,1.767360709517417
137,9Iron,B,four3,truth,29,8,18.308425226951226,18.307,50.06839700662512,46.118199438797674,0.0014252269512269322,-1.2575052950251524,-1.257676612415937,-0.00017131739078468655,0.5715,6.6,1.9073300055312925,7.374838450903987,14.749676901807973,14.57263870236687,1.767360709517417
137,9Iron,B,four3_path_tdm,truth,29,8,18.43083371211336,18.307,50.06839700662512,46.118199438797674,0.1238337121133597,-1.2830451896020705,-1.2829888546753638,5.633492670664708e-05,0.5715,6.6,1.9073300055312925,7.374838450903987,14.749676901807973,14.57263870236687,1.767360709517417
137,9Iron,B,four3_path_tdm_neg,truth,29,8,18.745074000700015,18.307,50.06839700662512,46.118199438797674,0.43807400070001634,-1.2719137457746652,-1.271317095565116,0.0005966502095491322,0.5715,6.6,1.9073300055312925,7.374838450903987,14.749676901807973,14.57263870236687,1.767360709517417
137,9Iron,B,four4_path_tdm,truth,29,8,19.715007780687962,18.307,50.06839700662512,46.118199438797674,1.4080077806879636,-1.1620360142651287,-1.1523361076679441,0.00969990659718456,0.5715,6.6,1.9073300055312925,7.374838450903987,14.749676901807973,14.57263870236687,1.767360709517417
137,9Iron,B,four4_path_tdm_neg,truth,29,8,19.71500778068772,18.307,50.06839700662512,46.118199438797674,1.408007780687722,-1.16203601426513,-1.152336107667945,0.009699906597185004,0.5715,6.6,1.9073300055312925,7.374838450903987,14.749676901807973,14.57263870236687,1.767360709517417
137,9Iron,B,tx_later4,truth,29,8,16.3612434142131,18.307,50.06839700662512,46.118199438797674,-1.9457565857868993,-1.165469876458571,-1.1560252978557382,0.009444578602832765,0.5715,6.6,1.9073300055312925,7.374838450903987,14.749676901807973,14.57263870236687,1.767360709517417
137,9Iron,B,tx_earlier4,truth,29,8,21.177108973256384,18.307,50.06839700662512,46.118199438797674,2.870108973256386,-1.1893749007564676,-1.1419061396236507,0.04746876113281684,0.5715,6.6,1.9073300055312925,7.374838450903987,14.749676901807973,14.57263870236687,1.767360709517417
142,9Iron,C,two8,truth,13,5,13.442858799450903,15.446,45.553300490849104,40.81541755378828,-2.0031412005490967,-0.9607427115390639,-0.9340656224696087,0.026677089069455207,0.2667,3.8,1.9065694611002244,3.4853184822120076,6.970636964424015,14.973932039641639,1.2687066380845444
142,9Iron,C,two8_path_tdm,truth,13,5,13.529088912347433,15.446,45.553300490849104,40.81541755378828,-1.9169110876525668,-0.9780644150875129,-0.9528997361942924,0.025164678893220493,0.2667,3.8,1.9065694611002244,3.4853184822120076,6.970636964424015,14.973932039641639,1.2687066380845444
142,9Iron,C,two8_path_tdm_neg,truth,13,5,13.354903006607868,15.446,45.553300490849104,40.81541755378828,-2.0910969933921315,-0.9427921835875548,-0.9145947042437962,0.028197479343758602,0.2667,3.8,1.9065694611002244,3.4853184822120076,6.970636964424015,14.973932039641639,1.2687066380845444
142,9Iron,C,four3,truth,13,5,21.261485323928415,15.446,45.553300490849104,40.81541755378828,5.815485323928415,-1.2655326324857057,-1.1358569469257116,0.1296756855599941,0.2667,3.8,1.9065694611002244,3.4853184822120076,6.970636964424015,14.973932039641639,1.2687066380845444
142,9Iron,C,four3_path_tdm,truth,13,5,21.205565594527496,15.446,45.553300490849104,40.81541755378828,5.759565594527496,-1.2857777680053968,-1.1511995956182515,0.1345781723871453,0.2667,3.8,1.9065694611002244,3.4853184822120076,6.970636964424015,14.973932039641639,1.2687066380845444
142,9Iron,C,four3_path_tdm_neg,truth,13,5,21.264399313475124,15.446,45.553300490849104,40.81541755378828,5.818399313475124,-1.2407792870534535,-1.1168809365736838,0.12389835047976971,0.2667,3.8,1.9065694611002244,3.4853184822120076,6.970636964424015,14.973932039641639,1.2687066380845444
142,9Iron,C,four4_path_tdm,truth,13,5,20.04382179156782,15.446,45.553300490849104,40.81541755378828,4.597821791567819,-1.429410185065096,-1.3298186405281023,0.0995915445369937,0.2667,3.8,1.9065694611002244,3.4853184822120076,6.970636964424015,14.973932039641639,1.2687066380845444
142,9Iron,C,four4_path_tdm_neg,truth,13,5,20.043821791567797,15.446,45.553300490849104,40.81541755378828,4.597821791567798,-1.4294101850650964,-1.3298186405281018,0.09959154453699459,0.2667,3.8,1.9065694611002244,3.4853184822120076,6.970636964424015,14.973932039641639,1.2687066380845444
142,9Iron,C,tx_later4,truth,13,5,21.954754569231973,15.446,45.553300490849104,40.81541755378828,6.508754569231973,-1.442366593707162,-1.194116564763243,0.2482500289439189,0.2667,3.8,1.9065694611002244,3.4853184822120076,6.970636964424015,14.973932039641639,1.2687066380845444
142,9Iron,C,tx_earlier4,truth,13,5,14.95784055141478,15.446,45.553300490849104,40.81541755378828,-0.4881594485852201,-1.5717817005437384,-1.5692940494559122,0.002487651087826226,0.2667,3.8,1.9065694611002244,3.4853184822120076,6.970636964424015,14.973932039641639,1.2687066380845444
144,9Iron,C,two8,truth,24,7,19.08854728300348,21.873,47.20734574910368,44.14002359194853,-2.7844527169965225,-1.612797833514159,-1.5132326576101849,0.09956517590397418,0.2667,3.8,1.9065694611002244,3.885020585328469,7.770041170656938,16.683835684357405,1.1084568950445928
144,9Iron,C,two8_path_tdm,truth,24,7,19.05253879897759,21.873,47.20734574910368,44.14002359194853,-2.820461201022411,-1.5993785309202235,-1.4999584781039417,0.09942005281628186,0.2667,3.8,1.9065694611002244,3.885020585328469,7.770041170656938,16.683835684357405,1.1084568950445928
144,9Iron,C,two8_path_tdm_neg,truth,24,7,18.98592694330569,21.873,47.20734574910368,44.14002359194853,-2.8870730566943124,-1.6226344876299013,-1.5223382466558506,0.10029624097405065,0.2667,3.8,1.9065694611002244,3.885020585328469,7.770041170656938,16.683835684357405,1.1084568950445928
144,9Iron,C,four3,truth,24,7,20.027412200797773,21.873,47.20734574910368,44.14002359194853,-1.845587799202228,-1.6038702437941457,-1.5817483675599375,0.022121876234208138,0.2667,3.8,1.9065694611002244,3.885020585328469,7.770041170656938,16.683835684357405,1.1084568950445928
144,9Iron,C,four3_path_tdm,truth,24,7,20.034322267725727,21.873,47.20734574910368,44.14002359194853,-1.8386777322742738,-1.5939521892293895,-1.571185142839323,0.022767046390066437,0.2667,3.8,1.9065694611002244,3.885020585328469,7.770041170656938,16.683835684357405,1.1084568950445928
144,9Iron,C,four3_path_tdm_neg,truth,24,7,19.96369124845883,21.873,47.20734574910368,44.14002359194853,-1.9093087515411717,-1.6095414894376248,-1.5889695201432048,0.020571969294419956,0.2667,3.8,1.9065694611002244,3.885020585328469,7.770041170656938,16.683835684357405,1.1084568950445928
144,9Iron,C,four4_path_tdm,truth,24,7,19.198103058530823,21.873,47.20734574910368,44.14002359194853,-2.6748969414691786,-1.589730646363183,-1.5708280662719833,0.018902580091199717,0.2667,3.8,1.9065694611002244,3.885020585328469,7.770041170656938,16.683835684357405,1.1084568950445928
144,9Iron,C,four4_path_tdm_neg,truth,24,7,19.198103058530954,21.873,47.20734574910368,44.14002359194853,-2.674896941469047,-1.5897306463631824,-1.570828066271982,0.018902580091200383,0.2667,3.8,1.9065694611002244,3.885020585328469,7.770041170656938,16.683835684357405,1.1084568950445928
144,9Iron,C,tx_later4,truth,24,7,21.16695749129275,21.873,47.20734574910368,44.14002359194853,-0.7060425087072524,-1.8588648593250068,-1.8530961221869693,0.005768737138037494,0.2667,3.8,1.9065694611002244,3.885020585328469,7.770041170656938,16.683835684357405,1.1084568950445928
144,9Iron,C,tx_earlier4,truth,24,7,10.56606356281432,21.873,47.20734574910368,44.14002359194853,-11.306936437185682,-1.3947190596149388,-1.2733627512246948,0.12135630839024403,0.2667,3.8,1.9065694611002244,3.885020585328469,7.770041170656938,16.683835684357405,1.1084568950445928
145,9Iron,C,two8,truth,22,6,17.29949119636718,21.694999999999986,48.727279229661946,46.43059895072574,-4.395508803632808,-1.4440522941309515,-1.2734560454437351,0.17059624868721635,0.2667,3.8,1.9065694611002244,3.658020269171658,7.316040538343316,15.697404809792104,1.1358249626659433
145,9Iron,C,two8_path_tdm,truth,22,6,17.23504791315045,21.694999999999986,48.727279229661946,46.43059895072574,-4.459952086849537,-1.435815781590823,-1.2614146029321989,0.17440117865862415,0.2667,3.8,1.9065694611002244,3.658020269171658,7.316040538343316,15.697404809792104,1.1358249626659433
145,9Iron,C,two8_path_tdm_neg,truth,22,6,17.316066333426292,21.694999999999986,48.727279229661946,46.43059895072574,-4.378933666573694,-1.4453225622671129,-1.2725133035659741,0.17280925870113872,0.2667,3.8,1.9065694611002244,3.658020269171658,7.316040538343316,15.697404809792104,1.1358249626659433
145,9Iron,C,four3,truth,22,6,16.220048724163373,21.694999999999986,48.727279229661946,46.43059895072574,-5.474951275836613,-1.472178015655481,-1.3785591572806097,0.09361885837487116,0.2667,3.8,1.9065694611002244,3.658020269171658,7.316040538343316,15.697404809792104,1.1358249626659433
145,9Iron,C,four3_path_tdm,truth,22,6,16.27052623708701,21.694999999999986,48.727279229661946,46.43059895072574,-5.4244737629129745,-1.4801622629745685,-1.3829584306268812,0.09720383234768737,0.2667,3.8,1.9065694611002244,3.658020269171658,7.316040538343316,15.697404809792104,1.1358249626659433
145,9Iron,C,four3_path_tdm_neg,truth,22,6,16.320506504686367,21.694999999999986,48.727279229661946,46.43059895072574,-5.374493495313619,-1.4612899038518872,-1.3751440101753527,0.08614589367653447,0.2667,3.8,1.9065694611002244,3.658020269171658,7.316040538343316,15.697404809792104,1.1358249626659433
145,9Iron,C,four4_path_tdm,truth,22,6,20.039669260647138,21.694999999999986,48.727279229661946,46.43059895072574,-1.6553307393528485,-1.3731281868283645,-1.3549906537364225,0.018137533091941993,0.2667,3.8,1.9065694611002244,3.658020269171658,7.316040538343316,15.697404809792104,1.1358249626659433
145,9Iron,C,four4_path_tdm_neg,truth,22,6,20.039669260647226,21.694999999999986,48.727279229661946,46.43059895072574,-1.6553307393527597,-1.3731281868283636,-1.3549906537364222,0.018137533091941327,0.2667,3.8,1.9065694611002244,3.658020269171658,7.316040538343316,15.697404809792104,1.1358249626659433
145,9Iron,C,tx_later4,truth,22,6,20.97073282846157,21.694999999999986,48.727279229661946,46.43059895072574,-0.7242671715384148,-1.6084840279386725,-1.6012158871911633,0.007268140747509255,0.2667,3.8,1.9065694611002244,3.658020269171658,7.316040538343316,15.697404809792104,1.1358249626659433
145,9Iron,C,tx_earlier4,truth,22,6,19.87033369755375,21.694999999999986,48.727279229661946,46.43059895072574,-1.8246663024462357,-1.0655065318587738,-1.0570136607837783,0.008492871074995412,0.2667,3.8,1.9065694611002244,3.658020269171658,7.316040538343316,15.697404809792104,1.1358249626659433
146,9Iron,C,two8,truth,28,7,-1.425821109563781,6.429999999999999,41.88757856714977,41.17516113785682,-7.85582110956378,-1.6241288871967328,-1.5390490498919471,0.08507983730478563,0.2667,3.8,1.9065694611002244,1.3950984566546865,2.790196913309373,5.9732465797321,1.87777919289151
146,9Iron,C,two8_path_tdm,truth,28,7,-1.5962798875039645,6.429999999999999,41.88757856714977,41.17516113785682,-8.026279887503964,-1.6326691917113665,-1.5389449078847193,0.09372428382664721,0.2667,3.8,1.9065694611002244,1.3950984566546865,2.790196913309373,5.9732465797321,1.87777919289151
146,9Iron,C,two8_path_tdm_neg,truth,28,7,-3.0794386121808195,6.429999999999999,41.88757856714977,41.17516113785682,-9.50943861218082,-1.7284807830288027,-1.5383410531995882,0.19013972982921445,0.2667,3.8,1.9065694611002244,1.3950984566546865,2.790196913309373,5.9732465797321,1.87777919289151
146,9Iron,C,four3,truth,28,7,-5.0,6.429999999999999,41.88757856714977,41.17516113785682,-11.43,-1.4624875119988314,-1.45183444114765,0.01065307085118139,0.2667,3.8,1.9065694611002244,1.3950984566546865,2.790196913309373,5.9732465797321,1.87777919289151
146,9Iron,C,four3_path_tdm,truth,28,7,0.0799456907467268,6.429999999999999,41.88757856714977,41.17516113785682,-6.350054309253272,-1.4622467652565407,-1.4488902324589918,0.013356532797548892,0.2667,3.8,1.9065694611002244,1.3950984566546865,2.790196913309373,5.9732465797321,1.87777919289151
146,9Iron,C,four3_path_tdm_neg,truth,28,7,-3.1291492458309644,6.429999999999999,41.88757856714977,41.17516113785682,-9.559149245830962,-1.5476814949888469,-1.4539194749112345,0.09376202007761236,0.2667,3.8,1.9065694611002244,1.3950984566546865,2.790196913309373,5.9732465797321,1.87777919289151
146,9Iron,C,four4_path_tdm,truth,28,7,13.942397608170424,6.429999999999999,41.88757856714977,41.17516113785682,7.512397608170425,-1.3266349579766465,-1.2903986103831022,0.03623634759354433,0.2667,3.8,1.9065694611002244,1.3950984566546865,2.790196913309373,5.9732465797321,1.87777919289151
146,9Iron,C,four4_path_tdm_neg,truth,28,7,13.942397608170474,6.429999999999999,41.88757856714977,41.17516113785682,7.512397608170475,-1.3266349579766457,-1.290398610383102,0.03623634759354366,0.2667,3.8,1.9065694611002244,1.3950984566546865,2.790196913309373,5.9732465797321,1.87777919289151
146,9Iron,C,tx_later4,truth,28,7,11.888567661804865,6.429999999999999,41.88757856714977,41.17516113785682,5.458567661804866,-1.3830839451614012,-1.3586950880850015,0.024388857076399706,0.2667,3.8,1.9065694611002244,1.3950984566546865,2.790196913309373,5.9732465797321,1.87777919289151
146,9Iron,C,tx_earlier4,truth,28,7,15.673046033228372,6.429999999999999,41.88757856714977,41.17516113785682,9.243046033228374,-1.3261890537738155,-1.319555079447461,0.006633974326354375,0.2667,3.8,1.9065694611002244,1.3950984566546865,2.790196913309373,5.9732465797321,1.87777919289151
147,9Iron,C,two8,truth,17,6,20.149740539562515,23.108,48.012016415281586,43.677943081386545,-2.9582594604374854,-1.023109466182374,-0.9037270939335817,0.11938237224879233,0.2667,3.8,1.9065694611002244,3.675342541465998,7.350685082931996,15.767970285182447,1.1186288371207325
147,9Iron,C,two8_path_tdm,truth,17,6,20.15063928651909,23.108,48.012016415281586,43.677943081386545,-2.9573607134809095,-1.019348366085015,-0.9005492692184628,0.1187990968665521,0.2667,3.8,1.9065694611002244,3.675342541465998,7.350685082931996,15.767970285182447,1.1186288371207325
147,9Iron,C,two8_path_tdm_neg,truth,17,6,20.178236165025744,23.108,48.012016415281586,43.677943081386545,-2.9297638349742563,-1.0246540456227475,-0.908704633475284,0.11594941214746357,0.2667,3.8,1.9065694611002244,3.675342541465998,7.350685082931996,15.767970285182447,1.1186288371207325
147,9Iron,C,four3,truth,17,6,23.354396513757944,23.108,48.012016415281586,43.677943081386545,0.24639651375794358,-0.8974751807411123,-0.8971385805128689,0.0003366002282434444,0.2667,3.8,1.9065694611002244,3.675342541465998,7.350685082931996,15.767970285182447,1.1186288371207325
147,9Iron,C,four3_path_tdm,truth,17,6,23.30136891365329,23.108,48.012016415281586,43.677943081386545,0.19336891365329123,-0.9175894604738793,-0.917455985045815,0.00013347542806430024,0.2667,3.8,1.9065694611002244,3.675342541465998,7.350685082931996,15.767970285182447,1.1186288371207325
147,9Iron,C,four3_path_tdm_neg,truth,17,6,23.388714568261722,23.108,48.012016415281586,43.677943081386545,0.2807145682617218,-0.8735802937513822,-0.87312494398466,0.00045534976672223504,0.2667,3.8,1.9065694611002244,3.675342541465998,7.350685082931996,15.767970285182447,1.1186288371207325
147,9Iron,C,four4_path_tdm,truth,17,6,24.62353857763659,23.108,48.012016415281586,43.677943081386545,1.5155385776365904,-0.6841085003785828,-0.6768066568753053,0.007301843503277561,0.2667,3.8,1.9065694611002244,3.675342541465998,7.350685082931996,15.767970285182447,1.1186288371207325
147,9Iron,C,four4_path_tdm_neg,truth,17,6,24.623538577636452,23.108,48.012016415281586,43.677943081386545,1.5155385776364518,-0.6841085003785837,-0.6768066568753074,0.00730184350327634,0.2667,3.8,1.9065694611002244,3.675342541465998,7.350685082931996,15.767970285182447,1.1186288371207325
147,9Iron,C,tx_later4,truth,17,6,23.419984499028878,23.108,48.012016415281586,43.677943081386545,0.3119844990288776,-0.585191472531387,-0.5849401182211545,0.0002513543102324878,0.2667,3.8,1.9065694611002244,3.675342541465998,7.350685082931996,15.767970285182447,1.1186288371207325
147,9Iron,C,tx_earlier4,truth,17,6,24.892566770398016,23.108,48.012016415281586,43.677943081386545,1.7845667703980155,-0.7363400336363398,-0.722716898431576,0.01362313520476377,0.2667,3.8,1.9065694611002244,3.675342541465998,7.350685082931996,15.767970285182447,1.1186288371207325
149,9Iron,C,two8,truth,18,5,21.807858097661086,23.08599999999999,50.560140191511614,48.528103736906644,-1.2781419023389056,-1.2543490186119477,-1.2258298941771542,0.02851912443479354,0.2667,3.8,1.9065694611002244,3.9106447558295954,7.821289511659191,16.789854936272548,1.091494468289352
149,9Iron,C,two8_path_tdm,truth,18,5,21.81894160291513,23.08599999999999,50.560140191511614,48.528103736906644,-1.2670583970848597,-1.2603740495022928,-1.2300761156533424,0.03029793384895041,0.2667,3.8,1.9065694611002244,3.9106447558295954,7.821289511659191,16.789854936272548,1.091494468289352
149,9Iron,C,two8_path_tdm_neg,truth,18,5,21.826884157862956,23.08599999999999,50.560140191511614,48.528103736906644,-1.2591158421370352,-1.2480686764255267,-1.2203044765014397,0.027764199924086963,0.2667,3.8,1.9065694611002244,3.9106447558295954,7.821289511659191,16.789854936272548,1.091494468289352
149,9Iron,C,four3,truth,18,5,24.04029756824243,23.08599999999999,50.560140191511614,48.528103736906644,0.9542975682424384,-1.0201379179277161,-1.0096790692481477,0.010458848679568478,0.2667,3.8,1.9065694611002244,3.9106447558295954,7.821289511659191,16.789854936272548,1.091494468289352
149,9Iron,C,four3_path_tdm,truth,18,5,23.98660550609531,23.08599999999999,50.560140191511614,48.528103736906644,0.9006055060953173,-1.0363114015121084,-1.0279193647481315,0.008392036763976929,0.2667,3.8,1.9065694611002244,3.9106447558295954,7.821289511659191,16.789854936272548,1.091494468289352
149,9Iron,C,four3_path_tdm_neg,truth,18,5,24.08882299319712,23.08599999999999,50.560140191511614,48.528103736906644,1.0028229931971282,-0.9957390986385637,-0.9832063885769078,0.012532710061655905,0.2667,3.8,1.9065694611002244,3.9106447558295954,7.821289511659191,16.789854936272548,1.091494468289352
149,9Iron,C,four4_path_tdm,truth,18,5,24.90429152466688,23.08599999999999,50.560140191511614,48.528103736906644,1.8182915246668898,-0.9463974346625978,-0.9290919014499164,0.017305533212681468,0.2667,3.8,1.9065694611002244,3.9106447558295954,7.821289511659191,16.789854936272548,1.091494468289352
149,9Iron,C,four4_path_tdm_neg,truth,18,5,24.904291524666892,23.08599999999999,50.560140191511614,48.528103736906644,1.8182915246669005,-0.9463974346625983,-0.9290919014499162,0.017305533212682134,0.2667,3.8,1.9065694611002244,3.9106447558295954,7.821289511659191,16.789854936272548,1.091494468289352
149,9Iron,C,tx_later4,truth,18,5,28.386412612308845,23.08599999999999,50.560140191511614,48.528103736906644,5.300412612308854,-1.1450502258343214,-1.10264925369046,0.042400972143861404,0.2667,3.8,1.9065694611002244,3.9106447558295954,7.821289511659191,16.789854936272548,1.091494468289352
149,9Iron,C,tx_earlier4,truth,18,5,26.1453170728872,23.08599999999999,50.560140191511614,48.528103736906644,3.0593170728872074,-0.8264861001225849,-0.8106872502534582,0.01579884986912672,0.2667,3.8,1.9065694611002244,3.9106447558295954,7.821289511659191,16.789854936272548,1.091494468289352
151,9Iron,C,two8,truth,24,7,16.012007451358482,19.529000000000003,46.0450436757356,42.896186746426594,-3.5169925486415217,-1.4721530596688133,-1.3547468913558547,0.11740616831295858,0.2667,3.8,1.9065694611002244,3.47170393579157,6.94340787158314,14.897427233347493,1.1866665438037967
151,9Iron,C,two8_path_tdm,truth,24,7,16.04180190527483,19.529000000000003,46.0450436757356,42.896186746426594,-3.487198094725173,-1.4657964621585173,-1.3522764094326998,0.11352005272581756,0.2667,3.8,1.9065694611002244,3.47170393579157,6.94340787158314,14.897427233347493,1.1866665438037967
151,9Iron,C,two8_path_tdm_neg,truth,24,7,15.963078200821288,19.529000000000003,46.0450436757356,42.896186746426594,-3.5659217991787155,-1.4726831377923126,-1.3544619346628157,0.11822120312949691,0.2667,3.8,1.9065694611002244,3.47170393579157,6.94340787158314,14.897427233347493,1.1866665438037967
151,9Iron,C,four3,truth,24,7,14.850622964661543,19.529000000000003,46.0450436757356,42.896186746426594,-4.67837703533846,-1.4185973643578755,-1.33779745003522,0.08079991432265543,0.2667,3.8,1.9065694611002244,3.47170393579157,6.94340787158314,14.897427233347493,1.1866665438037967
151,9Iron,C,four3_path_tdm,truth,24,7,14.648619146589308,19.529000000000003,46.0450436757356,42.896186746426594,-4.880380853410696,-1.4118059357515829,-1.3294424651270433,0.08236347062453953,0.2667,3.8,1.9065694611002244,3.47170393579157,6.94340787158314,14.897427233347493,1.1866665438037967
151,9Iron,C,four3_path_tdm_neg,truth,24,7,14.83089158290283,19.529000000000003,46.0450436757356,42.896186746426594,-4.698108417097174,-1.4260601080833255,-1.3454047851958066,0.08065532288751887,0.2667,3.8,1.9065694611002244,3.47170393579157,6.94340787158314,14.897427233347493,1.1866665438037967
151,9Iron,C,four4_path_tdm,truth,24,7,14.74314583528792,19.529000000000003,46.0450436757356,42.896186746426594,-4.785854164712083,-1.305735573526503,-1.287398413279475,0.01833716024702814,0.2667,3.8,1.9065694611002244,3.47170393579157,6.94340787158314,14.897427233347493,1.1866665438037967
151,9Iron,C,four4_path_tdm_neg,truth,24,7,14.743145835286839,19.529000000000003,46.0450436757356,42.896186746426594,-4.7858541647131645,-1.305735573526505,-1.2873984132794738,0.018337160247031248,0.2667,3.8,1.9065694611002244,3.47170393579157,6.94340787158314,14.897427233347493,1.1866665438037967
151,9Iron,C,tx_later4,truth,24,7,26.08822162329497,19.529000000000003,46.0450436757356,42.896186746426594,6.559221623294967,-1.6103603753316058,-1.507284594663627,0.10307578066797873,0.2667,3.8,1.9065694611002244,3.47170393579157,6.94340787158314,14.897427233347493,1.1866665438037967
151,9Iron,C,tx_earlier4,truth,24,7,9.996226110694673,19.529000000000003,46.0450436757356,42.896186746426594,-9.53277388930533,-1.2178365335489867,-1.1004793121023075,0.11735722144667915,0.2667,3.8,1.9065694611002244,3.47170393579157,6.94340787158314,14.897427233347493,1.1866665438037967
152,7Iron,C,two8,truth,19,6,15.645350080503624,16.805000000000007,52.30359330156374,51.3390514463998,-1.159649919496383,-1.4170823610830556,-1.4011687837229239,0.01591357736013177,0.2667,3.8,1.9065694611002244,3.022956024745782,6.045912049491564,12.961818811490733,1.2849602809781473
152,7Iron,C,two8_path_tdm,truth,19,6,15.562239704294248,16.805000000000007,52.30359330156374,51.3390514463998,-1.242760295705759,-1.4018887288614819,-1.382522576184078,0.019366152677403825,0.2667,3.8,1.9065694611002244,3.022956024745782,6.045912049491564,12.961818811490733,1.2849602809781473
152,7Iron,C,two8_path_tdm_neg,truth,19,6,15.743196216150755,16.805000000000007,52.30359330156374,51.3390514463998,-1.0618037838492516,-1.436880077442144,-1.4244828182290983,0.012397259213045686,0.2667,3.8,1.9065694611002244,3.022956024745782,6.045912049491564,12.961818811490733,1.2849602809781473
152,7Iron,C,four3,truth,19,6,13.114832118617038,16.805000000000007,52.30359330156374,51.3390514463998,-3.690167881382969,-1.3373490406242696,-1.3016568156137462,0.03569222501052338,0.2667,3.8,1.9065694611002244,3.022956024745782,6.045912049491564,12.961818811490733,1.2849602809781473
152,7Iron,C,four3_path_tdm,truth,19,6,13.196173345254737,16.805000000000007,52.30359330156374,51.3390514463998,-3.60882665474527,-1.320094486005127,-1.284237391950214,0.035857094054913,0.2667,3.8,1.9065694611002244,3.022956024745782,6.045912049491564,12.961818811490733,1.2849602809781473
152,7Iron,C,four3_path_tdm_neg,truth,19,6,13.168696030253919,16.805000000000007,52.30359330156374,51.3390514463998,-3.6363039697460877,-1.3594085739212431,-1.3250365760402145,0.034371997881028626,0.2667,3.8,1.9065694611002244,3.022956024745782,6.045912049491564,12.961818811490733,1.2849602809781473
152,7Iron,C,four4_path_tdm,truth,19,6,12.433161033395129,16.805000000000007,52.30359330156374,51.3390514463998,-4.371838966604878,-1.327555949646927,-1.2965556325485303,0.031000317098396568,0.2667,3.8,1.9065694611002244,3.022956024745782,6.045912049491564,12.961818811490733,1.2849602809781473
152,7Iron,C,four4_path_tdm_neg,truth,19,6,12.433161033394647,16.805000000000007,52.30359330156374,51.3390514463998,-4.37183896660536,-1.327555949646924,-1.2965556325485306,0.03100031709839346,0.2667,3.8,1.9065694611002244,3.022956024745782,6.045912049491564,12.961818811490733,1.2849602809781473
152,7Iron,C,tx_later4,truth,19,6,14.240126449122029,16.805000000000007,52.30359330156374,51.3390514463998,-2.5648735508779783,-1.372238684948161,-1.3667681860512533,0.00547049889690765,0.2667,3.8,1.9065694611002244,3.022956024745782,6.045912049491564,12.961818811490733,1.2849602809781473
152,7Iron,C,tx_earlier4,truth,19,6,16.284751718587316,16.805000000000007,52.30359330156374,51.3390514463998,-0.520248281412691,-1.6881500230669468,-1.6875010198708964,0.000649003196050435,0.2667,3.8,1.9065694611002244,3.022956024745782,6.045912049491564,12.961818811490733,1.2849602809781473
167,7Iron,C,two8,truth,12,5,13.000979122726362,17.914999999999985,56.863393743238525,54.37043330304314,-4.914020877273623,-0.7981449348701327,-0.7334530161281272,0.06469191874200553,0.2667,3.8,1.9065694611002244,2.569004615712356,5.138009231424712,10.996377724942512,1.3221471042626183
167,7Iron,C,two8_path_tdm,truth,12,5,13.005634588466373,17.914999999999985,56.863393743238525,54.37043330304314,-4.909365411533612,-0.8039860393975126,-0.7380760564023121,0.06590998299520046,0.2667,3.8,1.9065694611002244,2.569004615712356,5.138009231424712,10.996377724942512,1.3221471042626183
167,7Iron,C,two8_path_tdm_neg,truth,12,5,13.006846982557052,17.914999999999985,56.863393743238525,54.37043330304314,-4.908153017442933,-0.7896639338469678,-0.7264715832676425,0.06319235057932526,0.2667,3.8,1.9065694611002244,2.569004615712356,5.138009231424712,10.996377724942512,1.3221471042626183
167,7Iron,C,four3,truth,12,5,21.522262433804517,17.914999999999985,56.863393743238525,54.37043330304314,3.6072624338045323,-0.7044500111800941,-0.6837353243224487,0.020714686857645437,0.2667,3.8,1.9065694611002244,2.569004615712356,5.138009231424712,10.996377724942512,1.3221471042626183
167,7Iron,C,four3_path_tdm,truth,12,5,21.502847256449655,17.914999999999985,56.863393743238525,54.37043330304314,3.5878472564496704,-0.7135133525207659,-0.6942933993874384,0.019219953133327472,0.2667,3.8,1.9065694611002244,2.569004615712356,5.138009231424712,10.996377724942512,1.3221471042626183
167,7Iron,C,four3_path_tdm_neg,truth,12,5,21.504005417129516,17.914999999999985,56.863393743238525,54.37043330304314,3.589005417129531,-0.6900867533314932,-0.6696309572363316,0.02045579609516157,0.2667,3.8,1.9065694611002244,2.569004615712356,5.138009231424712,10.996377724942512,1.3221471042626183
167,7Iron,C,four4_path_tdm,truth,12,5,22.445939872013955,17.914999999999985,56.863393743238525,54.37043330304314,4.53093987201397,-0.31021918260542486,-0.2936968956885518,0.016522286916873075,0.2667,3.8,1.9065694611002244,2.569004615712356,5.138009231424712,10.996377724942512,1.3221471042626183
167,7Iron,C,four4_path_tdm_neg,truth,12,5,22.44593987201468,17.914999999999985,56.863393743238525,54.37043330304314,4.530939872014695,-0.31021918260542547,-0.29369689568855023,0.01652228691687524,0.2667,3.8,1.9065694611002244,2.569004615712356,5.138009231424712,10.996377724942512,1.3221471042626183
167,7Iron,C,tx_later4,truth,12,5,33.2696047818433,17.914999999999985,56.863393743238525,54.37043330304314,15.354604781843314,-0.2690767738141647,-0.05789526055920167,0.21118151325496307,0.2667,3.8,1.9065694611002244,2.569004615712356,5.138009231424712,10.996377724942512,1.3221471042626183
167,7Iron,C,tx_earlier4,truth,12,5,15.583790183880254,17.914999999999985,56.863393743238525,54.37043330304314,-2.331209816119731,-0.8949074753002947,-0.8831457833664335,0.011761691933861229,0.2667,3.8,1.9065694611002244,2.569004615712356,5.138009231424712,10.996377724942512,1.3221471042626183
168,7Iron,C,two8,truth,17,5,12.713354300163507,20.05000000000001,54.89642100369254,51.629201616096076,-7.336645699836504,-1.3586651040704032,-1.0135366213147436,0.34512848275565955,0.2667,3.8,1.9065694611002244,3.3896732745783753,6.779346549156751,14.539049123883048,1.1883389973763958
168,7Iron,C,two8_path_tdm,truth,17,5,12.528895463903341,20.05000000000001,54.89642100369254,51.629201616096076,-7.52110453609667,-1.3622428005954628,-1.0163745102536894,0.34586829034177335,0.2667,3.8,1.9065694611002244,3.3896732745783753,6.779346549156751,14.539049123883048,1.1883389973763958
168,7Iron,C,two8_path_tdm_neg,truth,17,5,12.25330121045746,20.05000000000001,54.89642100369254,51.629201616096076,-7.7966987895425515,-1.355077401028153,-1.0239728456049333,0.3311045554232197,0.2667,3.8,1.9065694611002244,3.3896732745783753,6.779346549156751,14.539049123883048,1.1883389973763958
168,7Iron,C,four3,truth,17,5,17.380753038797085,20.05000000000001,54.89642100369254,51.629201616096076,-2.6692469612029264,-1.382123482800861,-1.3527508891027846,0.029372593698076432,0.2667,3.8,1.9065694611002244,3.3896732745783753,6.779346549156751,14.539049123883048,1.1883389973763958
168,7Iron,C,four3_path_tdm,truth,17,5,16.992882743280457,20.05000000000001,54.89642100369254,51.629201616096076,-3.057117256719554,-1.3944901773321239,-1.3608069306396289,0.033683246692495006,0.2667,3.8,1.9065694611002244,3.3896732745783753,6.779346549156751,14.539049123883048,1.1883389973763958
168,7Iron,C,four3_path_tdm_neg,truth,17,5,17.639245391226943,20.05000000000001,54.89642100369254,51.629201616096076,-2.4107546087730682,-1.391428367724234,-1.3710243401046536,0.02040402761958049,0.2667,3.8,1.9065694611002244,3.3896732745783753,6.779346549156751,14.539049123883048,1.1883389973763958
168,7Iron,C,four4_path_tdm,truth,17,5,19.390423709102276,20.05000000000001,54.89642100369254,51.629201616096076,-0.6595762908977356,-1.3370846564848775,-1.3363978387274245,0.000686817757453051,0.2667,3.8,1.9065694611002244,3.3896732745783753,6.779346549156751,14.539049123883048,1.1883389973763958
168,7Iron,C,four4_path_tdm_neg,truth,17,5,19.39042370910177,20.05000000000001,54.89642100369254,51.629201616096076,-0.6595762908982401,-1.3370846564848775,-1.3363978387274238,0.0006868177574537171,0.2667,3.8,1.9065694611002244,3.3896732745783753,6.779346549156751,14.539049123883048,1.1883389973763958
168,7Iron,C,tx_later4,truth,17,5,17.283157931918176,20.05000000000001,54.89642100369254,51.629201616096076,-2.7668420680818357,-1.7108815779243471,-1.7061172152055826,0.00476436271876457,0.2667,3.8,1.9065694611002244,3.3896732745783753,6.779346549156751,14.539049123883048,1.1883389973763958
168,7Iron,C,tx_earlier4,truth,17,5,21.507874316983006,20.05000000000001,54.89642100369254,51.629201616096076,1.4578743169829949,-0.9570209189744581,-0.9505891237816376,0.006431795192820444,0.2667,3.8,1.9065694611002244,3.3896732745783753,6.779346549156751,14.539049123883048,1.1883389973763958
