shot,club,block,model,velocity_source,speed_source,n_snapshots,n_frames,launch_angle_deg,trackman_launch_deg,trackman_ball_ms,radar_ball_ms,launch_error_deg,best_cv_log_error,truth_cv_log_error,truth_minus_best_cv,radar_height_m,tilt_deg,tee_distance_m,median_cross_excess_cm,median_double_excess_cm,median_angle_separation_deg,median_reflection_point_m
62,9Iron,A,two8,radar,ops,25,7,13.959779834321292,16.77799999999999,44.569814121076114,43.08422175707952,-2.8182201656786994,-1.5055527462075247,-1.347403963526931,0.15814878268059362,0.1524,10.404948650719305,1.5709841628737065,2.309769115208571,4.619538230417142,17.412555575782257,0.7437859456877515
62,9Iron,A,two8_path_tdm,radar,ops,25,7,13.93949216227154,16.77799999999999,44.569814121076114,43.08422175707952,-2.838507837728452,-1.503031364646898,-1.3470197449355064,0.15601161971139166,0.1524,10.404948650719305,1.5709841628737065,2.309769115208571,4.619538230417142,17.412555575782257,0.7437859456877515
62,9Iron,A,two8_path_tdm_neg,radar,ops,25,7,13.98177808048613,16.77799999999999,44.569814121076114,43.08422175707952,-2.7962219195138616,-1.5083816071899918,-1.3484395933147877,0.15994201387520413,0.1524,10.404948650719305,1.5709841628737065,2.309769115208571,4.619538230417142,17.412555575782257,0.7437859456877515
62,9Iron,A,four3,radar,ops,25,7,15.058411942983671,16.77799999999999,44.569814121076114,43.08422175707952,-1.7195880570163204,-1.5704426857884337,-1.5473880487426506,0.023054637045783144,0.1524,10.404948650719305,1.5709841628737065,2.309769115208571,4.619538230417142,17.412555575782257,0.7437859456877515
62,9Iron,A,four3_path_tdm,radar,ops,25,7,15.09955299074098,16.77799999999999,44.569814121076114,43.08422175707952,-1.6784470092590116,-1.574699218371017,-1.5516934713599781,0.023005747011038746,0.1524,10.404948650719305,1.5709841628737065,2.309769115208571,4.619538230417142,17.412555575782257,0.7437859456877515
62,9Iron,A,four3_path_tdm_neg,radar,ops,25,7,14.997522840548198,16.77799999999999,44.569814121076114,43.08422175707952,-1.7804771594517934,-1.5665057519417012,-1.5436228417839455,0.022882910157755676,0.1524,10.404948650719305,1.5709841628737065,2.309769115208571,4.619538230417142,17.412555575782257,0.7437859456877515
62,9Iron,A,four4_path_tdm,radar,ops,25,7,14.386454803929864,16.77799999999999,44.569814121076114,43.08422175707952,-2.391545196070128,-1.657755462415451,-1.6122449928101479,0.04551046960530303,0.1524,10.404948650719305,1.5709841628737065,2.309769115208571,4.619538230417142,17.412555575782257,0.7437859456877515
62,9Iron,A,four4_path_tdm_neg,radar,ops,25,7,14.38645480392993,16.77799999999999,44.569814121076114,43.08422175707952,-2.391545196070062,-1.6577554624154514,-1.6122449928101474,0.045510469605303916,0.1524,10.404948650719305,1.5709841628737065,2.309769115208571,4.619538230417142,17.412555575782257,0.7437859456877515
62,9Iron,A,tx_later4,radar,ops,25,7,15.778458148198954,16.77799999999999,44.569814121076114,43.08422175707952,-0.9995418518010375,-1.864540607728676,-1.8441516776231093,0.02038893010556664,0.1524,10.404948650719305,1.5709841628737065,2.309769115208571,4.619538230417142,17.412555575782257,0.7437859456877515
62,9Iron,A,tx_earlier4,radar,ops,25,7,1.4672781430059247,16.77799999999999,44.569814121076114,43.08422175707952,-15.310721856994068,-1.7339696135181542,-1.4601886020370478,0.27378101148110634,0.1524,10.404948650719305,1.5709841628737065,2.309769115208571,4.619538230417142,17.412555575782257,0.7437859456877515
63,9Iron,A,two8,radar,ops,16,4,3.9887769279455076,11.487999999999987,39.92060582760378,39.69922948327173,-7.4992230720544795,-1.266636661541553,-1.0973835826580467,0.16925307888350627,0.1524,10.404948650719305,1.5709841628737065,1.418827293737135,2.83765458747427,10.666081418551077,1.0030072176301053
63,9Iron,A,two8_path_tdm,radar,ops,16,4,-2.5412918716042534,11.487999999999987,39.92060582760378,39.69922948327173,-14.02929187160424,-1.4042804769838282,-1.1025892875982153,0.3016911893856129,0.1524,10.404948650719305,1.5709841628737065,1.418827293737135,2.83765458747427,10.666081418551077,1.0030072176301053
63,9Iron,A,two8_path_tdm_neg,radar,ops,16,4,-3.4773202423392346,11.487999999999987,39.92060582760378,39.69922948327173,-14.96532024233922,-1.3319714283354038,-1.092540089592736,0.23943133874266787,0.1524,10.404948650719305,1.5709841628737065,1.418827293737135,2.83765458747427,10.666081418551077,1.0030072176301053
63,9Iron,A,four3,radar,ops,16,4,16.26254975902468,11.487999999999987,39.92060582760378,39.69922948327173,4.774549759024692,-1.142601955913517,-1.0967725581859542,0.04582939772756278,0.1524,10.404948650719305,1.5709841628737065,1.418827293737135,2.83765458747427,10.666081418551077,1.0030072176301053
63,9Iron,A,four3_path_tdm,radar,ops,16,4,-2.548897108526901,11.487999999999987,39.92060582760378,39.69922948327173,-14.036897108526889,-1.1609457259095206,-1.1032424035102146,0.05770332239930598,0.1524,10.404948650719305,1.5709841628737065,1.418827293737135,2.83765458747427,10.666081418551077,1.0030072176301053
63,9Iron,A,four3_path_tdm_neg,radar,ops,16,4,16.36629730491231,11.487999999999987,39.92060582760378,39.69922948327173,4.878297304912325,-1.1346141569445405,-1.09070578482667,0.043908372117870575,0.1524,10.404948650719305,1.5709841628737065,1.418827293737135,2.83765458747427,10.666081418551077,1.0030072176301053
63,9Iron,A,four4_path_tdm,radar,ops,16,4,15.635822694306533,11.487999999999987,39.92060582760378,39.69922948327173,4.147822694306546,-1.412137864571649,-1.3859400893117242,0.026197775259924727,0.1524,10.404948650719305,1.5709841628737065,1.418827293737135,2.83765458747427,10.666081418551077,1.0030072176301053
63,9Iron,A,four4_path_tdm_neg,radar,ops,16,4,15.63582269430726,11.487999999999987,39.92060582760378,39.69922948327173,4.147822694307273,-1.4121378645716496,-1.385940089311726,0.026197775259923617,0.1524,10.404948650719305,1.5709841628737065,1.418827293737135,2.83765458747427,10.666081418551077,1.0030072176301053
63,9Iron,A,tx_later4,radar,ops,16,4,18.18104712169097,11.487999999999987,39.92060582760378,39.69922948327173,6.693047121690983,-1.7225573385632953,-1.651409562700203,0.07114777586309229,0.1524,10.404948650719305,1.5709841628737065,1.418827293737135,2.83765458747427,10.666081418551077,1.0030072176301053
63,9Iron,A,tx_earlier4,radar,ops,16,4,12.884887957693357,11.487999999999987,39.92060582760378,39.69922948327173,1.3968879576933695,-1.1589793057065125,-1.1565342399232184,0.002445065783294176,0.1524,10.404948650719305,1.5709841628737065,1.418827293737135,2.83765458747427,10.666081418551077,1.0030072176301053
64,9Iron,A,two8,radar,ops,22,7,17.031318590106057,20.468999999999983,49.263726340447214,47.26284337702736,-3.4376814098939263,-1.47838988558501,-1.2353695733607866,0.24302031222422338,0.1524,10.404948650719305,1.5709841628737065,2.7130779339884725,5.426155867976945,20.481874926733937,0.6503258117595764
64,9Iron,A,two8_path_tdm,radar,ops,22,7,17.033645505396624,20.468999999999983,49.263726340447214,47.26284337702736,-3.4353544946033594,-1.4816991979399476,-1.2412288054383125,0.24047039250163516,0.1524,10.404948650719305,1.5709841628737065,2.7130779339884725,5.426155867976945,20.481874926733937,0.6503258117595764
64,9Iron,A,two8_path_tdm_neg,radar,ops,22,7,17.028673512139306,20.468999999999983,49.263726340447214,47.26284337702736,-3.440326487860677,-1.4751537626424838,-1.2301075487123172,0.24504621393016657,0.1524,10.404948650719305,1.5709841628737065,2.7130779339884725,5.426155867976945,20.481874926733937,0.6503258117595764
64,9Iron,A,four3,radar,ops,22,7,18.24138570418405,20.468999999999983,49.263726340447214,47.26284337702736,-2.2276142958159326,-1.6361611194994,-1.5968236722664426,0.03933744723295729,0.1524,10.404948650719305,1.5709841628737065,2.7130779339884725,5.426155867976945,20.481874926733937,0.6503258117595764
64,9Iron,A,four3_path_tdm,radar,ops,22,7,18.276479939946324,20.468999999999983,49.263726340447214,47.26284337702736,-2.19252006005366,-1.6494762844346096,-1.6106425791699086,0.03883370526470098,0.1524,10.404948650719305,1.5709841628737065,2.7130779339884725,5.426155867976945,20.481874926733937,0.6503258117595764
64,9Iron,A,four3_path_tdm_neg,radar,ops,22,7,18.206333108872055,20.468999999999983,49.263726340447214,47.26284337702736,-2.262666891127928,-1.6232893959625792,-1.5832285289482055,0.04006086701437361,0.1524,10.404948650719305,1.5709841628737065,2.7130779339884725,5.426155867976945,20.481874926733937,0.6503258117595764
64,9Iron,A,four4_path_tdm,radar,ops,22,7,19.831766770136305,20.468999999999983,49.263726340447214,47.26284337702736,-0.6372332298636785,-1.5541396422446716,-1.5516279482856752,0.0025116939589964193,0.1524,10.404948650719305,1.5709841628737065,2.7130779339884725,5.426155867976945,20.481874926733937,0.6503258117595764
64,9Iron,A,four4_path_tdm_neg,radar,ops,22,7,19.83176677013629,20.468999999999983,49.263726340447214,47.26284337702736,-0.6372332298636927,-1.554139642244671,-1.5516279482856752,0.002511693958995753,0.1524,10.404948650719305,1.5709841628737065,2.7130779339884725,5.426155867976945,20.481874926733937,0.6503258117595764
64,9Iron,A,tx_later4,radar,ops,22,7,19.469525737928876,20.468999999999983,49.263726340447214,47.26284337702736,-0.9994742620711072,-1.647634262982923,-1.6375983825410552,0.010035880441867873,0.1524,10.404948650719305,1.5709841628737065,2.7130779339884725,5.426155867976945,20.481874926733937,0.6503258117595764
64,9Iron,A,tx_earlier4,radar,ops,22,7,16.511644049395855,20.468999999999983,49.263726340447214,47.26284337702736,-3.9573559506041285,-1.5150976594567154,-1.4774050124898213,0.03769264696689412,0.1524,10.404948650719305,1.5709841628737065,2.7130779339884725,5.426155867976945,20.481874926733937,0.6503258117595764
65,9Iron,A,two8,radar,ops,25,7,14.781461728950894,17.449000000000005,49.75546952533371,47.4667803687637,-2.6675382710491107,-1.382485605105929,-1.2915447007943996,0.09094090431152946,0.1524,10.404948650719305,1.5709841628737065,2.397011687880668,4.794023375761336,18.075606447590822,0.7223149015488257
65,9Iron,A,two8_path_tdm,radar,ops,25,7,14.672579681644676,17.449000000000005,49.75546952533371,47.4667803687637,-2.7764203183553295,-1.3824216617323797,-1.2891767193487271,0.09324494238365255,0.1524,10.404948650719305,1.5709841628737065,2.397011687880668,4.794023375761336,18.075606447590822,0.7223149015488257
65,9Iron,A,two8_path_tdm_neg,radar,ops,25,7,14.949510303027035,17.449000000000005,49.75546952533371,47.4667803687637,-2.4994896969729705,-1.3834650269410733,-1.293893187952612,0.08957183898846122,0.1524,10.404948650719305,1.5709841628737065,2.397011687880668,4.794023375761336,18.075606447590822,0.7223149015488257
65,9Iron,A,four3,radar,ops,25,7,14.271777584786795,17.449000000000005,49.75546952533371,47.4667803687637,-3.17722241521321,-1.47202483161541,-1.4217233213394227,0.05030151027598739,0.1524,10.404948650719305,1.5709841628737065,2.397011687880668,4.794023375761336,18.075606447590822,0.7223149015488257
65,9Iron,A,four3_path_tdm,radar,ops,25,7,14.328676069694314,17.449000000000005,49.75546952533371,47.4667803687637,-3.120323930305691,-1.4738864393246407,-1.426123585792427,0.047762853532213656,0.1524,10.404948650719305,1.5709841628737065,2.397011687880668,4.794023375761336,18.075606447590822,0.7223149015488257
65,9Iron,A,four3_path_tdm_neg,radar,ops,25,7,14.213217732224441,17.449000000000005,49.75546952533371,47.4667803687637,-3.235782267775564,-1.4707075874747735,-1.4177167992041235,0.05299078827064996,0.1524,10.404948650719305,1.5709841628737065,2.397011687880668,4.794023375761336,18.075606447590822,0.7223149015488257
65,9Iron,A,four4_path_tdm,radar,ops,25,7,13.494754198624678,17.449000000000005,49.75546952533371,47.4667803687637,-3.954245801375327,-1.7951327429012065,-1.7348220848242693,0.06031065807693725,0.1524,10.404948650719305,1.5709841628737065,2.397011687880668,4.794023375761336,18.075606447590822,0.7223149015488257
65,9Iron,A,four4_path_tdm_neg,radar,ops,25,7,13.494754198623989,17.449000000000005,49.75546952533371,47.4667803687637,-3.9542458013760164,-1.7951327429012067,-1.7348220848242681,0.060310658076938584,0.1524,10.404948650719305,1.5709841628737065,2.397011687880668,4.794023375761336,18.075606447590822,0.7223149015488257
65,9Iron,A,tx_later4,radar,ops,25,7,9.457053018734022,17.449000000000005,49.75546952533371,47.4667803687637,-7.991946981265983,-1.8090971538152105,-1.7351741947436294,0.07392295907158108,0.1524,10.404948650719305,1.5709841628737065,2.397011687880668,4.794023375761336,18.075606447590822,0.7223149015488257
65,9Iron,A,tx_earlier4,radar,ops,25,7,14.559368755438648,17.449000000000005,49.75546952533371,47.4667803687637,-2.8896312445613574,-1.7386022765002485,-1.7037731626466868,0.03482911385356169,0.1524,10.404948650719305,1.5709841628737065,2.397011687880668,4.794023375761336,18.075606447590822,0.7223149015488257
66,9Iron,A,two8,radar,ops,20,5,15.434206088655596,21.533999999999995,50.023693080726346,48.11344544831894,-6.099793911344399,-1.50524992209925,-1.0922326508476585,0.4130172712515914,0.1524,10.404948650719305,1.5709841628737065,2.8475994948523042,5.6951989897046085,21.50942147494991,0.6255257799251778
66,9Iron,A,two8_path_tdm,radar,ops,20,5,15.542207481521888,21.533999999999995,50.023693080726346,48.11344544831894,-5.991792518478107,-1.503154177549694,-1.0972949528608038,0.40585922468889013,0.1524,10.404948650719305,1.5709841628737065,2.8475994948523042,5.6951989897046085,21.50942147494991,0.6255257799251778
66,9Iron,A,two8_path_tdm_neg,radar,ops,20,5,15.33648058124098,21.533999999999995,50.023693080726346,48.11344544831894,-6.197519418759015,-1.507712295109099,-1.0876454012635532,0.42006689384554585,0.1524,10.404948650719305,1.5709841628737065,2.8475994948523042,5.6951989897046085,21.50942147494991,0.6255257799251778
66,9Iron,A,four3,radar,ops,20,5,13.889040327919966,21.533999999999995,50.023693080726346,48.11344544831894,-7.644959672080029,-1.6580264397154107,-1.4966151183561374,0.16141132135927339,0.1524,10.404948650719305,1.5709841628737065,2.8475994948523042,5.6951989897046085,21.50942147494991,0.6255257799251778
66,9Iron,A,four3_path_tdm,radar,ops,20,5,15.64254500877853,21.533999999999995,50.023693080726346,48.11344544831894,-5.891454991221465,-1.6588566167419025,-1.5030882258061502,0.15576839093575234,0.1524,10.404948650719305,1.5709841628737065,2.8475994948523042,5.6951989897046085,21.50942147494991,0.6255257799251778
66,9Iron,A,four3_path_tdm_neg,radar,ops,20,5,13.52063818609139,21.533999999999995,50.023693080726346,48.11344544831894,-8.013361813908606,-1.659602917911234,-1.4894849111005246,0.17011800681070932,0.1524,10.404948650719305,1.5709841628737065,2.8475994948523042,5.6951989897046085,21.50942147494991,0.6255257799251778
66,9Iron,A,four4_path_tdm,radar,ops,20,5,18.221222161064887,21.533999999999995,50.023693080726346,48.11344544831894,-3.3127778389351086,-1.7564663103270246,-1.6532088153159044,0.10325749501112025,0.1524,10.404948650719305,1.5709841628737065,2.8475994948523042,5.6951989897046085,21.50942147494991,0.6255257799251778
66,9Iron,A,four4_path_tdm_neg,radar,ops,20,5,18.22122216106511,21.533999999999995,50.023693080726346,48.11344544831894,-3.3127778389348848,-1.756466310327023,-1.6532088153159041,0.10325749501111892,0.1524,10.404948650719305,1.5709841628737065,2.8475994948523042,5.6951989897046085,21.50942147494991,0.6255257799251778
66,9Iron,A,tx_later4,radar,ops,20,5,16.006270518753773,21.533999999999995,50.023693080726346,48.11344544831894,-5.527729481246222,-1.627477806820842,-1.6087224931445416,0.018755313676300345,0.1524,10.404948650719305,1.5709841628737065,2.8475994948523042,5.6951989897046085,21.50942147494991,0.6255257799251778
66,9Iron,A,tx_earlier4,radar,ops,20,5,16.873534839792207,21.533999999999995,50.023693080726346,48.11344544831894,-4.660465160207789,-1.9435398384044926,-1.76687509298177,0.1766647454227226,0.1524,10.404948650719305,1.5709841628737065,2.8475994948523042,5.6951989897046085,21.50942147494991,0.6255257799251778
67,9Iron,A,two8,radar,ops,22,6,17.46165920083633,21.057999999999993,48.23553604477545,45.86818820896334,-3.596340799163663,-1.4078246685066482,-1.2947701104880431,0.11305455801860509,0.1524,10.404948650719305,1.5709841628737065,2.6082585966931027,5.216517193386205,19.67889549826336,0.660964546883451
67,9Iron,A,two8_path_tdm,radar,ops,22,6,17.466893151762495,21.057999999999993,48.23553604477545,45.86818820896334,-3.591106848237498,-1.401890066250887,-1.2905464248440348,0.11134364140685227,0.1524,10.404948650719305,1.5709841628737065,2.6082585966931027,5.216517193386205,19.67889549826336,0.660964546883451
67,9Iron,A,two8_path_tdm_neg,radar,ops,22,6,17.441513867748167,21.057999999999993,48.23553604477545,45.86818820896334,-3.6164861322518256,-1.4152429352495253,-1.3013561550980288,0.11388678015149645,0.1524,10.404948650719305,1.5709841628737065,2.6082585966931027,5.216517193386205,19.67889549826336,0.660964546883451
67,9Iron,A,four3,radar,ops,22,6,17.093847197138487,21.057999999999993,48.23553604477545,45.86818820896334,-3.9641528028615056,-1.8473057433757998,-1.6831513975551873,0.1641543458206125,0.1524,10.404948650719305,1.5709841628737065,2.6082585966931027,5.216517193386205,19.67889549826336,0.660964546883451
67,9Iron,A,four3_path_tdm,radar,ops,22,6,17.129209804404425,21.057999999999993,48.23553604477545,45.86818820896334,-3.9287901955955675,-1.846674569274004,-1.6913601882680835,0.15531438100592054,0.1524,10.404948650719305,1.5709841628737065,2.6082585966931027,5.216517193386205,19.67889549826336,0.660964546883451
67,9Iron,A,four3_path_tdm_neg,radar,ops,22,6,17.07389341071921,21.057999999999993,48.23553604477545,45.86818820896334,-3.984106589280781,-1.849179243262852,-1.6797685331334424,0.16941071012940956,0.1524,10.404948650719305,1.5709841628737065,2.6082585966931027,5.216517193386205,19.67889549826336,0.660964546883451
67,9Iron,A,four4_path_tdm,radar,ops,22,6,19.033818060257467,21.057999999999993,48.23553604477545,45.86818820896334,-2.024181939742526,-1.8831687826401204,-1.854876995782546,0.028291786857574497,0.1524,10.404948650719305,1.5709841628737065,2.6082585966931027,5.216517193386205,19.67889549826336,0.660964546883451
67,9Iron,A,four4_path_tdm_neg,radar,ops,22,6,19.033818060257452,21.057999999999993,48.23553604477545,45.86818820896334,-2.0241819397425402,-1.88316878264012,-1.8548769957825453,0.02829178685757472,0.1524,10.404948650719305,1.5709841628737065,2.6082585966931027,5.216517193386205,19.67889549826336,0.660964546883451
67,9Iron,A,tx_later4,radar,ops,22,6,18.312766226349595,21.057999999999993,48.23553604477545,45.86818820896334,-2.745233773650398,-2.0238366338471887,-1.953804883096586,0.07003175075060275,0.1524,10.404948650719305,1.5709841628737065,2.6082585966931027,5.216517193386205,19.67889549826336,0.660964546883451
67,9Iron,A,tx_earlier4,radar,ops,22,6,12.418074745504567,21.057999999999993,48.23553604477545,45.86818820896334,-8.639925254495425,-1.751149232483663,-1.6686036250095533,0.08254560747410977,0.1524,10.404948650719305,1.5709841628737065,2.6082585966931027,5.216517193386205,19.67889549826336,0.660964546883451
68,9Iron,A,two8,radar,ops,20,5,-1.314251827340173,5.689999999999997,48.23553604477545,47.56644566975043,-7.00425182734017,-1.7625765970907825,-1.6635513894537746,0.09902520763700795,0.1524,10.404948650719305,1.5709841628737065,0.8745533368726965,1.749106673745393,6.570383397192361,1.3805609237244483
68,9Iron,A,two8_path_tdm,radar,ops,20,5,-2.029233288380451,5.689999999999997,48.23553604477545,47.56644566975043,-7.7192332883804475,-1.8313262887495294,-1.663104107839569,0.16822218090996044,0.1524,10.404948650719305,1.5709841628737065,0.8745533368726965,1.749106673745393,6.570383397192361,1.3805609237244483
68,9Iron,A,two8_path_tdm_neg,radar,ops,20,5,-1.8271840188385675,5.689999999999997,48.23553604477545,47.56644566975043,-7.517184018838565,-1.841743255388609,-1.6636867724251556,0.17805648296345344,0.1524,10.404948650719305,1.5709841628737065,0.8745533368726965,1.749106673745393,6.570383397192361,1.3805609237244483
68,9Iron,A,four3,radar,ops,20,5,-1.4830311286441085,5.689999999999997,48.23553604477545,47.56644566975043,-7.173031128644105,-1.37392271060772,-1.3147992664166384,0.05912344419108173,0.1524,10.404948650719305,1.5709841628737065,0.8745533368726965,1.749106673745393,6.570383397192361,1.3805609237244483
68,9Iron,A,four3_path_tdm,radar,ops,20,5,-2.0168777179278843,5.689999999999997,48.23553604477545,47.56644566975043,-7.706877717927881,-1.4720986024825407,-1.3135138754497118,0.1585847270328289,0.1524,10.404948650719305,1.5709841628737065,0.8745533368726965,1.749106673745393,6.570383397192361,1.3805609237244483
68,9Iron,A,four3_path_tdm_neg,radar,ops,20,5,-1.83019581337192,5.689999999999997,48.23553604477545,47.56644566975043,-7.520195813371917,-1.441167939178974,-1.3159875536685084,0.12518038551046562,0.1524,10.404948650719305,1.5709841628737065,0.8745533368726965,1.749106673745393,6.570383397192361,1.3805609237244483
68,9Iron,A,four4_path_tdm,radar,ops,20,5,8.549528848280541,5.689999999999997,48.23553604477545,47.56644566975043,2.8595288482805445,-1.8827934726012643,-1.8743554906645479,0.00843798193671641,0.1524,10.404948650719305,1.5709841628737065,0.8745533368726965,1.749106673745393,6.570383397192361,1.3805609237244483
68,9Iron,A,four4_path_tdm_neg,radar,ops,20,5,8.549528848280541,5.689999999999997,48.23553604477545,47.56644566975043,2.8595288482805445,-1.8827934726012647,-1.8743554906645485,0.008437981936716188,0.1524,10.404948650719305,1.5709841628737065,0.8745533368726965,1.749106673745393,6.570383397192361,1.3805609237244483
68,9Iron,A,tx_later4,radar,ops,20,5,8.760052948670605,5.689999999999997,48.23553604477545,47.56644566975043,3.0700529486706083,-1.9370041054094949,-1.905177764271734,0.03182634113776084,0.1524,10.404948650719305,1.5709841628737065,0.8745533368726965,1.749106673745393,6.570383397192361,1.3805609237244483
68,9Iron,A,tx_earlier4,radar,ops,20,5,13.815510128409532,5.689999999999997,48.23553604477545,47.56644566975043,8.125510128409534,-1.9716576569338344,-1.9205416027975866,0.05111605413624787,0.1524,10.404948650719305,1.5709841628737065,0.8745533368726965,1.749106673745393,6.570383397192361,1.3805609237244483
69,9Iron,A,two8,radar,ops,19,7,19.115095224628952,21.013999999999996,52.21418544976619,50.25057192151659,-1.8989047753710437,-1.5400152031324417,-1.429555853098504,0.1104593500339377,0.1524,10.404948650719305,1.5709841628737065,2.7398578407444862,5.4797156814889725,20.68534627546085,0.6427526723379009
69,9Iron,A,two8_path_tdm,radar,ops,19,7,19.124888780786552,21.013999999999996,52.21418544976619,50.25057192151659,-1.8891112192134436,-1.5428407683839354,-1.4325887846911205,0.11025198369281486,0.1524,10.404948650719305,1.5709841628737065,2.7398578407444862,5.4797156814889725,20.68534627546085,0.6427526723379009
69,9Iron,A,two8_path_tdm_neg,radar,ops,19,7,19.111698639397986,21.013999999999996,52.21418544976619,50.25057192151659,-1.90230136060201,-1.5379421842198315,-1.4268828510049016,0.11105933321492989,0.1524,10.404948650719305,1.5709841628737065,2.7398578407444862,5.4797156814889725,20.68534627546085,0.6427526723379009
69,9Iron,A,four3,radar,ops,19,7,17.62949373177107,21.013999999999996,52.21418544976619,50.25057192151659,-3.3845062682289253,-1.7982363691008096,-1.6472881877047036,0.150948181396106,0.1524,10.404948650719305,1.5709841628737065,2.7398578407444862,5.4797156814889725,20.68534627546085,0.6427526723379009
69,9Iron,A,four3_path_tdm,radar,ops,19,7,17.588828290303574,21.013999999999996,52.21418544976619,50.25057192151659,-3.4251717096964214,-1.797931677095347,-1.64951786969321,0.14841380740213705,0.1524,10.404948650719305,1.5709841628737065,2.7398578407444862,5.4797156814889725,20.68534627546085,0.6427526723379009
69,9Iron,A,four3_path_tdm_neg,radar,ops,19,7,17.693506683001893,21.013999999999996,52.21418544976619,50.25057192151659,-3.3204933169981032,-1.7977671193043505,-1.6469489629523948,0.15081815635195572,0.1524,10.404948650719305,1.5709841628737065,2.7398578407444862,5.4797156814889725,20.68534627546085,0.6427526723379009
69,9Iron,A,four4_path_tdm,radar,ops,19,7,17.88732182972515,21.013999999999996,52.21418544976619,50.25057192151659,-3.1266781702748467,-1.6772993506018306,-1.6082916935760532,0.06900765702577738,0.1524,10.404948650719305,1.5709841628737065,2.7398578407444862,5.4797156814889725,20.68534627546085,0.6427526723379009
69,9Iron,A,four4_path_tdm_neg,radar,ops,19,7,17.887321829725355,21.013999999999996,52.21418544976619,50.25057192151659,-3.1266781702746407,-1.6772993506018328,-1.6082916935760543,0.06900765702577849,0.1524,10.404948650719305,1.5709841628737065,2.7398578407444862,5.4797156814889725,20.68534627546085,0.6427526723379009
69,9Iron,A,tx_later4,radar,ops,19,7,18.77146332199364,21.013999999999996,52.21418544976619,50.25057192151659,-2.2425366780063563,-1.7819991767821197,-1.7438320307038866,0.03816714607823313,0.1524,10.404948650719305,1.5709841628737065,2.7398578407444862,5.4797156814889725,20.68534627546085,0.6427526723379009
69,9Iron,A,tx_earlier4,radar,ops,19,7,20.408584134315646,21.013999999999996,52.21418544976619,50.25057192151659,-0.6054158656843498,-1.678813386046463,-1.6737610209794003,0.005052365067062636,0.1524,10.404948650719305,1.5709841628737065,2.7398578407444862,5.4797156814889725,20.68534627546085,0.6427526723379009
70,9Iron,A,two8,radar,ops,22,7,19.282727417039176,22.12999999999998,48.727279229661946,46.809339155828525,-2.847272582960805,-1.4986838277207468,-1.3423213256455784,0.15636250207516844,0.1524,10.404948650719305,1.5709841628737065,2.935175043800109,5.870350087600218,22.179391469162702,0.6104735070053554
70,9Iron,A,two8_path_tdm,radar,ops,22,7,19.31393814159115,22.12999999999998,48.727279229661946,46.809339155828525,-2.8160618584088297,-1.5106759447112366,-1.3555577307149171,0.15511821399631942,0.1524,10.404948650719305,1.5709841628737065,2.935175043800109,5.870350087600218,22.179391469162702,0.6104735070053554
70,9Iron,A,two8_path_tdm_neg,radar,ops,22,7,19.376057802431625,22.12999999999998,48.727279229661946,46.809339155828525,-2.7539421975683567,-1.4900961259734469,-1.3307360212289043,0.15936010474454254,0.1524,10.404948650719305,1.5709841628737065,2.935175043800109,5.870350087600218,22.179391469162702,0.6104735070053554
70,9Iron,A,four3,radar,ops,22,7,19.103998657803192,22.12999999999998,48.727279229661946,46.809339155828525,-3.026001342196789,-1.6419547390254146,-1.517057501951486,0.12489723707392852,0.1524,10.404948650719305,1.5709841628737065,2.935175043800109,5.870350087600218,22.179391469162702,0.6104735070053554
70,9Iron,A,four3_path_tdm,radar,ops,22,7,19.083505011656936,22.12999999999998,48.727279229661946,46.809339155828525,-3.0464949883430457,-1.649371761397708,-1.5184908012964706,0.1308809601012373,0.1524,10.404948650719305,1.5709841628737065,2.935175043800109,5.870350087600218,22.179391469162702,0.6104735070053554
70,9Iron,A,four3_path_tdm_neg,radar,ops,22,7,19.11805608138881,22.12999999999998,48.727279229661946,46.809339155828525,-3.01194391861117,-1.634303545703628,-1.514621658064692,0.11968188763893584,0.1524,10.404948650719305,1.5709841628737065,2.935175043800109,5.870350087600218,22.179391469162702,0.6104735070053554
70,9Iron,A,four4_path_tdm,radar,ops,22,7,18.16018205577478,22.12999999999998,48.727279229661946,46.809339155828525,-3.969817944225202,-1.5298560701250994,-1.420923545336094,0.10893252478900539,0.1524,10.404948650719305,1.5709841628737065,2.935175043800109,5.870350087600218,22.179391469162702,0.6104735070053554
70,9Iron,A,four4_path_tdm_neg,radar,ops,22,7,18.16018205577467,22.12999999999998,48.727279229661946,46.809339155828525,-3.969817944225312,-1.5298560701250994,-1.4209235453360936,0.10893252478900584,0.1524,10.404948650719305,1.5709841628737065,2.935175043800109,5.870350087600218,22.179391469162702,0.6104735070053554
70,9Iron,A,tx_later4,radar,ops,22,7,19.705236112175264,22.12999999999998,48.727279229661946,46.809339155828525,-2.4247638878247173,-1.6516941563354541,-1.5779831723950755,0.07371098394037867,0.1524,10.404948650719305,1.5709841628737065,2.935175043800109,5.870350087600218,22.179391469162702,0.6104735070053554
70,9Iron,A,tx_earlier4,radar,ops,22,7,-1.4720491870618473,22.12999999999998,48.727279229661946,46.809339155828525,-23.60204918706183,-1.661524196437184,-1.3394373600335128,0.3220868364036713,0.1524,10.404948650719305,1.5709841628737065,2.935175043800109,5.870350087600218,22.179391469162702,0.6104735070053554
71,9Iron,A,two8,radar,ops,18,6,17.995645466473093,21.279999999999987,49.442542044042305,47.82772354287831,-3.284354533526894,-1.3642777842048748,-1.1262835767472084,0.23799420745766642,0.1524,10.404948650719305,1.5709841628737065,2.8091731726451297,5.618346345290259,21.21562794687845,0.6321818264197856
71,9Iron,A,two8_path_tdm,radar,ops,18,6,18.01156462710014,21.279999999999987,49.442542044042305,47.82772354287831,-3.268435372899848,-1.3683608408927137,-1.1312686565978636,0.23709218429485013,0.1524,10.404948650719305,1.5709841628737065,2.8091731726451297,5.618346345290259,21.21562794687845,0.6321818264197856
71,9Iron,A,two8_path_tdm_neg,radar,ops,18,6,17.978610891378143,21.279999999999987,49.442542044042305,47.82772354287831,-3.3013891086218443,-1.3605869413493867,-1.1215158088226087,0.23907113252677803,0.1524,10.404948650719305,1.5709841628737065,2.8091731726451297,5.618346345290259,21.21562794687845,0.6321818264197856
71,9Iron,A,four3,radar,ops,18,6,16.61301106197058,21.279999999999987,49.442542044042305,47.82772354287831,-4.666988938029405,-1.4460280078154784,-1.2675976711660726,0.17843033664940577,0.1524,10.404948650719305,1.5709841628737065,2.8091731726451297,5.618346345290259,21.21562794687845,0.6321818264197856
71,9Iron,A,four3_path_tdm,radar,ops,18,6,16.706144317226105,21.279999999999987,49.442542044042305,47.82772354287831,-4.573855682773882,-1.4511022850090678,-1.2733097354958578,0.17779254951321,0.1524,10.404948650719305,1.5709841628737065,2.8091731726451297,5.618346345290259,21.21562794687845,0.6321818264197856
71,9Iron,A,four3_path_tdm_neg,radar,ops,18,6,16.525282508568928,21.279999999999987,49.442542044042305,47.82772354287831,-4.754717491431059,-1.4410811979932505,-1.2604133361285677,0.18066786186468287,0.1524,10.404948650719305,1.5709841628737065,2.8091731726451297,5.618346345290259,21.21562794687845,0.6321818264197856
71,9Iron,A,four4_path_tdm,radar,ops,18,6,17.77954927354776,21.279999999999987,49.442542044042305,47.82772354287831,-3.5004507264522253,-1.4166209631859081,-1.32277499568481,0.09384596750109808,0.1524,10.404948650719305,1.5709841628737065,2.8091731726451297,5.618346345290259,21.21562794687845,0.6321818264197856
71,9Iron,A,four4_path_tdm_neg,radar,ops,18,6,17.77954927354771,21.279999999999987,49.442542044042305,47.82772354287831,-3.5004507264522786,-1.4166209631859081,-1.32277499568481,0.09384596750109808,0.1524,10.404948650719305,1.5709841628737065,2.8091731726451297,5.618346345290259,21.21562794687845,0.6321818264197856
71,9Iron,A,tx_later4,radar,ops,18,6,17.47729836354026,21.279999999999987,49.442542044042305,47.82772354287831,-3.8027016364597266,-1.6165904953700767,-1.5036037265152116,0.11298676885486514,0.1524,10.404948650719305,1.5709841628737065,2.8091731726451297,5.618346345290259,21.21562794687845,0.6321818264197856
71,9Iron,A,tx_earlier4,radar,ops,18,6,14.514903779713679,21.279999999999987,49.442542044042305,47.82772354287831,-6.765096220286308,-1.3488910193755306,-1.227204910059758,0.12168610931577262,0.1524,10.404948650719305,1.5709841628737065,2.8091731726451297,5.618346345290259,21.21562794687845,0.6321818264197856
72,7Iron,A,two8,radar,ops,29,8,-1.1963038547609,1.6789999999999963,34.19850331256091,34.01207683687395,-2.8753038547608964,-1.2416216241978346,-1.2369486957152551,0.004672928482579497,0.1524,10.404948650719305,1.5709841628737065,0.3720232386989153,0.7440464773978306,2.793670820389339,1.9708470209167273
72,7Iron,A,two8_path_tdm,radar,ops,29,8,-3.540910987220309,1.6789999999999963,34.19850331256091,34.01207683687395,-5.219910987220305,-1.3304408427891954,-1.236136068403212,0.09430477438598328,0.1524,10.404948650719305,1.5709841628737065,0.3720232386989153,0.7440464773978306,2.793670820389339,1.9708470209167273
72,7Iron,A,two8_path_tdm_neg,radar,ops,29,8,-3.0026288785300834,1.6789999999999963,34.19850331256091,34.01207683687395,-4.68162887853008,-1.2899311078975821,-1.2377622078520076,0.05216890004557451,0.1524,10.404948650719305,1.5709841628737065,0.3720232386989153,0.7440464773978306,2.793670820389339,1.9708470209167273
72,7Iron,A,four3,radar,ops,29,8,4.512776891280064,1.6789999999999963,34.19850331256091,34.01207683687395,2.8337768912800674,-0.9760641198417139,-0.9742909281235154,0.0017731917181985635,0.1524,10.404948650719305,1.5709841628737065,0.3720232386989153,0.7440464773978306,2.793670820389339,1.9708470209167273
72,7Iron,A,four3_path_tdm,radar,ops,29,8,-3.5354077196560794,1.6789999999999963,34.19850331256091,34.01207683687395,-5.214407719656076,-1.0632107201799657,-0.9740070410801036,0.08920367909986204,0.1524,10.404948650719305,1.5709841628737065,0.3720232386989153,0.7440464773978306,2.793670820389339,1.9708470209167273
72,7Iron,A,four3_path_tdm_neg,radar,ops,29,8,-2.984627747405371,1.6789999999999963,34.19850331256091,34.01207683687395,-4.663627747405368,-1.0264351383183437,-0.9745830481086035,0.05185209020974013,0.1524,10.404948650719305,1.5709841628737065,0.3720232386989153,0.7440464773978306,2.793670820389339,1.9708470209167273
72,7Iron,A,four4_path_tdm,radar,ops,29,8,9.567746242155737,1.6789999999999963,34.19850331256091,34.01207683687395,7.88874624215574,-1.789207039790519,-1.7404284355674986,0.048778604223020494,0.1524,10.404948650719305,1.5709841628737065,0.3720232386989153,0.7440464773978306,2.793670820389339,1.9708470209167273
72,7Iron,A,four4_path_tdm_neg,radar,ops,29,8,9.567746242154604,1.6789999999999963,34.19850331256091,34.01207683687395,7.888746242154607,-1.7892070397905193,-1.7404284355674995,0.04877860422301983,0.1524,10.404948650719305,1.5709841628737065,0.3720232386989153,0.7440464773978306,2.793670820389339,1.9708470209167273
72,7Iron,A,tx_later4,radar,ops,29,8,9.443185593326117,1.6789999999999963,34.19850331256091,34.01207683687395,7.76418559332612,-1.8498370734350735,-1.8203646940769724,0.029472379358101097,0.1524,10.404948650719305,1.5709841628737065,0.3720232386989153,0.7440464773978306,2.793670820389339,1.9708470209167273
72,7Iron,A,tx_earlier4,radar,ops,29,8,11.760963669909808,1.6789999999999963,34.19850331256091,34.01207683687395,10.081963669909811,-1.8921879930330237,-1.8093351154357493,0.08285287759727433,0.1524,10.404948650719305,1.5709841628737065,0.3720232386989153,0.7440464773978306,2.793670820389339,1.9708470209167273
73,7Iron,A,two8,radar,ops,20,6,16.375927658482944,18.677999999999987,50.470732339714075,48.94787602387909,-2.302072341517043,-1.7922271162723311,-1.5643037558931632,0.22792336037916794,0.1524,10.404948650719305,1.5709841628737065,2.4854899919451223,4.970979983890245,18.747424699345338,0.6973938455064131
73,7Iron,A,two8_path_tdm,radar,ops,20,6,16.360367590167947,18.677999999999987,50.470732339714075,48.94787602387909,-2.31763240983204,-1.7862216671924551,-1.5609527910062007,0.22526887618625446,0.1524,10.404948650719305,1.5709841628737065,2.4854899919451223,4.970979983890245,18.747424699345338,0.6973938455064131
73,7Iron,A,two8_path_tdm_neg,radar,ops,20,6,16.38613173352098,18.677999999999987,50.470732339714075,48.94787602387909,-2.291868266479007,-1.7988223815685098,-1.568543227316157,0.2302791542523528,0.1524,10.404948650719305,1.5709841628737065,2.4854899919451223,4.970979983890245,18.747424699345338,0.6973938455064131
73,7Iron,A,four3,radar,ops,20,6,16.64043157364192,18.677999999999987,50.470732339714075,48.94787602387909,-2.0375684263580673,-1.946888772638719,-1.8426319887837685,0.10425678385495041,0.1524,10.404948650719305,1.5709841628737065,2.4854899919451223,4.970979983890245,18.747424699345338,0.6973938455064131
73,7Iron,A,four3_path_tdm,radar,ops,20,6,16.719525504644952,18.677999999999987,50.470732339714075,48.94787602387909,-1.9584744953550342,-1.9457823114900104,-1.8449536422984247,0.10082866919158562,0.1524,10.404948650719305,1.5709841628737065,2.4854899919451223,4.970979983890245,18.747424699345338,0.6973938455064131
73,7Iron,A,four3_path_tdm_neg,radar,ops,20,6,16.592623952778563,18.677999999999987,50.470732339714075,48.94787602387909,-2.0853760472214233,-1.9471090437698928,-1.8403631261442965,0.10674591762559626,0.1524,10.404948650719305,1.5709841628737065,2.4854899919451223,4.970979983890245,18.747424699345338,0.6973938455064131
73,7Iron,A,four4_path_tdm,radar,ops,20,6,16.634852024927763,18.677999999999987,50.470732339714075,48.94787602387909,-2.0431479750722232,-1.9251563713836324,-1.871692098184436,0.05346427319919633,0.1524,10.404948650719305,1.5709841628737065,2.4854899919451223,4.970979983890245,18.747424699345338,0.6973938455064131
73,7Iron,A,four4_path_tdm_neg,radar,ops,20,6,16.634852024927785,18.677999999999987,50.470732339714075,48.94787602387909,-2.043147975072202,-1.9251563713836315,-1.871692098184435,0.053464273199196555,0.1524,10.404948650719305,1.5709841628737065,2.4854899919451223,4.970979983890245,18.747424699345338,0.6973938455064131
73,7Iron,A,tx_later4,radar,ops,20,6,15.471723625600328,18.677999999999987,50.470732339714075,48.94787602387909,-3.2062763743996587,-1.7150463583554505,-1.6999756934090844,0.015070664946366108,0.1524,10.404948650719305,1.5709841628737065,2.4854899919451223,4.970979983890245,18.747424699345338,0.6973938455064131
73,7Iron,A,tx_earlier4,radar,ops,20,6,18.11132874044033,18.677999999999987,50.470732339714075,48.94787602387909,-0.566671259559655,-2.0810399258999137,-2.067126812315753,0.013913113584160808,0.1524,10.404948650719305,1.5709841628737065,2.4854899919451223,4.970979983890245,18.747424699345338,0.6973938455064131
74,7Iron,A,two8,radar,ops,17,5,14.532600550462378,16.30699999999998,53.91293463391955,52.245087594089,-1.7743994495376025,-1.4905680783501551,-1.4378879069663935,0.05268017138376169,0.1524,10.404948650719305,1.5709841628737065,2.245325921348318,4.490651842696636,16.922831067916306,0.7589463890119509
74,7Iron,A,two8_path_tdm,radar,ops,17,5,14.523104629997409,16.30699999999998,53.91293463391955,52.245087594089,-1.783895370002572,-1.4945597344009485,-1.4413670671929961,0.05319266720795235,0.1524,10.404948650719305,1.5709841628737065,2.245325921348318,4.490651842696636,16.922831067916306,0.7589463890119509
74,7Iron,A,two8_path_tdm_neg,radar,ops,17,5,14.543750564114438,16.30699999999998,53.91293463391955,52.245087594089,-1.7632494358855428,-1.486372491009923,-1.43433620947362,0.05203628153630291,0.1524,10.404948650719305,1.5709841628737065,2.245325921348318,4.490651842696636,16.922831067916306,0.7589463890119509
74,7Iron,A,four3,radar,ops,17,5,14.120507165520241,16.30699999999998,53.91293463391955,52.245087594089,-2.18649283447974,-1.3369357291010697,-1.3185282083232142,0.01840752077785557,0.1524,10.404948650719305,1.5709841628737065,2.245325921348318,4.490651842696636,16.922831067916306,0.7589463890119509
74,7Iron,A,four3_path_tdm,radar,ops,17,5,14.112248808836723,16.30699999999998,53.91293463391955,52.245087594089,-2.194751191163258,-1.3470908846006595,-1.3300310636188484,0.017059820981811136,0.1524,10.404948650719305,1.5709841628737065,2.245325921348318,4.490651842696636,16.922831067916306,0.7589463890119509
74,7Iron,A,four3_path_tdm_neg,radar,ops,17,5,14.126951521213812,16.30699999999998,53.91293463391955,52.245087594089,-2.180048478786169,-1.3268863591602513,-1.3072332096798307,0.01965314948042063,0.1524,10.404948650719305,1.5709841628737065,2.245325921348318,4.490651842696636,16.922831067916306,0.7589463890119509
74,7Iron,A,four4_path_tdm,radar,ops,17,5,14.48741599174107,16.30699999999998,53.91293463391955,52.245087594089,-1.8195840082589108,-1.4193004185998643,-1.4058676967576715,0.013432721842192796,0.1524,10.404948650719305,1.5709841628737065,2.245325921348318,4.490651842696636,16.922831067916306,0.7589463890119509
74,7Iron,A,four4_path_tdm_neg,radar,ops,17,5,14.487415991740962,16.30699999999998,53.91293463391955,52.245087594089,-1.8195840082590191,-1.419300418599863,-1.405867696757674,0.013432721842189022,0.1524,10.404948650719305,1.5709841628737065,2.245325921348318,4.490651842696636,16.922831067916306,0.7589463890119509
74,7Iron,A,tx_later4,radar,ops,17,5,18.41686992699439,16.30699999999998,53.91293463391955,52.245087594089,2.10986992699441,-1.7540210531069782,-1.7331395550042494,0.02088149810272877,0.1524,10.404948650719305,1.5709841628737065,2.245325921348318,4.490651842696636,16.922831067916306,0.7589463890119509
74,7Iron,A,tx_earlier4,radar,ops,17,5,4.9877005444654285,16.30699999999998,53.91293463391955,52.245087594089,-11.319299455534551,-1.1328749315023732,-0.9880130933674618,0.14486183813491138,0.1524,10.404948650719305,1.5709841628737065,2.245325921348318,4.490651842696636,16.922831067916306,0.7589463890119509
75,7Iron,A,two8,radar,ops,22,7,15.563867520237123,17.240999999999993,52.66122470875392,51.04982513255473,-1.6771324797628697,-1.5045815995390501,-1.4452457622639208,0.059335837275129366,0.1524,10.404948650719305,1.5709841628737065,2.350958417558935,4.70191683511787,17.725037975604877,0.7315387118095754
75,7Iron,A,two8_path_tdm,radar,ops,22,7,15.579747465513405,17.240999999999993,52.66122470875392,51.04982513255473,-1.6612525344865876,-1.5081897537258246,-1.450709742738199,0.057480010987625674,0.1524,10.404948650719305,1.5709841628737065,2.350958417558935,4.70191683511787,17.725037975604877,0.7315387118095754
75,7Iron,A,two8_path_tdm_neg,radar,ops,22,7,15.54751900830912,17.240999999999993,52.66122470875392,51.04982513255473,-1.6934809916908726,-1.5009942243628458,-1.4399767745903993,0.0610174497724465,0.1524,10.404948650719305,1.5709841628737065,2.350958417558935,4.70191683511787,17.725037975604877,0.7315387118095754
75,7Iron,A,four3,radar,ops,22,7,15.654352181253335,17.240999999999993,52.66122470875392,51.04982513255473,-1.5866478187466573,-1.5347210243851463,-1.5158140259899326,0.018906998395213703,0.1524,10.404948650719305,1.5709841628737065,2.350958417558935,4.70191683511787,17.725037975604877,0.7315387118095754
75,7Iron,A,four3_path_tdm,radar,ops,22,7,15.679784696631012,17.240999999999993,52.66122470875392,51.04982513255473,-1.5612153033689804,-1.5427681923849434,-1.5243775236723012,0.018390668712642277,0.1524,10.404948650719305,1.5709841628737065,2.350958417558935,4.70191683511787,17.725037975604877,0.7315387118095754
75,7Iron,A,four3_path_tdm_neg,radar,ops,22,7,15.63107027350585,17.240999999999993,52.66122470875392,51.04982513255473,-1.6099297264941423,-1.5268894835347162,-1.5074962894221058,0.019393194112610423,0.1524,10.404948650719305,1.5709841628737065,2.350958417558935,4.70191683511787,17.725037975604877,0.7315387118095754
75,7Iron,A,four4_path_tdm,radar,ops,22,7,15.725109455029163,17.240999999999993,52.66122470875392,51.04982513255473,-1.51589054497083,-1.527566666574516,-1.5092217526899687,0.018344913884547287,0.1524,10.404948650719305,1.5709841628737065,2.350958417558935,4.70191683511787,17.725037975604877,0.7315387118095754
75,7Iron,A,four4_path_tdm_neg,radar,ops,22,7,15.72510945502924,17.240999999999993,52.66122470875392,51.04982513255473,-1.5158905449707518,-1.5275666665745147,-1.5092217526899685,0.018344913884546177,0.1524,10.404948650719305,1.5709841628737065,2.350958417558935,4.70191683511787,17.725037975604877,0.7315387118095754
75,7Iron,A,tx_later4,radar,ops,22,7,16.192301717002312,17.240999999999993,52.66122470875392,51.04982513255473,-1.0486982829976803,-1.806234285526801,-1.7979011903009143,0.008333095225886655,0.1524,10.404948650719305,1.5709841628737065,2.350958417558935,4.70191683511787,17.725037975604877,0.7315387118095754
75,7Iron,A,tx_earlier4,radar,ops,22,7,9.419848522860486,17.240999999999993,52.66122470875392,51.04982513255473,-7.821151477139507,-1.2307446335686305,-1.118804650257532,0.11193998331109856,0.1524,10.404948650719305,1.5709841628737065,2.350958417558935,4.70191683511787,17.725037975604877,0.7315387118095754
76,7Iron,A,two8,radar,ops,21,6,8.518562424999946,12.092000000000013,46.49208293472332,45.36356297306607,-3.5734375750000673,-1.229575033957232,-1.1330489788518747,0.09652605510535728,0.1524,10.404948650719305,1.5709841628737065,1.5121371067045475,3.024274213409095,11.36988797967983,0.9651732900795856
76,7Iron,A,two8_path_tdm,radar,ops,21,6,8.506372328006604,12.092000000000013,46.49208293472332,45.36356297306607,-3.585627671993409,-1.2306755953463209,-1.1319802574737974,0.09869533787252349,0.1524,10.404948650719305,1.5709841628737065,1.5121371067045475,3.024274213409095,11.36988797967983,0.9651732900795856
76,7Iron,A,two8_path_tdm_neg,radar,ops,21,6,8.531467708491359,12.092000000000013,46.49208293472332,45.36356297306607,-3.560532291508654,-1.2285808905168616,-1.1341742214180137,0.09440666909884787,0.1524,10.404948650719305,1.5709841628737065,1.5121371067045475,3.024274213409095,11.36988797967983,0.9651732900795856
76,7Iron,A,four3,radar,ops,21,6,13.813499876346574,12.092000000000013,46.49208293472332,45.36356297306607,1.7214998763465612,-0.9510247782476919,-0.9426032484263729,0.008421529821319051,0.1524,10.404948650719305,1.5709841628737065,1.5121371067045475,3.024274213409095,11.36988797967983,0.9651732900795856
76,7Iron,A,four3_path_tdm,radar,ops,21,6,-1.5762722483809843,12.092000000000013,46.49208293472332,45.36356297306607,-13.668272248380998,-0.9602774259342034,-0.9440534099452039,0.016224015988999474,0.1524,10.404948650719305,1.5709841628737065,1.5121371067045475,3.024274213409095,11.36988797967983,0.9651732900795856
76,7Iron,A,four3_path_tdm_neg,radar,ops,21,6,13.72007307733695,12.092000000000013,46.49208293472332,45.36356297306607,1.6280730773369374,-0.9466743162373848,-0.9396298508748054,0.007044465362579411,0.1524,10.404948650719305,1.5709841628737065,1.5121371067045475,3.024274213409095,11.36988797967983,0.9651732900795856
76,7Iron,A,four4_path_tdm,radar,ops,21,6,13.456759463896145,12.092000000000013,46.49208293472332,45.36356297306607,1.3647594638961316,-1.3805164677117183,-1.3761165876043853,0.004399880107333054,0.1524,10.404948650719305,1.5709841628737065,1.5121371067045475,3.024274213409095,11.36988797967983,0.9651732900795856
76,7Iron,A,four4_path_tdm_neg,radar,ops,21,6,13.456759463896164,12.092000000000013,46.49208293472332,45.36356297306607,1.364759463896151,-1.380516467711718,-1.376116587604386,0.004399880107332166,0.1524,10.404948650719305,1.5709841628737065,1.5121371067045475,3.024274213409095,11.36988797967983,0.9651732900795856
76,7Iron,A,tx_later4,radar,ops,21,6,12.767825241265703,12.092000000000013,46.49208293472332,45.36356297306607,0.6758252412656898,-1.3711540547700718,-1.3684529744994418,0.0027010802706299852,0.1524,10.404948650719305,1.5709841628737065,1.5121371067045475,3.024274213409095,11.36988797967983,0.9651732900795856
76,7Iron,A,tx_earlier4,radar,ops,21,6,15.494765685642859,12.092000000000013,46.49208293472332,45.36356297306607,3.402765685642846,-1.3982538687847403,-1.344314979545942,0.053938889238798415,0.1524,10.404948650719305,1.5709841628737065,1.5121371067045475,3.024274213409095,11.36988797967983,0.9651732900795856
77,7Iron,A,two8,radar,ops,19,6,8.970823468921614,13.927999999999987,46.447379008824555,45.31103690428078,-4.957176531078373,-1.3416420446621935,-1.1368904847812122,0.20475155988098126,0.1524,10.404948650719305,1.5709841628737065,1.8356300995302055,3.671260199060411,13.81625612347526,0.8681071404914379
77,7Iron,A,two8_path_tdm,radar,ops,19,6,8.958441622076723,13.927999999999987,46.447379008824555,45.31103690428078,-4.9695583779232635,-1.3472429561159727,-1.139488359858556,0.20775459625741677,0.1524,10.404948650719305,1.5709841628737065,1.8356300995302055,3.671260199060411,13.81625612347526,0.8681071404914379
77,7Iron,A,two8_path_tdm_neg,radar,ops,19,6,8.984235689664196,13.927999999999987,46.447379008824555,45.31103690428078,-4.943764310335791,-1.3359850034582248,-1.1342005090353757,0.20178449442284907,0.1524,10.404948650719305,1.5709841628737065,1.8356300995302055,3.671260199060411,13.81625612347526,0.8681071404914379
77,7Iron,A,four3,radar,ops,19,6,18.395513887066762,13.927999999999987,46.447379008824555,45.31103690428078,4.467513887066776,-1.3809708070392173,-1.3200024238499384,0.060968383189278885,0.1524,10.404948650719305,1.5709841628737065,1.8356300995302055,3.671260199060411,13.81625612347526,0.8681071404914379
77,7Iron,A,four3_path_tdm,radar,ops,19,6,18.09033991988503,13.927999999999987,46.447379008824555,45.31103690428078,4.162339919885042,-1.3970212893432798,-1.3317869211653415,0.06523436817793837,0.1524,10.404948650719305,1.5709841628737065,1.8356300995302055,3.671260199060411,13.81625612347526,0.8681071404914379
77,7Iron,A,four3_path_tdm_neg,radar,ops,19,6,18.684035275463806,13.927999999999987,46.447379008824555,45.31103690428078,4.7560352754638195,-1.3633017377827754,-1.3072010530001388,0.056100684782636634,0.1524,10.404948650719305,1.5709841628737065,1.8356300995302055,3.671260199060411,13.81625612347526,0.8681071404914379
77,7Iron,A,four4_path_tdm,radar,ops,19,6,17.108187994367725,13.927999999999987,46.447379008824555,45.31103690428078,3.1801879943677385,-1.9390107687689744,-1.8584636878375405,0.08054708093143392,0.1524,10.404948650719305,1.5709841628737065,1.8356300995302055,3.671260199060411,13.81625612347526,0.8681071404914379
77,7Iron,A,four4_path_tdm_neg,radar,ops,19,6,17.108187994367704,13.927999999999987,46.447379008824555,45.31103690428078,3.180187994367717,-1.9390107687689746,-1.8584636878375382,0.08054708093143637,0.1524,10.404948650719305,1.5709841628737065,1.8356300995302055,3.671260199060411,13.81625612347526,0.8681071404914379
77,7Iron,A,tx_later4,radar,ops,19,6,13.551103773841223,13.927999999999987,46.447379008824555,45.31103690428078,-0.37689622615876317,-2.1660719251339944,-2.164935681199272,0.0011362439347224473,0.1524,10.404948650719305,1.5709841628737065,1.8356300995302055,3.671260199060411,13.81625612347526,0.8681071404914379
77,7Iron,A,tx_earlier4,radar,ops,19,6,16.758649453596117,13.927999999999987,46.447379008824555,45.31103690428078,2.8306494535961306,-1.663407571968811,-1.5651478774012437,0.09825969456756733,0.1524,10.404948650719305,1.5709841628737065,1.8356300995302055,3.671260199060411,13.81625612347526,0.8681071404914379
78,7Iron,A,two8,radar,ops,20,5,-2.445591411527915,6.121999999999985,30.97982064784929,30.635365440809792,-8.5675914115279,-2.502744658604016,-2.390679951934796,0.1120647066692202,0.1524,10.404948650719305,1.5709841628737065,0.8401431064723353,1.6802862129446705,6.309573713719116,1.337716895253092
78,7Iron,A,two8_path_tdm,radar,ops,20,5,-1.473913218133064,6.121999999999985,30.97982064784929,30.635365440809792,-7.595913218133049,-2.5578961738715025,-2.3906582845594375,0.16723788931206496,0.1524,10.404948650719305,1.5709841628737065,0.8401431064723353,1.6802862129446705,6.309573713719116,1.337716895253092
78,7Iron,A,two8_path_tdm_neg,radar,ops,20,5,-2.5288601329459413,6.121999999999985,30.97982064784929,30.635365440809792,-8.650860132945926,-2.534025456614926,-2.3899332969449247,0.14409215967000133,0.1524,10.404948650719305,1.5709841628737065,0.8401431064723353,1.6802862129446705,6.309573713719116,1.337716895253092
78,7Iron,A,four3,radar,ops,20,5,-1.7382517433593834,6.121999999999985,30.97982064784929,30.635365440809792,-7.860251743359369,-2.228083333437377,-2.1678682023310945,0.06021513110628263,0.1524,10.404948650719305,1.5709841628737065,0.8401431064723353,1.6802862129446705,6.309573713719116,1.337716895253092
78,7Iron,A,four3_path_tdm,radar,ops,20,5,-1.3987091484846097,6.121999999999985,30.97982064784929,30.635365440809792,-7.5207091484845945,-2.3259165995432345,-2.1648585844902932,0.16105801505294126,0.1524,10.404948650719305,1.5709841628737065,0.8401431064723353,1.6802862129446705,6.309573713719116,1.337716895253092
78,7Iron,A,four3_path_tdm_neg,radar,ops,20,5,-2.611942788463926,6.121999999999985,30.97982064784929,30.635365440809792,-8.73394278846391,-2.262738166164884,-2.170431083658564,0.09230708250632036,0.1524,10.404948650719305,1.5709841628737065,0.8401431064723353,1.6802862129446705,6.309573713719116,1.337716895253092
78,7Iron,A,four4_path_tdm,radar,ops,20,5,9.809292171387103,6.121999999999985,30.97982064784929,30.635365440809792,3.687292171387118,-2.558370790291747,-2.5371612482297463,0.021209542062000875,0.1524,10.404948650719305,1.5709841628737065,0.8401431064723353,1.6802862129446705,6.309573713719116,1.337716895253092
78,7Iron,A,four4_path_tdm_neg,radar,ops,20,5,9.809292171388034,6.121999999999985,30.97982064784929,30.635365440809792,3.687292171388049,-2.5583707902917467,-2.537161248229747,0.021209542061999542,0.1524,10.404948650719305,1.5709841628737065,0.8401431064723353,1.6802862129446705,6.309573713719116,1.337716895253092
78,7Iron,A,tx_later4,radar,ops,20,5,14.568236323816734,6.121999999999985,30.97982064784929,30.635365440809792,8.446236323816748,-2.4690703805154053,-2.3468773636099347,0.12219301690547058,0.1524,10.404948650719305,1.5709841628737065,0.8401431064723353,1.6802862129446705,6.309573713719116,1.337716895253092
78,7Iron,A,tx_earlier4,radar,ops,20,5,9.513876696371392,6.121999999999985,30.97982064784929,30.635365440809792,3.3918766963714075,-2.6915763557942354,-2.674693502364985,0.016882853429250222,0.1524,10.404948650719305,1.5709841628737065,0.8401431064723353,1.6802862129446705,6.309573713719116,1.337716895253092
79,7Iron,A,two8,radar,ops,23,7,10.690254997000801,15.657999999999998,49.75546952533371,47.30214778733609,-4.967745002999196,-1.3057697270906856,-1.011032608729693,0.2947371183609926,0.1524,10.404948650719305,1.5709841628737065,1.9777349304628045,3.955469860925609,14.88989545655567,0.8128228403786634
79,7Iron,A,two8_path_tdm,radar,ops,23,7,10.655922152526928,15.657999999999998,49.75546952533371,47.30214778733609,-5.002077847473069,-1.3096819586146788,-1.0100711962303242,0.2996107623843547,0.1524,10.404948650719305,1.5709841628737065,1.9777349304628045,3.955469860925609,14.88989545655567,0.8128228403786634
79,7Iron,A,two8_path_tdm_neg,radar,ops,23,7,10.721948242080574,15.657999999999998,49.75546952533371,47.30214778733609,-4.936051757919424,-1.301710992562142,-1.0116263856006307,0.2900846069615113,0.1524,10.404948650719305,1.5709841628737065,1.9777349304628045,3.955469860925609,14.88989545655567,0.8128228403786634
79,7Iron,A,four3,radar,ops,23,7,12.932080651079348,15.657999999999998,49.75546952533371,47.30214778733609,-2.72591934892065,-1.1723121967101788,-1.1578688085767048,0.014443388133474011,0.1524,10.404948650719305,1.5709841628737065,1.9777349304628045,3.955469860925609,14.88989545655567,0.8128228403786634
79,7Iron,A,four3_path_tdm,radar,ops,23,7,13.034494654729242,15.657999999999998,49.75546952533371,47.30214778733609,-2.6235053452707557,-1.1772171668411118,-1.1637263704486283,0.013490796392483517,0.1524,10.404948650719305,1.5709841628737065,1.9777349304628045,3.955469860925609,14.88989545655567,0.8128228403786634
79,7Iron,A,four3_path_tdm_neg,radar,ops,23,7,-4.025065105966291,15.657999999999998,49.75546952533371,47.30214778733609,-19.68306510596629,-1.190016249678645,-1.1520034499050638,0.038012799773581296,0.1524,10.404948650719305,1.5709841628737065,1.9777349304628045,3.955469860925609,14.88989545655567,0.8128228403786634
79,7Iron,A,four4_path_tdm,radar,ops,23,7,9.960982343964949,15.657999999999998,49.75546952533371,47.30214778733609,-5.697017656035049,-1.5435656085656437,-1.49890005534826,0.044665553217383636,0.1524,10.404948650719305,1.5709841628737065,1.9777349304628045,3.955469860925609,14.88989545655567,0.8128228403786634
79,7Iron,A,four4_path_tdm_neg,radar,ops,23,7,9.960982343964771,15.657999999999998,49.75546952533371,47.30214778733609,-5.697017656035227,-1.5435656085656453,-1.4989000553482605,0.044665553217384746,0.1524,10.404948650719305,1.5709841628737065,1.9777349304628045,3.955469860925609,14.88989545655567,0.8128228403786634
79,7Iron,A,tx_later4,radar,ops,23,7,13.337828163568437,15.657999999999998,49.75546952533371,47.30214778733609,-2.3201718364315607,-1.726250569949182,-1.682711902545145,0.043538667404037,0.1524,10.404948650719305,1.5709841628737065,1.9777349304628045,3.955469860925609,14.88989545655567,0.8128228403786634
79,7Iron,A,tx_earlier4,radar,ops,23,7,15.800261753531446,15.657999999999998,49.75546952533371,47.30214778733609,0.14226175353144832,-1.293815312685797,-1.293860850244889,-4.553755909197932e-05,0.1524,10.404948650719305,1.5709841628737065,1.9777349304628045,3.955469860925609,14.88989545655567,0.8128228403786634
80,7Iron,A,two8,radar,ops,23,6,11.978784635984653,14.687999999999988,47.430865378597545,45.21606063570799,-2.7092153640153356,-0.8655816785312567,-0.7980110839844591,0.06757059454679759,0.1524,10.404948650719305,1.5709841628737065,1.8718575759894884,3.743715151978977,14.088725148514298,0.8461074994915314
80,7Iron,A,two8_path_tdm,radar,ops,23,6,-2.4878308681140737,14.687999999999988,47.430865378597545,45.21606063570799,-17.175830868114062,-1.055657069851111,-0.8015401119640438,0.2541169578870671,0.1524,10.404948650719305,1.5709841628737065,1.8718575759894884,3.743715151978977,14.088725148514298,0.8461074994915314
80,7Iron,A,two8_path_tdm_neg,radar,ops,23,6,11.998427092081421,14.687999999999988,47.430865378597545,45.21606063570799,-2.689572907918567,-0.8618588553007286,-0.7950975942440798,0.06676126105664881,0.1524,10.404948650719305,1.5709841628737065,1.8718575759894884,3.743715151978977,14.088725148514298,0.8461074994915314
80,7Iron,A,four3,radar,ops,23,6,15.707098953934624,14.687999999999988,47.430865378597545,45.21606063570799,1.0190989539346358,-0.6656725128242583,-0.6634049615321825,0.0022675512920757868,0.1524,10.404948650719305,1.5709841628737065,1.8718575759894884,3.743715151978977,14.088725148514298,0.8461074994915314
80,7Iron,A,four3_path_tdm,radar,ops,23,6,-2.467174726297172,14.687999999999988,47.430865378597545,45.21606063570799,-17.15517472629716,-0.9376868045054431,-0.6716870152327316,0.2659997892727115,0.1524,10.404948650719305,1.5709841628737065,1.8718575759894884,3.743715151978977,14.088725148514298,0.8461074994915314
80,7Iron,A,four3_path_tdm_neg,radar,ops,23,6,15.573334978387408,14.687999999999988,47.430865378597545,45.21606063570799,0.8853349783874194,-0.6574894251261022,-0.6556920302454067,0.0017973948806955242,0.1524,10.404948650719305,1.5709841628737065,1.8718575759894884,3.743715151978977,14.088725148514298,0.8461074994915314
80,7Iron,A,four4_path_tdm,radar,ops,23,6,11.779580293829415,14.687999999999988,47.430865378597545,45.21606063570799,-2.908419706170573,-1.4002922503684794,-1.3627825683614156,0.03750968200706373,0.1524,10.404948650719305,1.5709841628737065,1.8718575759894884,3.743715151978977,14.088725148514298,0.8461074994915314
80,7Iron,A,four4_path_tdm_neg,radar,ops,23,6,11.779580293829573,14.687999999999988,47.430865378597545,45.21606063570799,-2.908419706170415,-1.4002922503684794,-1.362782568361415,0.03750968200706439,0.1524,10.404948650719305,1.5709841628737065,1.8718575759894884,3.743715151978977,14.088725148514298,0.8461074994915314
80,7Iron,A,tx_later4,radar,ops,23,6,9.55033661519688,14.687999999999988,47.430865378597545,45.21606063570799,-5.137663384803108,-1.7364177068614515,-1.6080642948360726,0.12835341202537887,0.1524,10.404948650719305,1.5709841628737065,1.8718575759894884,3.743715151978977,14.088725148514298,0.8461074994915314
80,7Iron,A,tx_earlier4,radar,ops,23,6,10.266967596117766,14.687999999999988,47.430865378597545,45.21606063570799,-4.421032403882222,-1.2190703387768955,-1.1511166907365513,0.0679536480403442,0.1524,10.404948650719305,1.5709841628737065,1.8718575759894884,3.743715151978977,14.088725148514298,0.8461074994915314
81,7Iron,A,two8,radar,ops,22,6,6.301006748624017,9.146999999999982,48.727279229661946,47.111467292198604,-2.8459932513759654,-1.0659165052822297,-1.0226425723497155,0.04327393293251425,0.1524,10.404948650719305,1.5709841628737065,1.2130658970667563,2.4261317941335125,9.116059131796248,1.1100366775457713
81,7Iron,A,two8_path_tdm,radar,ops,22,6,-4.0437261362954935,9.146999999999982,48.727279229661946,47.111467292198604,-13.190726136295476,-1.0912112747732843,-1.0213554587110558,0.06985581606222846,0.1524,10.404948650719305,1.5709841628737065,1.2130658970667563,2.4261317941335125,9.116059131796248,1.1100366775457713
81,7Iron,A,two8_path_tdm_neg,radar,ops,22,6,-2.300740873295611,9.146999999999982,48.727279229661946,47.111467292198604,-11.447740873295594,-1.0698996746620446,-1.0240126518352615,0.04588702282678314,0.1524,10.404948650719305,1.5709841628737065,1.2130658970667563,2.4261317941335125,9.116059131796248,1.1100366775457713
81,7Iron,A,four3,radar,ops,22,6,10.116810545787907,9.146999999999982,48.727279229661946,47.111467292198604,0.969810545787924,-0.7115725155592432,-0.709028534053734,0.002543981505509163,0.1524,10.404948650719305,1.5709841628737065,1.2130658970667563,2.4261317941335125,9.116059131796248,1.1100366775457713
81,7Iron,A,four3_path_tdm,radar,ops,22,6,-1.0232172914486883,9.146999999999982,48.727279229661946,47.111467292198604,-10.17021729144867,-0.7727697456247361,-0.7134311276332436,0.05933861799149254,0.1524,10.404948650719305,1.5709841628737065,1.2130658970667563,2.4261317941335125,9.116059131796248,1.1100366775457713
81,7Iron,A,four3_path_tdm_neg,radar,ops,22,6,-2.302543147057731,9.146999999999982,48.727279229661946,47.111467292198604,-11.449543147057714,-0.7451650528726085,-0.7043729555062203,0.040792097366388225,0.1524,10.404948650719305,1.5709841628737065,1.2130658970667563,2.4261317941335125,9.116059131796248,1.1100366775457713
81,7Iron,A,four4_path_tdm,radar,ops,22,6,7.084704674036954,9.146999999999982,48.727279229661946,47.111467292198604,-2.062295325963029,-0.9234649363490585,-0.9207331809748392,0.0027317553742192136,0.1524,10.404948650719305,1.5709841628737065,1.2130658970667563,2.4261317941335125,9.116059131796248,1.1100366775457713
81,7Iron,A,four4_path_tdm_neg,radar,ops,22,6,7.084704674035632,9.146999999999982,48.727279229661946,47.111467292198604,-2.0622953259643504,-0.9234649363490588,-0.9207331809748398,0.0027317553742189915,0.1524,10.404948650719305,1.5709841628737065,1.2130658970667563,2.4261317941335125,9.116059131796248,1.1100366775457713
81,7Iron,A,tx_later4,radar,ops,22,6,9.43045008903122,9.146999999999982,48.727279229661946,47.111467292198604,0.2834500890312377,-1.058865861194874,-1.058514050795938,0.0003518103989359478,0.1524,10.404948650719305,1.5709841628737065,1.2130658970667563,2.4261317941335125,9.116059131796248,1.1100366775457713
81,7Iron,A,tx_earlier4,radar,ops,22,6,11.34480251492021,9.146999999999982,48.727279229661946,47.111467292198604,2.1978025149202267,-0.9223873548349939,-0.9138748467724742,0.008512508062519686,0.1524,10.404948650719305,1.5709841628737065,1.2130658970667563,2.4261317941335125,9.116059131796248,1.1100366775457713
82,7Iron,A,two8,radar,ops,23,6,12.068938446751837,17.27599999999998,48.548463526066854,46.632556508514135,-5.207061553248142,-1.3636813839079431,-1.1338816745299611,0.229799709377982,0.1524,10.404948650719305,1.5709841628737065,2.2022425912240573,4.404485182448115,16.592540459898302,0.7556428417146562
82,7Iron,A,two8_path_tdm,radar,ops,23,6,12.035820449460736,17.27599999999998,48.548463526066854,46.632556508514135,-5.240179550539242,-1.3634518742874369,-1.1274413733718998,0.2360105009155371,0.1524,10.404948650719305,1.5709841628737065,2.2022425912240573,4.404485182448115,16.592540459898302,0.7556428417146562
82,7Iron,A,two8_path_tdm_neg,radar,ops,23,6,12.122125624240738,17.27599999999998,48.548463526066854,46.632556508514135,-5.153874375759241,-1.3639877713366466,-1.140872395887557,0.22311537544908955,0.1524,10.404948650719305,1.5709841628737065,2.2022425912240573,4.404485182448115,16.592540459898302,0.7556428417146562
82,7Iron,A,four3,radar,ops,23,6,15.656964310771272,17.27599999999998,48.548463526066854,46.632556508514135,-1.6190356892287063,-1.5236232221289876,-1.5102484562326899,0.013374765896297713,0.1524,10.404948650719305,1.5709841628737065,2.2022425912240573,4.404485182448115,16.592540459898302,0.7556428417146562
82,7Iron,A,four3_path_tdm,radar,ops,23,6,15.733043625466872,17.27599999999998,48.548463526066854,46.632556508514135,-1.542956374533107,-1.530502445381261,-1.516021530400372,0.014480914980889104,0.1524,10.404948650719305,1.5709841628737065,2.2022425912240573,4.404485182448115,16.592540459898302,0.7556428417146562
82,7Iron,A,four3_path_tdm_neg,radar,ops,23,6,15.460734244893448,17.27599999999998,48.548463526066854,46.632556508514135,-1.8152657551065303,-1.515781725181547,-1.5015918805076298,0.014189844673917262,0.1524,10.404948650719305,1.5709841628737065,2.2022425912240573,4.404485182448115,16.592540459898302,0.7556428417146562
82,7Iron,A,four4_path_tdm,radar,ops,23,6,17.886175379250993,17.27599999999998,48.548463526066854,46.632556508514135,0.6101753792510145,-1.5630785518973138,-1.558569143685104,0.004509408212209909,0.1524,10.404948650719305,1.5709841628737065,2.2022425912240573,4.404485182448115,16.592540459898302,0.7556428417146562
82,7Iron,A,four4_path_tdm_neg,radar,ops,23,6,17.88617537925113,17.27599999999998,48.548463526066854,46.632556508514135,0.6101753792511531,-1.5630785518973138,-1.5585691436851024,0.004509408212211463,0.1524,10.404948650719305,1.5709841628737065,2.2022425912240573,4.404485182448115,16.592540459898302,0.7556428417146562
82,7Iron,A,tx_later4,radar,ops,23,6,12.572097516278788,17.27599999999998,48.548463526066854,46.632556508514135,-4.7039024837211905,-2.0803889431424896,-2.0143596431589077,0.06602929998358187,0.1524,10.404948650719305,1.5709841628737065,2.2022425912240573,4.404485182448115,16.592540459898302,0.7556428417146562
82,7Iron,A,tx_earlier4,radar,ops,23,6,18.55435903954367,17.27599999999998,48.548463526066854,46.632556508514135,1.278359039543691,-1.1194530421347897,-1.1160807746627883,0.003372267472001367,0.1524,10.404948650719305,1.5709841628737065,2.2022425912240573,4.404485182448115,16.592540459898302,0.7556428417146562
83,7Iron,A,two8,radar,ops,20,5,12.697015992773416,18.87599999999999,50.06839700662512,48.107925317263614,-6.178984007226575,-1.3786145235767455,-1.0985693039414166,0.2800452196353289,0.1524,10.404948650719305,1.5709841628737065,2.4691407043011426,4.938281408602285,18.62202001539187,0.6976842000458159
83,7Iron,A,two8_path_tdm,radar,ops,20,5,12.65021207018089,18.87599999999999,50.06839700662512,48.107925317263614,-6.2257879298191,-1.3756697045877282,-1.0900920650773493,0.28557763951037884,0.1524,10.404948650719305,1.5709841628737065,2.4691407043011426,4.938281408602285,18.62202001539187,0.6976842000458159
83,7Iron,A,two8_path_tdm_neg,radar,ops,20,5,12.804489966089319,18.87599999999999,50.06839700662512,48.107925317263614,-6.071510033910672,-1.3814065883620625,-1.1064176375877615,0.2749889507743011,0.1524,10.404948650719305,1.5709841628737065,2.4691407043011426,4.938281408602285,18.62202001539187,0.6976842000458159
83,7Iron,A,four3,radar,ops,20,5,14.737624273428452,18.87599999999999,50.06839700662512,48.107925317263614,-4.138375726571539,-1.367753483660739,-1.3299114822695288,0.03784200139121019,0.1524,10.404948650719305,1.5709841628737065,2.4691407043011426,4.938281408602285,18.62202001539187,0.6976842000458159
83,7Iron,A,four3_path_tdm,radar,ops,20,5,14.813065678195015,18.87599999999999,50.06839700662512,48.107925317263614,-4.062934321804976,-1.3741304960534526,-1.3375722585347964,0.03655823751865617,0.1524,10.404948650719305,1.5709841628737065,2.4691407043011426,4.938281408602285,18.62202001539187,0.6976842000458159
83,7Iron,A,four3_path_tdm_neg,radar,ops,20,5,-3.588612259524817,18.87599999999999,50.06839700662512,48.107925317263614,-22.464612259524806,-1.4049403783645111,-1.3220579450460497,0.08288243331846146,0.1524,10.404948650719305,1.5709841628737065,2.4691407043011426,4.938281408602285,18.62202001539187,0.6976842000458159
83,7Iron,A,four4_path_tdm,radar,ops,20,5,15.64609214774449,18.87599999999999,50.06839700662512,48.107925317263614,-3.2299078522555007,-1.5245313537086582,-1.4943276823145457,0.030203671394112508,0.1524,10.404948650719305,1.5709841628737065,2.4691407043011426,4.938281408602285,18.62202001539187,0.6976842000458159
83,7Iron,A,four4_path_tdm_neg,radar,ops,20,5,15.646092147744513,18.87599999999999,50.06839700662512,48.107925317263614,-3.2299078522554776,-1.5245313537086576,-1.4943276823145457,0.030203671394111842,0.1524,10.404948650719305,1.5709841628737065,2.4691407043011426,4.938281408602285,18.62202001539187,0.6976842000458159
83,7Iron,A,tx_later4,radar,ops,20,5,14.489396598245962,18.87599999999999,50.06839700662512,48.107925317263614,-4.386603401754028,-1.3891523142513456,-1.3368735291135463,0.052278785137799266,0.1524,10.404948650719305,1.5709841628737065,2.4691407043011426,4.938281408602285,18.62202001539187,0.6976842000458159
83,7Iron,A,tx_earlier4,radar,ops,20,5,20.92025456861359,18.87599999999999,50.06839700662512,48.107925317263614,2.0442545686135993,-1.7024230883873195,-1.6767779668536373,0.025645121533682147,0.1524,10.404948650719305,1.5709841628737065,2.4691407043011426,4.938281408602285,18.62202001539187,0.6976842000458159
84,7Iron,A,two8,radar,ops,12,3,9.50238529916945,16.949999999999992,54.53878959650236,52.80983073560512,-7.447614700830542,-1.5747468152575126,-1.282786634472152,0.2919601807853607,0.1524,10.404948650719305,1.5709841628737065,2.0684070619679806,4.136814123935961,15.57550984134723,0.7811093678297149
84,7Iron,A,two8_path_tdm,radar,ops,12,3,9.48419725192433,16.949999999999992,54.53878959650236,52.80983073560512,-7.465802748075662,-1.5787001607171334,-1.2717217729239538,0.30697838779317954,0.1524,10.404948650719305,1.5709841628737065,2.0684070619679806,4.136814123935961,15.57550984134723,0.7811093678297149
84,7Iron,A,two8_path_tdm_neg,radar,ops,12,3,9.525400679531964,16.949999999999992,54.53878959650236,52.80983073560512,-7.424599320468028,-1.5706740236429395,-1.292974301331232,0.2776997223117075,0.1524,10.404948650719305,1.5709841628737065,2.0684070619679806,4.136814123935961,15.57550984134723,0.7811093678297149
84,7Iron,A,four3,radar,ops,12,3,12.474314968159067,16.949999999999992,54.53878959650236,52.80983073560512,-4.475685031840925,-1.3864618063266716,-1.3519201629083213,0.03454164341835031,0.1524,10.404948650719305,1.5709841628737065,2.0684070619679806,4.136814123935961,15.57550984134723,0.7811093678297149
84,7Iron,A,four3_path_tdm,radar,ops,12,3,12.707800410370112,16.949999999999992,54.53878959650236,52.80983073560512,-4.24219958962988,-1.3963178647195083,-1.3637563763886265,0.032561488330881794,0.1524,10.404948650719305,1.5709841628737065,2.0684070619679806,4.136814123935961,15.57550984134723,0.7811093678297149
84,7Iron,A,four3_path_tdm_neg,radar,ops,12,3,12.231218926142,16.949999999999992,54.53878959650236,52.80983073560512,-4.718781073857992,-1.376181480755324,-1.339288164262216,0.03689331649310801,0.1524,10.404948650719305,1.5709841628737065,2.0684070619679806,4.136814123935961,15.57550984134723,0.7811093678297149
84,7Iron,A,four4_path_tdm,radar,ops,12,3,16.108918272953485,16.949999999999992,54.53878959650236,52.80983073560512,-0.8410817270465074,-1.304177703801771,-1.3030666556421917,0.0011110481595792976,0.1524,10.404948650719305,1.5709841628737065,2.0684070619679806,4.136814123935961,15.57550984134723,0.7811093678297149
84,7Iron,A,four4_path_tdm_neg,radar,ops,12,3,16.10891827295424,16.949999999999992,54.53878959650236,52.80983073560512,-0.8410817270457507,-1.3041777038017708,-1.3030666556421944,0.001111048159576411,0.1524,10.404948650719305,1.5709841628737065,2.0684070619679806,4.136814123935961,15.57550984134723,0.7811093678297149
84,7Iron,A,tx_later4,radar,ops,12,3,18.955743558213346,16.949999999999992,54.53878959650236,52.80983073560512,2.0057435582133536,-1.4494286211275365,-1.43854778472382,0.01088083640371651,0.1524,10.404948650719305,1.5709841628737065,2.0684070619679806,4.136814123935961,15.57550984134723,0.7811093678297149
84,7Iron,A,tx_earlier4,radar,ops,12,3,0.07454375880309612,16.949999999999992,54.53878959650236,52.80983073560512,-16.875456241196897,-1.694554629465047,-1.5038609728158665,0.1906936566491806,0.1524,10.404948650719305,1.5709841628737065,2.0684070619679806,4.136814123935961,15.57550984134723,0.7811093678297149
86,5Iron,A,two8,radar,ops,20,5,12.66300671554274,14.677,50.023693080726346,47.53024373748418,-2.013993284457259,-1.115949719292368,-1.0817205782848789,0.03422914100748908,0.1524,10.404948650719305,1.5709841628737065,1.830169880733401,3.660339761466802,13.772614440308676,0.8545019415926262
86,5Iron,A,two8_path_tdm,radar,ops,20,5,-4.02774283254086,14.677,50.023693080726346,47.53024373748418,-18.70474283254086,-1.1689351280680849,-1.0819667826519854,0.08696834541609944,0.1524,10.404948650719305,1.5709841628737065,1.830169880733401,3.660339761466802,13.772614440308676,0.8545019415926262
86,5Iron,A,two8_path_tdm_neg,radar,ops,20,5,12.667280520939748,14.677,50.023693080726346,47.53024373748418,-2.0097194790602515,-1.1154598539551346,-1.082093343522647,0.03336651043248762,0.1524,10.404948650719305,1.5709841628737065,1.830169880733401,3.660339761466802,13.772614440308676,0.8545019415926262
86,5Iron,A,four3,radar,ops,20,5,15.867182938182268,14.677,50.023693080726346,47.53024373748418,1.190182938182268,-1.1753485645093775,-1.1699786539592014,0.005369910550176105,0.1524,10.404948650719305,1.5709841628737065,1.830169880733401,3.660339761466802,13.772614440308676,0.8545019415926262
86,5Iron,A,four3_path_tdm,radar,ops,20,5,-4.0132062332712675,14.677,50.023693080726346,47.53024373748418,-18.69020623327127,-1.2479710116957088,-1.1747958972304888,0.07317511446521996,0.1524,10.404948650719305,1.5709841628737065,1.830169880733401,3.660339761466802,13.772614440308676,0.8545019415926262
86,5Iron,A,four3_path_tdm_neg,radar,ops,20,5,15.809346110701963,14.677,50.023693080726346,47.53024373748418,1.1323461107019632,-1.1706489641352298,-1.1665919800653546,0.0040569840698752024,0.1524,10.404948650719305,1.5709841628737065,1.830169880733401,3.660339761466802,13.772614440308676,0.8545019415926262
86,5Iron,A,four4_path_tdm,radar,ops,20,5,12.896186396912928,14.677,50.023693080726346,47.53024373748418,-1.780813603087072,-1.5729944124969049,-1.5577952558585175,0.015199156638387334,0.1524,10.404948650719305,1.5709841628737065,1.830169880733401,3.660339761466802,13.772614440308676,0.8545019415926262
86,5Iron,A,four4_path_tdm_neg,radar,ops,20,5,12.896186396913057,14.677,50.023693080726346,47.53024373748418,-1.7808136030869424,-1.5729944124969049,-1.5577952558585177,0.015199156638387112,0.1524,10.404948650719305,1.5709841628737065,1.830169880733401,3.660339761466802,13.772614440308676,0.8545019415926262
86,5Iron,A,tx_later4,radar,ops,20,5,15.437311663306481,14.677,50.023693080726346,47.53024373748418,0.7603116633064815,-1.7009348954340584,-1.696193623161776,0.004741272272282382,0.1524,10.404948650719305,1.5709841628737065,1.830169880733401,3.660339761466802,13.772614440308676,0.8545019415926262
86,5Iron,A,tx_earlier4,radar,ops,20,5,7.779402279395132,14.677,50.023693080726346,47.53024373748418,-6.8975977206048675,-1.4397660476887686,-1.3394261821150304,0.1003398655737382,0.1524,10.404948650719305,1.5709841628737065,1.830169880733401,3.660339761466802,13.772614440308676,0.8545019415926262
87,5Iron,A,two8,radar,ops,20,6,13.014280789419058,15.406999999999991,52.84004041234901,51.122749823040635,-2.3927192105809336,-1.5173722154237,-1.400213418590598,0.11715879683310204,0.1524,10.404948650719305,1.5709841628737065,2.073984248967231,4.147968497934462,15.621778450791949,0.7994059066044559
87,5Iron,A,two8_path_tdm,radar,ops,20,6,13.026117727869488,15.406999999999991,52.84004041234901,51.122749823040635,-2.3808822721305027,-1.5225872199414496,-1.4063531720577405,0.11623404788370917,0.1524,10.404948650719305,1.5709841628737065,2.073984248967231,4.147968497934462,15.621778450791949,0.7994059066044559
87,5Iron,A,two8_path_tdm_neg,radar,ops,20,6,13.005625065473334,15.406999999999991,52.84004041234901,51.122749823040635,-2.4013749345266575,-1.5124801990988985,-1.3946709159152422,0.11780928318365635,0.1524,10.404948650719305,1.5709841628737065,2.073984248967231,4.147968497934462,15.621778450791949,0.7994059066044559
87,5Iron,A,four3,radar,ops,20,6,14.263813760659227,15.406999999999991,52.84004041234901,51.122749823040635,-1.1431862393407641,-1.4690508965278941,-1.4592966279201987,0.00975426860769546,0.1524,10.404948650719305,1.5709841628737065,2.073984248967231,4.147968497934462,15.621778450791949,0.7994059066044559
87,5Iron,A,four3_path_tdm,radar,ops,20,6,14.272969980237985,15.406999999999991,52.84004041234901,51.122749823040635,-1.1340300197620063,-1.4798458824223921,-1.4710868422787329,0.008759040143659247,0.1524,10.404948650719305,1.5709841628737065,2.073984248967231,4.147968497934462,15.621778450791949,0.7994059066044559
87,5Iron,A,four3_path_tdm_neg,radar,ops,20,6,14.27788213827838,15.406999999999991,52.84004041234901,51.122749823040635,-1.1291178617216104,-1.4591572358359268,-1.4488290237967467,0.010328212039180107,0.1524,10.404948650719305,1.5709841628737065,2.073984248967231,4.147968497934462,15.621778450791949,0.7994059066044559
87,5Iron,A,four4_path_tdm,radar,ops,20,6,9.471619341399935,15.406999999999991,52.84004041234901,51.122749823040635,-5.935380658600057,-1.8108800488336811,-1.7202645854239471,0.09061546340973403,0.1524,10.404948650719305,1.5709841628737065,2.073984248967231,4.147968497934462,15.621778450791949,0.7994059066044559
87,5Iron,A,four4_path_tdm_neg,radar,ops,20,6,9.47161934139922,15.406999999999991,52.84004041234901,51.122749823040635,-5.935380658600771,-1.8108800488336814,-1.720264585423945,0.09061546340973647,0.1524,10.404948650719305,1.5709841628737065,2.073984248967231,4.147968497934462,15.621778450791949,0.7994059066044559
87,5Iron,A,tx_later4,radar,ops,20,6,11.501496953228568,15.406999999999991,52.84004041234901,51.122749823040635,-3.9055030467714236,-1.9237268392918552,-1.8573928281309897,0.06633401116086546,0.1524,10.404948650719305,1.5709841628737065,2.073984248967231,4.147968497934462,15.621778450791949,0.7994059066044559
87,5Iron,A,tx_earlier4,radar,ops,20,6,4.322475778761923,15.406999999999991,52.84004041234901,51.122749823040635,-11.084524221238068,-1.736776373787393,-1.5957555011090268,0.14102087267836616,0.1524,10.404948650719305,1.5709841628737065,2.073984248967231,4.147968497934462,15.621778450791949,0.7994059066044559
88,5Iron,A,two8,radar,ops,24,6,0.34630958741973705,0.5110000000000001,44.07807093618961,43.00582860650462,-0.16469041258026307,-1.9254504011205331,-1.9254474676057516,2.933514781533475e-06,0.1524,10.404948650719305,1.5709841628737065,0.25544694724937145,0.5108938944987429,1.9179862205920113,2.145118679555189
88,5Iron,A,two8_path_tdm,radar,ops,24,6,-4.192127133631619,0.5110000000000001,44.07807093618961,43.00582860650462,-4.703127133631619,-1.956633772784967,-1.9242276360926442,0.03240613669232273,0.1524,10.404948650719305,1.5709841628737065,0.25544694724937145,0.5108938944987429,1.9179862205920113,2.145118679555189
88,5Iron,A,two8_path_tdm_neg,radar,ops,24,6,-2.6002623645390788,0.5110000000000001,44.07807093618961,43.00582860650462,-3.111262364539079,-2.0021757020449855,-1.9265052254160324,0.0756704766289531,0.1524,10.404948650719305,1.5709841628737065,0.25544694724937145,0.5108938944987429,1.9179862205920113,2.145118679555189
88,5Iron,A,four3,radar,ops,24,6,0.5618683961936024,0.5110000000000001,44.07807093618961,43.00582860650462,0.05086839619360228,-1.6943800994662954,-1.6943805215016676,-4.2203537220508736e-07,0.1524,10.404948650719305,1.5709841628737065,0.25544694724937145,0.5108938944987429,1.9179862205920113,2.145118679555189
88,5Iron,A,four3_path_tdm,radar,ops,24,6,-4.177932335344892,0.5110000000000001,44.07807093618961,43.00582860650462,-4.688932335344892,-1.7468181206552884,-1.6941556251105372,0.05266249554475122,0.1524,10.404948650719305,1.5709841628737065,0.25544694724937145,0.5108938944987429,1.9179862205920113,2.145118679555189
88,5Iron,A,four3_path_tdm_neg,radar,ops,24,6,-2.6271017276876516,0.5110000000000001,44.07807093618961,43.00582860650462,-3.1381017276876517,-1.7945370467491066,-1.6944961331612332,0.10004091358787348,0.1524,10.404948650719305,1.5709841628737065,0.25544694724937145,0.5108938944987429,1.9179862205920113,2.145118679555189
88,5Iron,A,four4_path_tdm,radar,ops,24,6,11.567959250303723,0.5110000000000001,44.07807093618961,43.00582860650462,11.056959250303724,-1.5454460455128034,-1.4593275349914228,0.08611851052138064,0.1524,10.404948650719305,1.5709841628737065,0.25544694724937145,0.5108938944987429,1.9179862205920113,2.145118679555189
88,5Iron,A,four4_path_tdm_neg,radar,ops,24,6,11.56795925030374,0.5110000000000001,44.07807093618961,43.00582860650462,11.056959250303741,-1.5454460455128014,-1.459327534991415,0.08611851052138642,0.1524,10.404948650719305,1.5709841628737065,0.25544694724937145,0.5108938944987429,1.9179862205920113,2.145118679555189
88,5Iron,A,tx_later4,radar,ops,24,6,12.061803624831063,0.5110000000000001,44.07807093618961,43.00582860650462,11.550803624831062,-1.6402519171870054,-1.6036483216297583,0.036603595557247015,0.1524,10.404948650719305,1.5709841628737065,0.25544694724937145,0.5108938944987429,1.9179862205920113,2.145118679555189
88,5Iron,A,tx_earlier4,radar,ops,24,6,17.665120636089444,0.5110000000000001,44.07807093618961,43.00582860650462,17.154120636089445,-1.329223662018152,-1.2484517312124284,0.08077193080572354,0.1524,10.404948650719305,1.5709841628737065,0.25544694724937145,0.5108938944987429,1.9179862205920113,2.145118679555189
90,5Iron,A,two8,radar,ops,17,5,5.398336569453047,12.959999999999992,54.04704641161587,50.56141437408992,-7.561663430546945,-1.168500631730158,-0.9901337827826102,0.17836684894754784,0.1524,10.404948650719305,1.5709841628737065,1.6542931834962804,3.308586366992561,12.443758449542177,0.9172849332763519
90,5Iron,A,two8_path_tdm,radar,ops,17,5,-4.194684706875767,12.959999999999992,54.04704641161587,50.56141437408992,-17.15468470687576,-1.2150695713827626,-0.9833587819588854,0.23171078942387724,0.1524,10.404948650719305,1.5709841628737065,1.6542931834962804,3.308586366992561,12.443758449542177,0.9172849332763519
90,5Iron,A,two8_path_tdm_neg,radar,ops,17,5,-2.051028177233311,12.959999999999992,54.04704641161587,50.56141437408992,-15.011028177233303,-1.2476190270699432,-0.996521673671635,0.2510973533983082,0.1524,10.404948650719305,1.5709841628737065,1.6542931834962804,3.308586366992561,12.443758449542177,0.9172849332763519
90,5Iron,A,four3,radar,ops,17,5,20.381432982654587,12.959999999999992,54.04704641161587,50.56141437408992,7.421432982654595,-1.0113285603697588,-0.9412109602731981,0.07011760009656076,0.1524,10.404948650719305,1.5709841628737065,1.6542931834962804,3.308586366992561,12.443758449542177,0.9172849332763519
90,5Iron,A,four3_path_tdm,radar,ops,17,5,20.34185309817354,12.959999999999992,54.04704641161587,50.56141437408992,7.381853098173549,-1.0169069140275624,-0.9430328709617471,0.07387404306581524,0.1524,10.404948650719305,1.5709841628737065,1.6542931834962804,3.308586366992561,12.443758449542177,0.9172849332763519
90,5Iron,A,four3_path_tdm_neg,radar,ops,17,5,20.39923165191151,12.959999999999992,54.04704641161587,50.56141437408992,7.439231651911518,-1.0028423759656018,-0.9394669859093554,0.06337539005624637,0.1524,10.404948650719305,1.5709841628737065,1.6542931834962804,3.308586366992561,12.443758449542177,0.9172849332763519
90,5Iron,A,four4_path_tdm,radar,ops,17,5,15.693342167523586,12.959999999999992,54.04704641161587,50.56141437408992,2.7333421675235936,-1.2506635495924252,-1.2282451773571235,0.022418372235301742,0.1524,10.404948650719305,1.5709841628737065,1.6542931834962804,3.308586366992561,12.443758449542177,0.9172849332763519
90,5Iron,A,four4_path_tdm_neg,radar,ops,17,5,15.693342167523474,12.959999999999992,54.04704641161587,50.56141437408992,2.7333421675234817,-1.2506635495924239,-1.2282451773571246,0.0224183722352993,0.1524,10.404948650719305,1.5709841628737065,1.6542931834962804,3.308586366992561,12.443758449542177,0.9172849332763519
90,5Iron,A,tx_later4,radar,ops,17,5,18.2900810443066,12.959999999999992,54.04704641161587,50.56141437408992,5.330081044306608,-1.5308106675507003,-1.4627957606497852,0.06801490690091505,0.1524,10.404948650719305,1.5709841628737065,1.6542931834962804,3.308586366992561,12.443758449542177,0.9172849332763519
90,5Iron,A,tx_earlier4,radar,ops,17,5,-5.0,12.959999999999992,54.04704641161587,50.56141437408992,-17.959999999999994,-0.8468943079987439,-0.7958368341075406,0.0510574738912033,0.1524,10.404948650719305,1.5709841628737065,1.6542931834962804,3.308586366992561,12.443758449542177,0.9172849332763519
91,5Iron,A,two8,radar,ops,22,6,7.297831230633899,9.892999999999994,47.20734574910368,46.19584787565755,-2.5951687693660945,-1.139678727541719,-1.1071639802686792,0.032514747273039823,0.1524,10.404948650719305,1.5709841628737065,1.3886861795654903,2.7773723591309807,10.44175678178403,1.053626646417774
91,5Iron,A,two8_path_tdm,radar,ops,22,6,-3.0813964517855443,9.892999999999994,47.20734574910368,46.19584787565755,-12.974396451785537,-1.1898381085798264,-1.1081159727145784,0.08172213586524801,0.1524,10.404948650719305,1.5709841628737065,1.3886861795654903,2.7773723591309807,10.44175678178403,1.053626646417774
91,5Iron,A,two8_path_tdm_neg,radar,ops,22,6,7.336941117869591,9.892999999999994,47.20734574910368,46.19584787565755,-2.5560588821304027,-1.1383714547132324,-1.1069727810565588,0.03139867365667359,0.1524,10.404948650719305,1.5709841628737065,1.3886861795654903,2.7773723591309807,10.44175678178403,1.053626646417774
91,5Iron,A,four3,radar,ops,22,6,13.49218943258439,9.892999999999994,47.20734574910368,46.19584787565755,3.599189432584396,-0.8465371108029555,-0.8092208265270422,0.03731628427591327,0.1524,10.404948650719305,1.5709841628737065,1.3886861795654903,2.7773723591309807,10.44175678178403,1.053626646417774
91,5Iron,A,four3_path_tdm,radar,ops,22,6,-3.107852880077775,9.892999999999994,47.20734574910368,46.19584787565755,-13.000852880077769,-0.8607713162608522,-0.8116522001612783,0.04911911609957398,0.1524,10.404948650719305,1.5709841628737065,1.3886861795654903,2.7773723591309807,10.44175678178403,1.053626646417774
91,5Iron,A,four3_path_tdm_neg,radar,ops,22,6,13.465331541679172,9.892999999999994,47.20734574910368,46.19584787565755,3.572331541679178,-0.8438122572338828,-0.8075305709243907,0.03628168630949202,0.1524,10.404948650719305,1.5709841628737065,1.3886861795654903,2.7773723591309807,10.44175678178403,1.053626646417774
91,5Iron,A,four4_path_tdm,radar,ops,22,6,12.845837932345605,9.892999999999994,47.20734574910368,46.19584787565755,2.952837932345611,-1.3197934550856691,-1.3114854021900344,0.008308052895634743,0.1524,10.404948650719305,1.5709841628737065,1.3886861795654903,2.7773723591309807,10.44175678178403,1.053626646417774
91,5Iron,A,four4_path_tdm_neg,radar,ops,22,6,12.845837932345704,9.892999999999994,47.20734574910368,46.19584787565755,2.9528379323457106,-1.3197934550856705,-1.3114854021900342,0.008308052895636298,0.1524,10.404948650719305,1.5709841628737065,1.3886861795654903,2.7773723591309807,10.44175678178403,1.053626646417774
91,5Iron,A,tx_later4,radar,ops,22,6,16.158183119055188,9.892999999999994,47.20734574910368,46.19584787565755,6.2651831190551945,-1.4644977383686824,-1.3164035029851362,0.14809423538354616,0.1524,10.404948650719305,1.5709841628737065,1.3886861795654903,2.7773723591309807,10.44175678178403,1.053626646417774
91,5Iron,A,tx_earlier4,radar,ops,22,6,11.917597739067581,9.892999999999994,47.20734574910368,46.19584787565755,2.0245977390675876,-1.4432270492569286,-1.4334600700856093,0.009766979171319301,0.1524,10.404948650719305,1.5709841628737065,1.3886861795654903,2.7773723591309807,10.44175678178403,1.053626646417774
92,5Iron,A,two8,radar,ops,19,5,5.915044925054173,10.917999999999983,48.10142426707913,46.135109857309985,-5.0029550749458105,-1.7846519928037126,-1.6282990781300846,0.156352914673628,0.1524,10.404948650719305,1.5709841628737065,1.4549127740177914,2.909825548035583,10.939804100319732,1.0058188062164823
92,5Iron,A,two8_path_tdm,radar,ops,19,5,-3.412573128910474,10.917999999999983,48.10142426707913,46.135109857309985,-14.330573128910457,-1.8555746656609489,-1.6206512368073605,0.2349234288535884,0.1524,10.404948650719305,1.5709841628737065,1.4549127740177914,2.909825548035583,10.939804100319732,1.0058188062164823
92,5Iron,A,two8_path_tdm_neg,radar,ops,19,5,-4.037194199115038,10.917999999999983,48.10142426707913,46.135109857309985,-14.95519419911502,-1.9043052014265058,-1.6352840812410805,0.26902112018542534,0.1524,10.404948650719305,1.5709841628737065,1.4549127740177914,2.909825548035583,10.939804100319732,1.0058188062164823
92,5Iron,A,four3,radar,ops,19,5,6.089889253961206,10.917999999999983,48.10142426707913,46.135109857309985,-4.828110746038777,-1.4794305174341547,-1.4399849453163838,0.03944557211777089,0.1524,10.404948650719305,1.5709841628737065,1.4549127740177914,2.909825548035583,10.939804100319732,1.0058188062164823
92,5Iron,A,four3_path_tdm,radar,ops,19,5,-3.425740829405562,10.917999999999983,48.10142426707913,46.135109857309985,-14.343740829405546,-1.5561067401367885,-1.4368322776321338,0.11927446250465468,0.1524,10.404948650719305,1.5709841628737065,1.4549127740177914,2.909825548035583,10.939804100319732,1.0058188062164823
92,5Iron,A,four3_path_tdm_neg,radar,ops,19,5,-4.021391688317007,10.917999999999983,48.10142426707913,46.135109857309985,-14.939391688316991,-1.6501405060840102,-1.443551834570459,0.2065886715135512,0.1524,10.404948650719305,1.5709841628737065,1.4549127740177914,2.909825548035583,10.939804100319732,1.0058188062164823
92,5Iron,A,four4_path_tdm,radar,ops,19,5,1.1021013776063586,10.917999999999983,48.10142426707913,46.135109857309985,-9.815898622393625,-1.9616907256672125,-1.9079798476791043,0.05371087798810814,0.1524,10.404948650719305,1.5709841628737065,1.4549127740177914,2.909825548035583,10.939804100319732,1.0058188062164823
92,5Iron,A,four4_path_tdm_neg,radar,ops,19,5,1.102101377620528,10.917999999999983,48.10142426707913,46.135109857309985,-9.815898622379455,-1.9616907256672043,-1.9079798476791008,0.05371087798810348,0.1524,10.404948650719305,1.5709841628737065,1.4549127740177914,2.909825548035583,10.939804100319732,1.0058188062164823
92,5Iron,A,tx_later4,radar,ops,19,5,3.5034477319849473,10.917999999999983,48.10142426707913,46.135109857309985,-7.414552268015036,-2.05119151005497,-1.9545308247998445,0.0966606852551255,0.1524,10.404948650719305,1.5709841628737065,1.4549127740177914,2.909825548035583,10.939804100319732,1.0058188062164823
92,5Iron,A,tx_earlier4,radar,ops,19,5,12.888329408928687,10.917999999999983,48.10142426707913,46.135109857309985,1.9703294089287038,-2.277095481308094,-2.255261537806453,0.021833943501640807,0.1524,10.404948650719305,1.5709841628737065,1.4549127740177914,2.909825548035583,10.939804100319732,1.0058188062164823
93,5Iron,A,two8,radar,ops,20,5,-3.418767563856626,1.5239999999999743,38.89241553193201,38.26469086258259,-4.9427675638566,-2.872464139124562,-2.8583319909794276,0.014132148145134416,0.1524,10.404948650719305,1.5709841628737065,0.37216837516523826,0.7443367503304765,2.794048546185296,1.858979688002948
93,5Iron,A,two8_path_tdm,radar,ops,20,5,-4.159667043157988,1.5239999999999743,38.89241553193201,38.26469086258259,-5.683667043157962,-2.9379432548705386,-2.8576192660560964,0.08032398881444225,0.1524,10.404948650719305,1.5709841628737065,0.37216837516523826,0.7443367503304765,2.794048546185296,1.858979688002948
93,5Iron,A,two8_path_tdm_neg,radar,ops,20,5,-3.4070263501761056,1.5239999999999743,38.89241553193201,38.26469086258259,-4.931026350176079,-2.9114291260106593,-2.859023911266696,0.05240521474396331,0.1524,10.404948650719305,1.5709841628737065,0.37216837516523826,0.7443367503304765,2.794048546185296,1.858979688002948
93,5Iron,A,four3,radar,ops,20,5,3.2596710331731367,1.5239999999999743,38.89241553193201,38.26469086258259,1.7356710331731624,-2.674654221118078,-2.6731032516486892,0.0015509694693887077,0.1524,10.404948650719305,1.5709841628737065,0.37216837516523826,0.7443367503304765,2.794048546185296,1.858979688002948
93,5Iron,A,four3_path_tdm,radar,ops,20,5,-4.1771635052307925,1.5239999999999743,38.89241553193201,38.26469086258259,-5.701163505230767,-2.7485943971903244,-2.672581207091062,0.07601319009926222,0.1524,10.404948650719305,1.5709841628737065,0.37216837516523826,0.7443367503304765,2.794048546185296,1.858979688002948
93,5Iron,A,four3_path_tdm_neg,radar,ops,20,5,-3.3900504093227317,1.5239999999999743,38.89241553193201,38.26469086258259,-4.914050409322706,-2.721060022113975,-2.673606101061986,0.04745392105198931,0.1524,10.404948650719305,1.5709841628737065,0.37216837516523826,0.7443367503304765,2.794048546185296,1.858979688002948
93,5Iron,A,four4_path_tdm,radar,ops,20,5,7.044675588498779,1.5239999999999743,38.89241553193201,38.26469086258259,5.520675588498805,-2.4917773448900196,-2.461283717185752,0.030493627704267556,0.1524,10.404948650719305,1.5709841628737065,0.37216837516523826,0.7443367503304765,2.794048546185296,1.858979688002948
93,5Iron,A,four4_path_tdm_neg,radar,ops,20,5,7.044675588498883,1.5239999999999743,38.89241553193201,38.26469086258259,5.520675588498909,-2.4917773448900205,-2.461283717185756,0.030493627704264448,0.1524,10.404948650719305,1.5709841628737065,0.37216837516523826,0.7443367503304765,2.794048546185296,1.858979688002948
93,5Iron,A,tx_later4,radar,ops,20,5,13.056466120197566,1.5239999999999743,38.89241553193201,38.26469086258259,11.532466120197592,-2.604882324994864,-2.5507316172178305,0.05415070777703335,0.1524,10.404948650719305,1.5709841628737065,0.37216837516523826,0.7443367503304765,2.794048546185296,1.858979688002948
93,5Iron,A,tx_earlier4,radar,ops,20,5,5.1043032317271155,1.5239999999999743,38.89241553193201,38.26469086258259,3.5803032317271413,-2.4121240737759777,-2.406188529662012,0.005935544113965907,0.1524,10.404948650719305,1.5709841628737065,0.37216837516523826,0.7443367503304765,2.794048546185296,1.858979688002948
94,5Iron,A,two8,radar,ops,20,5,7.685693749831521,13.115999999999982,57.93628796480906,56.37819553311256,-5.430306250168461,-1.3986579652031694,-1.1987723464931404,0.19988561871002908,0.1524,10.404948650719305,1.5709841628737065,1.8177196947201546,3.635439389440309,13.682075021098795,0.883340420062072
94,5Iron,A,two8_path_tdm,radar,ops,20,5,-3.579562418351805,13.115999999999982,57.93628796480906,56.37819553311256,-16.695562418351788,-1.4525481171637904,-1.1986578901403233,0.2538902270234671,0.1524,10.404948650719305,1.5709841628737065,1.8177196947201546,3.635439389440309,13.682075021098795,0.883340420062072
94,5Iron,A,two8_path_tdm_neg,radar,ops,20,5,7.771971200838552,13.115999999999982,57.93628796480906,56.37819553311256,-5.34402879916143,-1.391773775656122,-1.200375433696859,0.19139834195926286,0.1524,10.404948650719305,1.5709841628737065,1.8177196947201546,3.635439389440309,13.682075021098795,0.883340420062072
94,5Iron,A,four3,radar,ops,20,5,18.166968673592226,13.115999999999982,57.93628796480906,56.37819553311256,5.050968673592244,-1.5579647834138748,-1.4347667576285117,0.1231980257853631,0.1524,10.404948650719305,1.5709841628737065,1.8177196947201546,3.635439389440309,13.682075021098795,0.883340420062072
94,5Iron,A,four3_path_tdm,radar,ops,20,5,18.187945580484616,13.115999999999982,57.93628796480906,56.37819553311256,5.071945580484634,-1.5679332151665446,-1.4437365265915323,0.12419668857501232,0.1524,10.404948650719305,1.5709841628737065,1.8177196947201546,3.635439389440309,13.682075021098795,0.883340420062072
94,5Iron,A,four3_path_tdm_neg,radar,ops,20,5,18.15525417817255,13.115999999999982,57.93628796480906,56.37819553311256,5.03925417817257,-1.5494956553030783,-1.4265242149729578,0.12297144033012053,0.1524,10.404948650719305,1.5709841628737065,1.8177196947201546,3.635439389440309,13.682075021098795,0.883340420062072
94,5Iron,A,four4_path_tdm,radar,ops,20,5,14.154973887620887,13.115999999999982,57.93628796480906,56.37819553311256,1.0389738876209051,-1.971457268376826,-1.964149563590123,0.007307704786703173,0.1524,10.404948650719305,1.5709841628737065,1.8177196947201546,3.635439389440309,13.682075021098795,0.883340420062072
94,5Iron,A,four4_path_tdm_neg,radar,ops,20,5,14.154973887620784,13.115999999999982,57.93628796480906,56.37819553311256,1.0389738876208021,-1.9714572683768252,-1.964149563590124,0.007307704786701175,0.1524,10.404948650719305,1.5709841628737065,1.8177196947201546,3.635439389440309,13.682075021098795,0.883340420062072
94,5Iron,A,tx_later4,radar,ops,20,5,12.664595837826496,13.115999999999982,57.93628796480906,56.37819553311256,-0.45140416217348545,-2.2898598512406965,-2.288832245305686,0.0010276059350102784,0.1524,10.404948650719305,1.5709841628737065,1.8177196947201546,3.635439389440309,13.682075021098795,0.883340420062072
94,5Iron,A,tx_earlier4,radar,ops,20,5,6.416277004581987,13.115999999999982,57.93628796480906,56.37819553311256,-6.699722995417995,-1.5299740304950389,-1.4788395025027614,0.05113452799227747,0.1524,10.404948650719305,1.5709841628737065,1.8177196947201546,3.635439389440309,13.682075021098795,0.883340420062072
95,5Iron,A,two8,radar,ops,24,6,10.867518074547531,14.271999999999982,51.2306990799932,48.76380628406203,-3.404481925452451,-1.3360781861215019,-1.2346643878068944,0.1014137983146075,0.1524,10.404948650719305,1.5709841628737065,1.9059080915290516,3.811816183058103,14.34844760241199,0.8468228576104178
95,5Iron,A,two8_path_tdm,radar,ops,24,6,10.809477957536254,14.271999999999982,51.2306990799932,48.76380628406203,-3.4625220424637284,-1.3366746105379266,-1.2334346291036347,0.10323998143429192,0.1524,10.404948650719305,1.5709841628737065,1.9059080915290516,3.811816183058103,14.34844760241199,0.8468228576104178
95,5Iron,A,two8_path_tdm_neg,radar,ops,24,6,10.94342096426971,14.271999999999982,51.2306990799932,48.76380628406203,-3.3285790357302734,-1.3358424040419863,-1.236713530577904,0.09912887346408228,0.1524,10.404948650719305,1.5709841628737065,1.9059080915290516,3.811816183058103,14.34844760241199,0.8468228576104178
95,5Iron,A,four3,radar,ops,24,6,11.68959417864639,14.271999999999982,51.2306990799932,48.76380628406203,-2.5824058213535928,-1.2463817406928654,-1.2275300206441893,0.01885172004867619,0.1524,10.404948650719305,1.5709841628737065,1.9059080915290516,3.811816183058103,14.34844760241199,0.8468228576104178
95,5Iron,A,four3_path_tdm,radar,ops,24,6,-4.563639988461637,14.271999999999982,51.2306990799932,48.76380628406203,-18.83563998846162,-1.369218906099815,-1.2368452615762235,0.13237364452359146,0.1524,10.404948650719305,1.5709841628737065,1.9059080915290516,3.811816183058103,14.34844760241199,0.8468228576104178
95,5Iron,A,four3_path_tdm_neg,radar,ops,24,6,-4.415877706738568,14.271999999999982,51.2306990799932,48.76380628406203,-18.68787770673855,-1.3196131255133141,-1.2186808998041265,0.10093222570918758,0.1524,10.404948650719305,1.5709841628737065,1.9059080915290516,3.811816183058103,14.34844760241199,0.8468228576104178
95,5Iron,A,four4_path_tdm,radar,ops,24,6,12.444349258769034,14.271999999999982,51.2306990799932,48.76380628406203,-1.8276507412309488,-1.6128416384647197,-1.6058208264233542,0.0070208120413655095,0.1524,10.404948650719305,1.5709841628737065,1.9059080915290516,3.811816183058103,14.34844760241199,0.8468228576104178
95,5Iron,A,four4_path_tdm_neg,radar,ops,24,6,12.444349258768735,14.271999999999982,51.2306990799932,48.76380628406203,-1.8276507412312473,-1.61284163846472,-1.6058208264233544,0.0070208120413655095,0.1524,10.404948650719305,1.5709841628737065,1.9059080915290516,3.811816183058103,14.34844760241199,0.8468228576104178
95,5Iron,A,tx_later4,radar,ops,24,6,15.188784919123112,14.271999999999982,51.2306990799932,48.76380628406203,0.9167849191231294,-1.5960184218497961,-1.5926396166780616,0.0033788051717345002,0.1524,10.404948650719305,1.5709841628737065,1.9059080915290516,3.811816183058103,14.34844760241199,0.8468228576104178
95,5Iron,A,tx_earlier4,radar,ops,24,6,7.025275054581422,14.271999999999982,51.2306990799932,48.76380628406203,-7.246724945418561,-1.8724760886013465,-1.7801920822652362,0.09228400633611034,0.1524,10.404948650719305,1.5709841628737065,1.9059080915290516,3.811816183058103,14.34844760241199,0.8468228576104178
96,5Iron,A,two8,radar,ops,16,4,8.744258357097777,14.196999999999997,57.93628796480906,56.177827827840886,-5.45274164290222,-1.2020914734704453,-1.005439335691635,0.1966521377788104,0.1524,10.404948650719305,1.5709841628737065,1.9370068808541419,3.8740137617082837,14.584699016582743,0.8420125190401792
96,5Iron,A,two8_path_tdm,radar,ops,16,4,-2.5060222493042983,14.196999999999997,57.93628796480906,56.177827827840886,-16.703022249304297,-1.484682379354177,-1.0065582086097422,0.4781241707444348,0.1524,10.404948650719305,1.5709841628737065,1.9370068808541419,3.8740137617082837,14.584699016582743,0.8420125190401792
96,5Iron,A,two8_path_tdm_neg,radar,ops,16,4,-0.8060190581628437,14.196999999999997,57.93628796480906,56.177827827840886,-15.003019058162842,-1.1969328361819906,-1.0050764027030983,0.19185643347889236,0.1524,10.404948650719305,1.5709841628737065,1.9370068808541419,3.8740137617082837,14.584699016582743,0.8420125190401792
96,5Iron,A,four3,radar,ops,16,4,16.03049003546359,14.196999999999997,57.93628796480906,56.177827827840886,1.8334900354635923,-1.2753827752835663,-1.2513515267982076,0.024031248485358647,0.1524,10.404948650719305,1.5709841628737065,1.9370068808541419,3.8740137617082837,14.584699016582743,0.8420125190401792
96,5Iron,A,four3_path_tdm,radar,ops,16,4,-2.4914979666751886,14.196999999999997,57.93628796480906,56.177827827840886,-16.688497966675186,-1.4726056258501783,-1.2611370435663898,0.2114685822837885,0.1524,10.404948650719305,1.5709841628737065,1.9370068808541419,3.8740137617082837,14.584699016582743,0.8420125190401792
96,5Iron,A,four3_path_tdm_neg,radar,ops,16,4,16.054072211641884,14.196999999999997,57.93628796480906,56.177827827840886,1.8570722116418867,-1.264857033294673,-1.2424330817817957,0.022423951512877238,0.1524,10.404948650719305,1.5709841628737065,1.9370068808541419,3.8740137617082837,14.584699016582743,0.8420125190401792
96,5Iron,A,four4_path_tdm,radar,ops,16,4,9.860907400876211,14.196999999999997,57.93628796480906,56.177827827840886,-4.336092599123786,-1.8567304174589279,-1.7969175923257517,0.059812825133176206,0.1524,10.404948650719305,1.5709841628737065,1.9370068808541419,3.8740137617082837,14.584699016582743,0.8420125190401792
96,5Iron,A,four4_path_tdm_neg,radar,ops,16,4,9.86090740087673,14.196999999999997,57.93628796480906,56.177827827840886,-4.336092599123267,-1.8567304174589314,-1.7969175923257492,0.0598128251331822,0.1524,10.404948650719305,1.5709841628737065,1.9370068808541419,3.8740137617082837,14.584699016582743,0.8420125190401792
96,5Iron,A,tx_later4,radar,ops,16,4,8.49164298974329,14.196999999999997,57.93628796480906,56.177827827840886,-5.705357010256707,-2.023506103532285,-1.9455718052655842,0.07793429826670106,0.1524,10.404948650719305,1.5709841628737065,1.9370068808541419,3.8740137617082837,14.584699016582743,0.8420125190401792
96,5Iron,A,tx_earlier4,radar,ops,16,4,10.417911517571739,14.196999999999997,57.93628796480906,56.177827827840886,-3.779088482428259,-1.5298686435941882,-1.490239017844241,0.039629625749947106,0.1524,10.404948650719305,1.5709841628737065,1.9370068808541419,3.8740137617082837,14.584699016582743,0.8420125190401792
97,5Iron,A,two8,radar,ops,16,4,6.086120629718871,14.368000000000002,56.95280159503608,55.24302226726476,-8.281879370281132,-1.7269175077626526,-1.156226125437641,0.5706913823250117,0.1524,10.404948650719305,1.5709841628737065,1.9516237768788858,3.9032475537577715,14.695206365077336,0.836547611268714
97,5Iron,A,two8_path_tdm,radar,ops,16,4,-2.637797031204606,14.368000000000002,56.95280159503608,55.24302226726476,-17.005797031204608,-1.8489860384817818,-1.1567460856717553,0.6922399528100265,0.1524,10.404948650719305,1.5709841628737065,1.9516237768788858,3.9032475537577715,14.695206365077336,0.836547611268714
97,5Iron,A,two8_path_tdm_neg,radar,ops,16,4,-2.4941643853866946,14.368000000000002,56.95280159503608,55.24302226726476,-16.8621643853867,-1.7514138314053267,-1.1561500461168452,0.5952637852884815,0.1524,10.404948650719305,1.5709841628737065,1.9516237768788858,3.9032475537577715,14.695206365077336,0.836547611268714
97,5Iron,A,four3,radar,ops,16,4,16.426241519682645,14.368000000000002,56.95280159503608,55.24302226726476,2.0582415196826425,-1.7541346981213444,-1.709005434389915,0.04512926373142934,0.1524,10.404948650719305,1.5709841628737065,1.9516237768788858,3.9032475537577715,14.695206365077336,0.836547611268714
97,5Iron,A,four3_path_tdm,radar,ops,16,4,16.43625630661049,14.368000000000002,56.95280159503608,55.24302226726476,2.068256306610486,-1.7668735869068795,-1.7215791259051523,0.04529446100172718,0.1524,10.404948650719305,1.5709841628737065,1.9516237768788858,3.9032475537577715,14.695206365077336,0.836547611268714
97,5Iron,A,four3_path_tdm_neg,radar,ops,16,4,16.419000957800638,14.368000000000002,56.95280159503608,55.24302226726476,2.0510009578006354,-1.7420747615176428,-1.696910846153036,0.045163915364606844,0.1524,10.404948650719305,1.5709841628737065,1.9516237768788858,3.9032475537577715,14.695206365077336,0.836547611268714
97,5Iron,A,four4_path_tdm,radar,ops,16,4,13.949654495258912,14.368000000000002,56.95280159503608,55.24302226726476,-0.4183455047410902,-2.203317365173147,-2.20242432749036,0.0008930376827871456,0.1524,10.404948650719305,1.5709841628737065,1.9516237768788858,3.9032475537577715,14.695206365077336,0.836547611268714
97,5Iron,A,four4_path_tdm_neg,radar,ops,16,4,13.949654495259013,14.368000000000002,56.95280159503608,55.24302226726476,-0.41834550474098897,-2.203317365173147,-2.2024243274903608,0.0008930376827862574,0.1524,10.404948650719305,1.5709841628737065,1.9516237768788858,3.9032475537577715,14.695206365077336,0.836547611268714
97,5Iron,A,tx_later4,radar,ops,16,4,11.50407183410972,14.368000000000002,56.95280159503608,55.24302226726476,-2.8639281658902824,-2.8318500339207584,-2.740851741930038,0.0909982919907204,0.1524,10.404948650719305,1.5709841628737065,1.9516237768788858,3.9032475537577715,14.695206365077336,0.836547611268714
97,5Iron,A,tx_earlier4,radar,ops,16,4,14.033079158699316,14.368000000000002,56.95280159503608,55.24302226726476,-0.33492084130068633,-1.6927505910049705,-1.6924750830470419,0.0002755079579286335,0.1524,10.404948650719305,1.5709841628737065,1.9516237768788858,3.9032475537577715,14.695206365077336,0.836547611268714
98,5Iron,A,two8,radar,ops,17,5,11.524880549833936,14.74200000000001,59.05388611227838,57.17589581846707,-3.2171194501660736,-1.6575365070727177,-1.5461855803087174,0.11135092676400027,0.1524,10.404948650719305,1.5709841628737065,2.0490738298257094,4.098147659651419,15.434208507583765,0.81335466805409
98,5Iron,A,two8_path_tdm,radar,ops,17,5,11.569530526460762,14.74200000000001,59.05388611227838,57.17589581846707,-3.1724694735392482,-1.6607609774970213,-1.5534151001315375,0.10734587736548384,0.1524,10.404948650719305,1.5709841628737065,2.0490738298257094,4.098147659651419,15.434208507583765,0.81335466805409
98,5Iron,A,two8_path_tdm_neg,radar,ops,17,5,11.51946451627937,14.74200000000001,59.05388611227838,57.17589581846707,-3.2225354837206392,-1.654612868251892,-1.5397668822298327,0.1148459860220592,0.1524,10.404948650719305,1.5709841628737065,2.0490738298257094,4.098147659651419,15.434208507583765,0.81335466805409
98,5Iron,A,four3,radar,ops,17,5,10.091978175423337,14.74200000000001,59.05388611227838,57.17589581846707,-4.6500218245766725,-1.6186965426078195,-1.5639016184542758,0.0547949241535437,0.1524,10.404948650719305,1.5709841628737065,2.0490738298257094,4.098147659651419,15.434208507583765,0.81335466805409
98,5Iron,A,four3_path_tdm,radar,ops,17,5,10.137369649470681,14.74200000000001,59.05388611227838,57.17589581846707,-4.6046303505293285,-1.6228380493147412,-1.5712290184982654,0.05160903081647583,0.1524,10.404948650719305,1.5709841628737065,2.0490738298257094,4.098147659651419,15.434208507583765,0.81335466805409
98,5Iron,A,four3_path_tdm_neg,radar,ops,17,5,10.067130505144874,14.74200000000001,59.05388611227838,57.17589581846707,-4.674869494855136,-1.6146954271155445,-1.5572346877014114,0.0574607394141331,0.1524,10.404948650719305,1.5709841628737065,2.0490738298257094,4.098147659651419,15.434208507583765,0.81335466805409
98,5Iron,A,four4_path_tdm,radar,ops,17,5,13.379482923150334,14.74200000000001,59.05388611227838,57.17589581846707,-1.3625170768496755,-1.8634143972720387,-1.856639940215553,0.0067744570564858275,0.1524,10.404948650719305,1.5709841628737065,2.0490738298257094,4.098147659651419,15.434208507583765,0.81335466805409
98,5Iron,A,four4_path_tdm_neg,radar,ops,17,5,13.379482923151114,14.74200000000001,59.05388611227838,57.17589581846707,-1.3625170768488957,-1.8634143972720398,-1.8566399402155516,0.00677445705648827,0.1524,10.404948650719305,1.5709841628737065,2.0490738298257094,4.098147659651419,15.434208507583765,0.81335466805409
98,5Iron,A,tx_later4,radar,ops,17,5,13.553638273352588,14.74200000000001,59.05388611227838,57.17589581846707,-1.1883617266474218,-2.0682731436801896,-2.0571502323799704,0.01112291130021914,0.1524,10.404948650719305,1.5709841628737065,2.0490738298257094,4.098147659651419,15.434208507583765,0.81335466805409
98,5Iron,A,tx_earlier4,radar,ops,17,5,13.364747484462518,14.74200000000001,59.05388611227838,57.17589581846707,-1.3772525155374922,-1.842864144204952,-1.8365045157518634,0.006359628453088684,0.1524,10.404948650719305,1.5709841628737065,2.0490738298257094,4.098147659651419,15.434208507583765,0.81335466805409
99,5Iron,A,two8,radar,ops,19,5,9.567468071628344,14.71499999999999,58.47273507559434,56.6371797113006,-5.147531928371645,-1.5546419481081393,-1.200628078958378,0.3540138691497612,0.1524,10.404948650719305,1.5709841628737065,2.069316851266989,4.138633702533978,15.588137354243273,0.8102372342042677
99,5Iron,A,two8_path_tdm,radar,ops,19,5,9.559267638056841,14.71499999999999,58.47273507559434,56.6371797113006,-5.155732361943148,-1.5585319945060703,-1.1998100485582128,0.35872194594785745,0.1524,10.404948650719305,1.5709841628737065,2.069316851266989,4.138633702533978,15.588137354243273,0.8102372342042677
99,5Iron,A,two8_path_tdm_neg,radar,ops,19,5,9.568397091748116,14.71499999999999,58.47273507559434,56.6371797113006,-5.146602908251873,-1.55241328010107,-1.2024728660737254,0.34994041402734455,0.1524,10.404948650719305,1.5709841628737065,2.069316851266989,4.138633702533978,15.588137354243273,0.8102372342042677
99,5Iron,A,four3,radar,ops,19,5,14.583413370727905,14.71499999999999,58.47273507559434,56.6371797113006,-0.13158662927208375,-1.4976927734211984,-1.4962157694233214,0.001477003997877091,0.1524,10.404948650719305,1.5709841628737065,2.069316851266989,4.138633702533978,15.588137354243273,0.8102372342042677
99,5Iron,A,four3_path_tdm,radar,ops,19,5,14.610094325310628,14.71499999999999,58.47273507559434,56.6371797113006,-0.10490567468936085,-1.5041255522628163,-1.5027577821002185,0.0013677701625978145,0.1524,10.404948650719305,1.5709841628737065,2.069316851266989,4.138633702533978,15.588137354243273,0.8102372342042677
99,5Iron,A,four3_path_tdm_neg,radar,ops,19,5,14.548847685569983,14.71499999999999,58.47273507559434,56.6371797113006,-0.1661523144300059,-1.4915259523602178,-1.4899338381150922,0.0015921142451256198,0.1524,10.404948650719305,1.5709841628737065,2.069316851266989,4.138633702533978,15.588137354243273,0.8102372342042677
99,5Iron,A,four4_path_tdm,radar,ops,19,5,16.577308028871375,14.71499999999999,58.47273507559434,56.6371797113006,1.8623080288713858,-1.862228385884773,-1.8375718541476271,0.02465653173714588,0.1524,10.404948650719305,1.5709841628737065,2.069316851266989,4.138633702533978,15.588137354243273,0.8102372342042677
99,5Iron,A,four4_path_tdm_neg,radar,ops,19,5,16.577308028871407,14.71499999999999,58.47273507559434,56.6371797113006,1.8623080288714178,-1.862228385884773,-1.8375718541476271,0.02465653173714588,0.1524,10.404948650719305,1.5709841628737065,2.069316851266989,4.138633702533978,15.588137354243273,0.8102372342042677
99,5Iron,A,tx_later4,radar,ops,19,5,15.909796551639337,14.71499999999999,58.47273507559434,56.6371797113006,1.1947965516393477,-1.9417311769353023,-1.9265546282450576,0.015176548690244651,0.1524,10.404948650719305,1.5709841628737065,2.069316851266989,4.138633702533978,15.588137354243273,0.8102372342042677
99,5Iron,A,tx_earlier4,radar,ops,19,5,15.553250647189097,14.71499999999999,58.47273507559434,56.6371797113006,0.838250647189108,-1.5159813635355082,-1.5134905495786657,0.0024908139568424748,0.1524,10.404948650719305,1.5709841628737065,2.069316851266989,4.138633702533978,15.588137354243273,0.8102372342042677
101,5Iron,A,two8,radar,ops,16,4,9.735272387805923,14.392000000000003,57.08691337273239,55.92534376491948,-4.65672761219408,-1.363463705311454,-1.1457688015813208,0.21769490373013323,0.1524,10.404948650719305,1.5709841628737065,1.9135333155520295,3.827066631104059,14.40596371483836,0.8428939363622897
101,5Iron,A,two8_path_tdm,radar,ops,16,4,9.715995493418434,14.392000000000003,57.08691337273239,55.92534376491948,-4.6760045065815685,-1.3695002478698886,-1.150881662106083,0.21861858576380566,0.1524,10.404948650719305,1.5709841628737065,1.9135333155520295,3.827066631104059,14.40596371483836,0.8428939363622897
101,5Iron,A,two8_path_tdm_neg,radar,ops,16,4,9.765162807393615,14.392000000000003,57.08691337273239,55.92534376491948,-4.626837192606388,-1.3579142331398781,-1.1417260558105862,0.21618817732929196,0.1524,10.404948650719305,1.5709841628737065,1.9135333155520295,3.827066631104059,14.40596371483836,0.8428939363622897
101,5Iron,A,four3,radar,ops,16,4,14.055068053012635,14.392000000000003,57.08691337273239,55.92534376491948,-0.3369319469873684,-1.27600791051329,-1.2757198591435859,0.00028805136970411205,0.1524,10.404948650719305,1.5709841628737065,1.9135333155520295,3.827066631104059,14.40596371483836,0.8428939363622897
101,5Iron,A,four3_path_tdm,radar,ops,16,4,-2.1260797299401637,14.392000000000003,57.08691337273239,55.92534376491948,-16.518079729940165,-1.4220730687724699,-1.2857592549582728,0.13631381381419705,0.1524,10.404948650719305,1.5709841628737065,1.9135333155520295,3.827066631104059,14.40596371483836,0.8428939363622897
101,5Iron,A,four3_path_tdm_neg,radar,ops,16,4,14.169722449393788,14.392000000000003,57.08691337273239,55.92534376491948,-0.2222775506062149,-1.2652832379706984,-1.265842536133939,-0.0005592981632405181,0.1524,10.404948650719305,1.5709841628737065,1.9135333155520295,3.827066631104059,14.40596371483836,0.8428939363622897
101,5Iron,A,four4_path_tdm,radar,ops,16,4,15.532458928802326,14.392000000000003,57.08691337273239,55.92534376491948,1.1404589288023228,-1.8803090389565391,-1.874908276041098,0.005400762915441115,0.1524,10.404948650719305,1.5709841628737065,1.9135333155520295,3.827066631104059,14.40596371483836,0.8428939363622897
101,5Iron,A,four4_path_tdm_neg,radar,ops,16,4,15.53245892880261,14.392000000000003,57.08691337273239,55.92534376491948,1.140458928802607,-1.8803090389565376,-1.874908276041094,0.005400762915443558,0.1524,10.404948650719305,1.5709841628737065,1.9135333155520295,3.827066631104059,14.40596371483836,0.8428939363622897
101,5Iron,A,tx_later4,radar,ops,16,4,15.05240427105915,14.392000000000003,57.08691337273239,55.92534376491948,0.6604042710591465,-1.9560557914430856,-1.9538474779583295,0.0022083134847561414,0.1524,10.404948650719305,1.5709841628737065,1.9135333155520295,3.827066631104059,14.40596371483836,0.8428939363622897
101,5Iron,A,tx_earlier4,radar,ops,16,4,17.36798848995822,14.392000000000003,57.08691337273239,55.92534376491948,2.9759884899582154,-1.5605109010487095,-1.539493261661156,0.02101763938755341,0.1524,10.404948650719305,1.5709841628737065,1.9135333155520295,3.827066631104059,14.40596371483836,0.8428939363622897
103,Driver,A,two8,radar,ops,12,3,6.830517211070007,10.004000000000007,66.20651425608196,65.04050420858877,-3.1734827889299995,-2.1156039943981937,-1.9656022443532841,0.15000175004490957,0.1524,10.404948650719305,1.5725731270754948,1.4680188300076558,2.9360376600153115,11.037954798479962,0.9924350878985017
103,Driver,A,two8_path_tdm,radar,ops,12,3,6.876962135517094,10.004000000000007,66.20651425608196,65.04050420858877,-3.1270378644829124,-2.116191765844491,-1.9663272717965024,0.14986449404798874,0.1524,10.404948650719305,1.5725731270754948,1.4680188300076558,2.9360376600153115,11.037954798479962,0.9924350878985017
103,Driver,A,two8_path_tdm_neg,radar,ops,12,3,6.780970107778765,10.004000000000007,66.20651425608196,65.04050420858877,-3.2230298922212413,-2.1150788382881163,-1.9628415656186975,0.15223727266941878,0.1524,10.404948650719305,1.5725731270754948,1.4680188300076558,2.9360376600153115,11.037954798479962,0.9924350878985017
103,Driver,A,four3,radar,ops,12,3,12.798631449865836,10.004000000000007,66.20651425608196,65.04050420858877,2.794631449865829,-1.8497262731343787,-1.8273927262995082,0.022333546834870432,0.1524,10.404948650719305,1.5725731270754948,1.4680188300076558,2.9360376600153115,11.037954798479962,0.9924350878985017
103,Driver,A,four3_path_tdm,radar,ops,12,3,-3.713055673816054,10.004000000000007,66.20651425608196,65.04050420858877,-13.717055673816061,-1.90068062268824,-1.8292593754116346,0.07142124727660537,0.1524,10.404948650719305,1.5725731270754948,1.4680188300076558,2.9360376600153115,11.037954798479962,0.9924350878985017
103,Driver,A,four3_path_tdm_neg,radar,ops,12,3,12.895919880297608,10.004000000000007,66.20651425608196,65.04050420858877,2.8919198802976016,-1.845417573440472,-1.825767820626622,0.019649752813850174,0.1524,10.404948650719305,1.5725731270754948,1.4680188300076558,2.9360376600153115,11.037954798479962,0.9924350878985017
103,Driver,A,four4_path_tdm,radar,ops,12,3,12.887667259055872,10.004000000000007,66.20651425608196,65.04050420858877,2.8836672590558656,-2.0117842839401168,-1.9863873520898718,0.02539693185024494,0.1524,10.404948650719305,1.5725731270754948,1.4680188300076558,2.9360376600153115,11.037954798479962,0.9924350878985017
103,Driver,A,four4_path_tdm_neg,radar,ops,12,3,12.887667259056153,10.004000000000007,66.20651425608196,65.04050420858877,2.8836672590561463,-2.0117842839401154,-1.9863873520898736,0.025396931850241833,0.1524,10.404948650719305,1.5725731270754948,1.4680188300076558,2.9360376600153115,11.037954798479962,0.9924350878985017
103,Driver,A,tx_later4,radar,ops,12,3,-2.683321148377143,10.004000000000007,66.20651425608196,65.04050420858877,-12.68732114837715,-1.9464987119715154,-1.7822831739027147,0.16421553806880063,0.1524,10.404948650719305,1.5725731270754948,1.4680188300076558,2.9360376600153115,11.037954798479962,0.9924350878985017
103,Driver,A,tx_earlier4,radar,ops,12,3,10.997139100970303,10.004000000000007,66.20651425608196,65.04050420858877,0.9931391009702963,-2.0071096067541947,-2.004752718030538,0.0023568887236566916,0.1524,10.404948650719305,1.5725731270754948,1.4680188300076558,2.9360376600153115,11.037954798479962,0.9924350878985017
104,Driver,A,two8,radar,ops,23,6,13.448980680750529,17.990000000000002,61.557305962609625,58.72067316160003,-4.541019319249473,-1.3916197779866957,-1.0961599087173275,0.2954598692693682,0.1524,10.404948650719305,1.5725731270754948,2.5019463814999865,5.003892762999973,18.871953151609723,0.6913486647756732
104,Driver,A,two8_path_tdm,radar,ops,23,6,13.437878871951725,17.990000000000002,61.557305962609625,58.72067316160003,-4.552121128048277,-1.3928758843394078,-1.102151947578051,0.29072393676135677,0.1524,10.404948650719305,1.5725731270754948,2.5019463814999865,5.003892762999973,18.871953151609723,0.6913486647756732
104,Driver,A,two8_path_tdm_neg,radar,ops,23,6,13.462569306077693,17.990000000000002,61.557305962609625,58.72067316160003,-4.527430693922309,-1.390449340183306,-1.090905722965706,0.29954361721760003,0.1524,10.404948650719305,1.5725731270754948,2.5019463814999865,5.003892762999973,18.871953151609723,0.6913486647756732
104,Driver,A,four3,radar,ops,23,6,13.065310810976122,17.990000000000002,61.557305962609625,58.72067316160003,-4.92468918902388,-1.404389447511604,-1.3289085827636258,0.07548086474797833,0.1524,10.404948650719305,1.5725731270754948,2.5019463814999865,5.003892762999973,18.871953151609723,0.6913486647756732
104,Driver,A,four3_path_tdm,radar,ops,23,6,14.473872829081472,17.990000000000002,61.557305962609625,58.72067316160003,-3.51612717091853,-1.4107515481686483,-1.3375413059235388,0.07321024224510952,0.1524,10.404948650719305,1.5725731270754948,2.5019463814999865,5.003892762999973,18.871953151609723,0.6913486647756732
104,Driver,A,four3_path_tdm_neg,radar,ops,23,6,12.888842008257091,17.990000000000002,61.557305962609625,58.72067316160003,-5.101157991742911,-1.3990926993670925,-1.3209122585872692,0.07818044077982322,0.1524,10.404948650719305,1.5725731270754948,2.5019463814999865,5.003892762999973,18.871953151609723,0.6913486647756732
104,Driver,A,four4_path_tdm,radar,ops,23,6,11.519195019607704,17.990000000000002,61.557305962609625,58.72067316160003,-6.470804980392298,-1.5751378529032543,-1.4467250816683974,0.12841277123485684,0.1524,10.404948650719305,1.5725731270754948,2.5019463814999865,5.003892762999973,18.871953151609723,0.6913486647756732
104,Driver,A,four4_path_tdm_neg,radar,ops,23,6,11.51919501960769,17.990000000000002,61.557305962609625,58.72067316160003,-6.4708049803923124,-1.5751378529032538,-1.4467250816683979,0.12841277123485595,0.1524,10.404948650719305,1.5725731270754948,2.5019463814999865,5.003892762999973,18.871953151609723,0.6913486647756732
104,Driver,A,tx_later4,radar,ops,23,6,13.051775688676045,17.990000000000002,61.557305962609625,58.72067316160003,-4.938224311323957,-1.4239660080488035,-1.3790061126975248,0.044959895351278645,0.1524,10.404948650719305,1.5725731270754948,2.5019463814999865,5.003892762999973,18.871953151609723,0.6913486647756732
104,Driver,A,tx_earlier4,radar,ops,23,6,10.089518743046627,17.990000000000002,61.557305962609625,58.72067316160003,-7.900481256953375,-1.8815045231586822,-1.5764348722575046,0.30506965090117766,0.1524,10.404948650719305,1.5725731270754948,2.5019463814999865,5.003892762999973,18.871953151609723,0.6913486647756732
105,Driver,A,two8,radar,ops,20,5,-5.0,5.857999999999973,64.32894936833353,62.482001443068725,-10.857999999999972,-1.9649046740819098,-1.826121962354054,0.13878271172785572,0.1524,10.404948650719305,1.5725731270754948,1.044172718182057,2.088345436364114,7.846955185495891,1.2631332221367655
105,Driver,A,two8_path_tdm,radar,ops,20,5,-1.987470424023864,5.857999999999973,64.32894936833353,62.482001443068725,-7.845470424023837,-2.0175738444288136,-1.8284265618740374,0.1891472825547762,0.1524,10.404948650719305,1.5725731270754948,1.044172718182057,2.088345436364114,7.846955185495891,1.2631332221367655
105,Driver,A,two8_path_tdm_neg,radar,ops,20,5,-3.3376817821701867,5.857999999999973,64.32894936833353,62.482001443068725,-9.19568178217016,-2.043332359577378,-1.8236860977467557,0.2196462618306223,0.1524,10.404948650719305,1.5725731270754948,1.044172718182057,2.088345436364114,7.846955185495891,1.2631332221367655
105,Driver,A,four3,radar,ops,20,5,-2.6457103711022825,5.857999999999973,64.32894936833353,62.482001443068725,-8.503710371102255,-1.6000253089503698,-1.5663253297924158,0.033699979157953974,0.1524,10.404948650719305,1.5725731270754948,1.044172718182057,2.088345436364114,7.846955185495891,1.2631332221367655
105,Driver,A,four3_path_tdm,radar,ops,20,5,-3.6224209173330704,5.857999999999973,64.32894936833353,62.482001443068725,-9.480420917333044,-1.6615475507976154,-1.5685268246503472,0.0930207261472682,0.1524,10.404948650719305,1.5725731270754948,1.044172718182057,2.088345436364114,7.846955185495891,1.2631332221367655
105,Driver,A,four3_path_tdm_neg,radar,ops,20,5,-3.360710811826648,5.857999999999973,64.32894936833353,62.482001443068725,-9.218710811826622,-1.6738520915399533,-1.5640948336963907,0.1097572578435626,0.1524,10.404948650719305,1.5725731270754948,1.044172718182057,2.088345436364114,7.846955185495891,1.2631332221367655
105,Driver,A,four4_path_tdm,radar,ops,20,5,-5.0,5.857999999999973,64.32894936833353,62.482001443068725,-10.857999999999972,-2.116031601073286,-2.092774607650031,0.023256993423254713,0.1524,10.404948650719305,1.5725731270754948,1.044172718182057,2.088345436364114,7.846955185495891,1.2631332221367655
105,Driver,A,four4_path_tdm_neg,radar,ops,20,5,-5.0,5.857999999999973,64.32894936833353,62.482001443068725,-10.857999999999972,-2.1160316010736784,-2.092774607650033,0.02325699342364551,0.1524,10.404948650719305,1.5725731270754948,1.044172718182057,2.088345436364114,7.846955185495891,1.2631332221367655
105,Driver,A,tx_later4,radar,ops,20,5,8.23758335130007,5.857999999999973,64.32894936833353,62.482001443068725,2.3795833513000977,-2.0684203586755854,-2.0356720700056394,0.032748288669945946,0.1524,10.404948650719305,1.5725731270754948,1.044172718182057,2.088345436364114,7.846955185495891,1.2631332221367655
105,Driver,A,tx_earlier4,radar,ops,20,5,-2.1522497137738617,5.857999999999973,64.32894936833353,62.482001443068725,-8.010249713773835,-2.1108584057375235,-2.0244558868622744,0.08640251887524908,0.1524,10.404948650719305,1.5725731270754948,1.044172718182057,2.088345436364114,7.846955185495891,1.2631332221367655
112,Driver,A,two8,radar,ops,12,3,6.754615348052896,10.008999999999974,68.57582232871691,66.71210258129634,-3.2543846519470776,-1.6839657639022148,-1.6267490473944293,0.05721671650778548,0.1524,10.404948650719305,1.5725731270754948,1.3903005998755602,2.7806011997511204,10.449600011826398,1.0011940781634343
112,Driver,A,two8_path_tdm,radar,ops,12,3,6.613072634499783,10.008999999999974,68.57582232871691,66.71210258129634,-3.3959273655001905,-1.6846496774147166,-1.622417470381894,0.062232207032822506,0.1524,10.404948650719305,1.5725731270754948,1.3903005998755602,2.7806011997511204,10.449600011826398,1.0011940781634343
112,Driver,A,two8_path_tdm_neg,radar,ops,12,3,-2.338949405975521,10.008999999999974,68.57582232871691,66.71210258129634,-12.347949405975495,-1.7079172095332413,-1.6311968789465114,0.07672033058672989,0.1524,10.404948650719305,1.5725731270754948,1.3903005998755602,2.7806011997511204,10.449600011826398,1.0011940781634343
112,Driver,A,four3,radar,ops,12,3,20.88752322688246,10.008999999999974,68.57582232871691,66.71210258129634,10.878523226882487,-1.7884407291157582,-1.479215820176637,0.30922490893912125,0.1524,10.404948650719305,1.5725731270754948,1.3903005998755602,2.7806011997511204,10.449600011826398,1.0011940781634343
112,Driver,A,four3_path_tdm,radar,ops,12,3,20.907460002864248,10.008999999999974,68.57582232871691,66.71210258129634,10.898460002864274,-1.790430601991593,-1.48286533265209,0.307565269339503,0.1524,10.404948650719305,1.5725731270754948,1.3903005998755602,2.7806011997511204,10.449600011826398,1.0011940781634343
112,Driver,A,four3_path_tdm_neg,radar,ops,12,3,20.920587161393343,10.008999999999974,68.57582232871691,66.71210258129634,10.911587161393369,-1.790259847989376,-1.4759261060419515,0.3143337419474246,0.1524,10.404948650719305,1.5725731270754948,1.3903005998755602,2.7806011997511204,10.449600011826398,1.0011940781634343
112,Driver,A,four4_path_tdm,radar,ops,12,3,17.7913230537946,10.008999999999974,68.57582232871691,66.71210258129634,7.7823230537946255,-1.691497879012369,-1.5735750361195435,0.1179228428928254,0.1524,10.404948650719305,1.5725731270754948,1.3903005998755602,2.7806011997511204,10.449600011826398,1.0011940781634343
112,Driver,A,four4_path_tdm_neg,radar,ops,12,3,17.791323053795015,10.008999999999974,68.57582232871691,66.71210258129634,7.782323053795041,-1.6914978790123703,-1.573575036119541,0.11792284289282917,0.1524,10.404948650719305,1.5725731270754948,1.3903005998755602,2.7806011997511204,10.449600011826398,1.0011940781634343
112,Driver,A,tx_later4,radar,ops,12,3,12.57761542200179,10.008999999999974,68.57582232871691,66.71210258129634,2.568615422001816,-2.1699877964592744,-2.1544286924747014,0.015559103984573053,0.1524,10.404948650719305,1.5725731270754948,1.3903005998755602,2.7806011997511204,10.449600011826398,1.0011940781634343
112,Driver,A,tx_earlier4,radar,ops,12,3,27.71460866720864,10.008999999999974,68.57582232871691,66.71210258129634,17.705608667208665,-1.5076040913863045,-0.9530380732345782,0.5545660181517262,0.1524,10.404948650719305,1.5725731270754948,1.3903005998755602,2.7806011997511204,10.449600011826398,1.0011940781634343
113,Driver,A,two8,radar,ops,16,5,10.382709725970585,13.960999999999997,65.53595536760038,63.52557867311998,-3.5782902740294116,-1.9533584988854304,-1.7125528000498225,0.24080569883560798,0.1524,10.404948650719305,1.5725731270754948,1.9491502920374049,3.8983005840748097,14.674646970406412,0.8258946377695198
113,Driver,A,two8_path_tdm,radar,ops,16,5,10.366746507961913,13.960999999999997,65.53595536760038,63.52557867311998,-3.5942534920380833,-1.952942387478697,-1.7065851359467725,0.24635725153192456,0.1524,10.404948650719305,1.5725731270754948,1.9491502920374049,3.8983005840748097,14.674646970406412,0.8258946377695198
113,Driver,A,two8_path_tdm_neg,radar,ops,16,5,10.400294495832394,13.960999999999997,65.53595536760038,63.52557867311998,-3.5607055041676023,-1.9542481209381073,-1.7194202544718837,0.23482786646622356,0.1524,10.404948650719305,1.5725731270754948,1.9491502920374049,3.8983005840748097,14.674646970406412,0.8258946377695198
113,Driver,A,four3,radar,ops,16,5,11.089777391033666,13.960999999999997,65.53595536760038,63.52557867311998,-2.871222608966331,-1.947127508104589,-1.8991652609517526,0.04796224715283626,0.1524,10.404948650719305,1.5725731270754948,1.9491502920374049,3.8983005840748097,14.674646970406412,0.8258946377695198
113,Driver,A,four3_path_tdm,radar,ops,16,5,11.147294008350835,13.960999999999997,65.53595536760038,63.52557867311998,-2.8137059916491616,-1.9505501710757709,-1.9048268557220325,0.045723315353738414,0.1524,10.404948650719305,1.5725731270754948,1.9491502920374049,3.8983005840748097,14.674646970406412,0.8258946377695198
113,Driver,A,four3_path_tdm_neg,radar,ops,16,5,11.04117411712207,13.960999999999997,65.53595536760038,63.52557867311998,-2.9198258828779267,-1.9441584995429886,-1.89413613295688,0.05002236658610859,0.1524,10.404948650719305,1.5725731270754948,1.9491502920374049,3.8983005840748097,14.674646970406412,0.8258946377695198
113,Driver,A,four4_path_tdm,radar,ops,16,5,8.51974214431661,13.960999999999997,65.53595536760038,63.52557867311998,-5.4412578556833875,-2.2951461179794976,-2.185891531544897,0.10925458643460084,0.1524,10.404948650719305,1.5725731270754948,1.9491502920374049,3.8983005840748097,14.674646970406412,0.8258946377695198
113,Driver,A,four4_path_tdm_neg,radar,ops,16,5,8.519742144316563,13.960999999999997,65.53595536760038,63.52557867311998,-5.441257855683434,-2.2951461179795,-2.1858915315448963,0.1092545864346035,0.1524,10.404948650719305,1.5725731270754948,1.9491502920374049,3.8983005840748097,14.674646970406412,0.8258946377695198
113,Driver,A,tx_later4,radar,ops,16,5,5.9370286021415035,13.960999999999997,65.53595536760038,63.52557867311998,-8.023971397858492,-2.4432237322281454,-2.2325348542282626,0.21068887799988278,0.1524,10.404948650719305,1.5725731270754948,1.9491502920374049,3.8983005840748097,14.674646970406412,0.8258946377695198
113,Driver,A,tx_earlier4,radar,ops,16,5,9.775597934638911,13.960999999999997,65.53595536760038,63.52557867311998,-4.185402065361085,-2.256000858095608,-2.222856054110258,0.03314480398534991,0.1524,10.404948650719305,1.5725731270754948,1.9491502920374049,3.8983005840748097,14.674646970406412,0.8258946377695198
114,Driver,A,two8,radar,ops,18,5,13.507698174254603,14.620999999999993,68.754638032312,66.41769366658134,-1.1133018257453902,-1.5289750651885807,-1.5030372822522104,0.02593778293637028,0.1524,10.404948650719305,1.5725731270754948,2.16559499209531,4.33118998419062,16.31789028523732,0.7810483268166849
114,Driver,A,two8_path_tdm,radar,ops,18,5,13.477503113437928,14.620999999999993,68.754638032312,66.41769366658134,-1.1434968865620654,-1.5292782701131447,-1.5022081099171676,0.027070160195977078,0.1524,10.404948650719305,1.5725731270754948,2.16559499209531,4.33118998419062,16.31789028523732,0.7810483268166849
114,Driver,A,two8_path_tdm_neg,radar,ops,18,5,13.511122293341392,14.620999999999993,68.754638032312,66.41769366658134,-1.109877706658601,-1.5309025952610849,-1.505554270427122,0.025348324833962765,0.1524,10.404948650719305,1.5725731270754948,2.16559499209531,4.33118998419062,16.31789028523732,0.7810483268166849
114,Driver,A,four3,radar,ops,18,5,10.096284992343216,14.620999999999993,68.754638032312,66.41769366658134,-4.524715007656777,-1.754551479358414,-1.6445513629984845,0.11000011635992957,0.1524,10.404948650719305,1.5725731270754948,2.16559499209531,4.33118998419062,16.31789028523732,0.7810483268166849
114,Driver,A,four3_path_tdm,radar,ops,18,5,10.20144495951456,14.620999999999993,68.754638032312,66.41769366658134,-4.419555040485433,-1.7620621102308864,-1.6597192509359124,0.102342859294974,0.1524,10.404948650719305,1.5725731270754948,2.16559499209531,4.33118998419062,16.31789028523732,0.7810483268166849
114,Driver,A,four3_path_tdm_neg,radar,ops,18,5,10.015003040685029,14.620999999999993,68.754638032312,66.41769366658134,-4.605996959314965,-1.7472194887942138,-1.6305846767663112,0.1166348120279026,0.1524,10.404948650719305,1.5725731270754948,2.16559499209531,4.33118998419062,16.31789028523732,0.7810483268166849
114,Driver,A,four4_path_tdm,radar,ops,18,5,12.841880436407283,14.620999999999993,68.754638032312,66.41769366658134,-1.77911956359271,-2.080247526399726,-2.0563122003554897,0.023935326044236316,0.1524,10.404948650719305,1.5725731270754948,2.16559499209531,4.33118998419062,16.31789028523732,0.7810483268166849
114,Driver,A,four4_path_tdm_neg,radar,ops,18,5,12.841880436407372,14.620999999999993,68.754638032312,66.41769366658134,-1.7791195635926211,-2.080247526399727,-2.056312200355488,0.02393532604423898,0.1524,10.404948650719305,1.5725731270754948,2.16559499209531,4.33118998419062,16.31789028523732,0.7810483268166849
114,Driver,A,tx_later4,radar,ops,18,5,11.23930328824657,14.620999999999993,68.754638032312,66.41769366658134,-3.381696711753424,-2.0980657338811186,-2.050472661439613,0.04759307244150568,0.1524,10.404948650719305,1.5725731270754948,2.16559499209531,4.33118998419062,16.31789028523732,0.7810483268166849
114,Driver,A,tx_earlier4,radar,ops,18,5,13.941687941154548,14.620999999999993,68.754638032312,66.41769366658134,-0.6793120588454453,-1.8720363925256442,-1.8696709345906062,0.0023654579350380622,0.1524,10.404948650719305,1.5725731270754948,2.16559499209531,4.33118998419062,16.31789028523732,0.7810483268166849
115,SandWedge,A,two8,radar,ops,28,7,28.322022734807568,31.661999999999985,31.33745205503947,28.836434147209175,-3.3399772651924167,-1.820281238142741,-1.4646002650776817,0.3556809730650592,0.1524,10.404948650719305,1.5709841628737065,3.8724657626442394,7.744931525288479,29.397005873423044,0.4753926341898024
115,SandWedge,A,two8_path_tdm,radar,ops,28,7,28.41618824781208,31.661999999999985,31.33745205503947,28.836434147209175,-3.2458117521879046,-1.8378714069798716,-1.4756718490734133,0.3621995579064583,0.1524,10.404948650719305,1.5709841628737065,3.8724657626442394,7.744931525288479,29.397005873423044,0.4753926341898024
115,SandWedge,A,two8_path_tdm_neg,radar,ops,28,7,28.16662269404109,31.661999999999985,31.33745205503947,28.836434147209175,-3.4953773059588933,-1.8048917506319404,-1.4522507076832334,0.352641042948707,0.1524,10.404948650719305,1.5709841628737065,3.8724657626442394,7.744931525288479,29.397005873423044,0.4753926341898024
115,SandWedge,A,four3,radar,ops,28,7,28.2665539689885,31.661999999999985,31.33745205503947,28.836434147209175,-3.3954460310114847,-2.046184841627548,-1.7490828545821717,0.29710198704537616,0.1524,10.404948650719305,1.5709841628737065,3.8724657626442394,7.744931525288479,29.397005873423044,0.4753926341898024
115,SandWedge,A,four3_path_tdm,radar,ops,28,7,28.255449381962816,31.661999999999985,31.33745205503947,28.836434147209175,-3.406550618037169,-2.0605143371043315,-1.7550021558033044,0.3055121813010271,0.1524,10.404948650719305,1.5709841628737065,3.8724657626442394,7.744931525288479,29.397005873423044,0.4753926341898024
115,SandWedge,A,four3_path_tdm_neg,radar,ops,28,7,28.306844872694608,31.661999999999985,31.33745205503947,28.836434147209175,-3.355155127305377,-2.0311845426145534,-1.7426726145624518,0.2885119280521016,0.1524,10.404948650719305,1.5709841628737065,3.8724657626442394,7.744931525288479,29.397005873423044,0.4753926341898024
115,SandWedge,A,four4_path_tdm,radar,ops,28,7,27.479050463655383,31.661999999999985,31.33745205503947,28.836434147209175,-4.182949536344601,-2.1081895791247134,-1.923469037754638,0.18472054137007543,0.1524,10.404948650719305,1.5709841628737065,3.8724657626442394,7.744931525288479,29.397005873423044,0.4753926341898024
115,SandWedge,A,four4_path_tdm_neg,radar,ops,28,7,27.47905046365534,31.661999999999985,31.33745205503947,28.836434147209175,-4.182949536344644,-2.108189579124718,-1.9234690377546677,0.18472054137005012,0.1524,10.404948650719305,1.5709841628737065,3.8724657626442394,7.744931525288479,29.397005873423044,0.4753926341898024
115,SandWedge,A,tx_later4,radar,ops,28,7,29.24887254548698,31.661999999999985,31.33745205503947,28.836434147209175,-2.413127454513006,-2.1659951414881284,-2.067711793294896,0.09828334819323237,0.1524,10.404948650719305,1.5709841628737065,3.8724657626442394,7.744931525288479,29.397005873423044,0.4753926341898024
115,SandWedge,A,tx_earlier4,radar,ops,28,7,25.393172751341446,31.661999999999985,31.33745205503947,28.836434147209175,-6.268827248658539,-2.063698338396432,-1.868161032679163,0.1955373057172689,0.1524,10.404948650719305,1.5709841628737065,3.8724657626442394,7.744931525288479,29.397005873423044,0.4753926341898024
116,SandWedge,A,two8,radar,ops,21,6,28.52058778779029,29.217000000000002,29.728110722683663,30.553232406976534,-0.6964122122097116,-1.2868132641548002,-1.2776608446662885,0.009152419488511754,0.1524,10.404948650719305,1.5709841628737065,3.3100337456237083,6.620067491247417,25.046198040024592,0.5376648972888615
116,SandWedge,A,two8_path_tdm,radar,ops,21,6,28.600474686463432,29.217000000000002,29.728110722683663,30.553232406976534,-0.6165253135365703,-1.2875854752078941,-1.2810798859197214,0.006505589288172686,0.1524,10.404948650719305,1.5709841628737065,3.3100337456237083,6.620067491247417,25.046198040024592,0.5376648972888615
116,SandWedge,A,two8_path_tdm_neg,radar,ops,21,6,28.500673456094407,29.217000000000002,29.728110722683663,30.553232406976534,-0.7163265439055948,-1.2877024870174234,-1.277929854105312,0.0097726329121115,0.1524,10.404948650719305,1.5709841628737065,3.3100337456237083,6.620067491247417,25.046198040024592,0.5376648972888615
116,SandWedge,A,four3,radar,ops,21,6,28.991836691110333,29.217000000000002,29.728110722683663,30.553232406976534,-0.22516330888966962,-1.321436133569155,-1.3208639244688134,0.0005722091003415031,0.1524,10.404948650719305,1.5709841628737065,3.3100337456237083,6.620067491247417,25.046198040024592,0.5376648972888615
116,SandWedge,A,four3_path_tdm,radar,ops,21,6,29.064111299828838,29.217000000000002,29.728110722683663,30.553232406976534,-0.15288870017116452,-1.336066355847074,-1.3358508502033242,0.00021550564374983594,0.1524,10.404948650719305,1.5709841628737065,3.3100337456237083,6.620067491247417,25.046198040024592,0.5376648972888615
116,SandWedge,A,four3_path_tdm_neg,radar,ops,21,6,28.89863576834847,29.217000000000002,29.728110722683663,30.553232406976534,-0.3183642316515325,-1.3080467092858223,-1.307103566259715,0.0009431430261073181,0.1524,10.404948650719305,1.5709841628737065,3.3100337456237083,6.620067491247417,25.046198040024592,0.5376648972888615
116,SandWedge,A,four4_path_tdm,radar,ops,21,6,24.255918149149576,29.217000000000002,29.728110722683663,30.553232406976534,-4.961081850850427,-1.4507008095099623,-1.3587439156925036,0.09195689381745864,0.1524,10.404948650719305,1.5709841628737065,3.3100337456237083,6.620067491247417,25.046198040024592,0.5376648972888615
116,SandWedge,A,four4_path_tdm_neg,radar,ops,21,6,24.255918149149753,29.217000000000002,29.728110722683663,30.553232406976534,-4.961081850850249,-1.4507008095099625,-1.3587439156925034,0.09195689381745908,0.1524,10.404948650719305,1.5709841628737065,3.3100337456237083,6.620067491247417,25.046198040024592,0.5376648972888615
116,SandWedge,A,tx_later4,radar,ops,21,6,23.402780841433128,29.217000000000002,29.728110722683663,30.553232406976534,-5.814219158566875,-1.6946525087846285,-1.5264468355703762,0.16820567321425228,0.1524,10.404948650719305,1.5709841628737065,3.3100337456237083,6.620067491247417,25.046198040024592,0.5376648972888615
116,SandWedge,A,tx_earlier4,radar,ops,21,6,25.829433530489236,29.217000000000002,29.728110722683663,30.553232406976534,-3.387566469510766,-1.592193887346948,-1.543524265355592,0.04866962199135583,0.1524,10.404948650719305,1.5709841628737065,3.3100337456237083,6.620067491247417,25.046198040024592,0.5376648972888615
117,SandWedge,A,two8,radar,ops,20,5,26.304550407423672,30.729999999999986,33.79616797947195,31.204397850742673,-4.425449592576314,-1.941988257938543,-1.3054689678548048,0.6365192900837382,0.1524,10.404948650719305,1.5709841628737065,3.524188126309047,7.048376252618094,26.69652477231528,0.5106154543428811
117,SandWedge,A,two8_path_tdm,radar,ops,20,5,26.30901791998609,30.729999999999986,33.79616797947195,31.204397850742673,-4.420982080013896,-1.94827864690216,-1.3106999174249065,0.6375787294772535,0.1524,10.404948650719305,1.5709841628737065,3.524188126309047,7.048376252618094,26.69652477231528,0.5106154543428811
117,SandWedge,A,two8_path_tdm_neg,radar,ops,20,5,26.30477159449864,30.729999999999986,33.79616797947195,31.204397850742673,-4.425228405501347,-1.9359358014471453,-1.3010963409989318,0.6348394604482135,0.1524,10.404948650719305,1.5709841628737065,3.524188126309047,7.048376252618094,26.69652477231528,0.5106154543428811
117,SandWedge,A,four3,radar,ops,20,5,26.745173936370062,30.729999999999986,33.79616797947195,31.204397850742673,-3.9848260636299244,-2.1753480077135245,-1.7128050278304694,0.46254297988305515,0.1524,10.404948650719305,1.5709841628737065,3.524188126309047,7.048376252618094,26.69652477231528,0.5106154543428811
117,SandWedge,A,four3_path_tdm,radar,ops,20,5,26.517891311955427,30.729999999999986,33.79616797947195,31.204397850742673,-4.212108688044559,-2.18700398050931,-1.7052158492397314,0.48178813126957865,0.1524,10.404948650719305,1.5709841628737065,3.524188126309047,7.048376252618094,26.69652477231528,0.5106154543428811
117,SandWedge,A,four3_path_tdm_neg,radar,ops,20,5,26.78955791282946,30.729999999999986,33.79616797947195,31.204397850742673,-3.9404420871705277,-2.164789824185727,-1.7191706499885773,0.4456191741971498,0.1524,10.404948650719305,1.5709841628737065,3.524188126309047,7.048376252618094,26.69652477231528,0.5106154543428811
117,SandWedge,A,four4_path_tdm,radar,ops,20,5,25.01855109494449,30.729999999999986,33.79616797947195,31.204397850742673,-5.711448905055498,-2.146364981519597,-1.9704949613404323,0.17587002017916453,0.1524,10.404948650719305,1.5709841628737065,3.524188126309047,7.048376252618094,26.69652477231528,0.5106154543428811
117,SandWedge,A,four4_path_tdm_neg,radar,ops,20,5,25.018551094944463,30.729999999999986,33.79616797947195,31.204397850742673,-5.711448905055523,-2.1463649815195955,-1.9704949613404323,0.1758700201791632,0.1524,10.404948650719305,1.5709841628737065,3.524188126309047,7.048376252618094,26.69652477231528,0.5106154543428811
117,SandWedge,A,tx_later4,radar,ops,20,5,26.243029095271925,30.729999999999986,33.79616797947195,31.204397850742673,-4.486970904728061,-2.3710369818737833,-2.1246834160819037,0.24635356579187961,0.1524,10.404948650719305,1.5709841628737065,3.524188126309047,7.048376252618094,26.69652477231528,0.5106154543428811
117,SandWedge,A,tx_earlier4,radar,ops,20,5,25.54475803776262,30.729999999999986,33.79616797947195,31.204397850742673,-5.185241962237367,-2.2484257798123015,-1.8946547004522771,0.3537710793600244,0.1524,10.404948650719305,1.5709841628737065,3.524188126309047,7.048376252618094,26.69652477231528,0.5106154543428811
118,SandWedge,A,two8,radar,ops,28,7,27.795615105440163,33.168000000000006,32.544458054306325,27.391119567093856,-5.372384894559843,-1.1517621031996321,-0.68647257289521,0.4652895303044221,0.1524,10.404948650719305,1.5709841628737065,3.9849769800591184,7.969953960118237,30.26995334610673,0.4620312690066585
118,SandWedge,A,two8_path_tdm,radar,ops,28,7,27.731556582024876,33.168000000000006,32.544458054306325,27.391119567093856,-5.436443417975131,-1.1671992050039137,-0.7030192137876804,0.4641799912162333,0.1524,10.404948650719305,1.5709841628737065,3.9849769800591184,7.969953960118237,30.26995334610673,0.4620312690066585
118,SandWedge,A,two8_path_tdm_neg,radar,ops,28,7,27.80132680542598,33.168000000000006,32.544458054306325,27.391119567093856,-5.366673194574027,-1.1364044967462905,-0.6712177954567436,0.46518670128954687,0.1524,10.404948650719305,1.5709841628737065,3.9849769800591184,7.969953960118237,30.26995334610673,0.4620312690066585
118,SandWedge,A,four3,radar,ops,28,7,28.836568924340565,33.168000000000006,32.544458054306325,27.391119567093856,-4.331431075659442,-1.389969147403825,-1.1231900638475316,0.2667790835562933,0.1524,10.404948650719305,1.5709841628737065,3.9849769800591184,7.969953960118237,30.26995334610673,0.4620312690066585
118,SandWedge,A,four3_path_tdm,radar,ops,28,7,28.96458099190842,33.168000000000006,32.544458054306325,27.391119567093856,-4.203419008091586,-1.4064344630592756,-1.135959569049601,0.2704748940096746,0.1524,10.404948650719305,1.5709841628737065,3.9849769800591184,7.969953960118237,30.26995334610673,0.4620312690066585
118,SandWedge,A,four3_path_tdm_neg,radar,ops,28,7,28.693506868340933,33.168000000000006,32.544458054306325,27.391119567093856,-4.474493131659074,-1.375355919494546,-1.1084644391523677,0.26689148034217824,0.1524,10.404948650719305,1.5709841628737065,3.9849769800591184,7.969953960118237,30.26995334610673,0.4620312690066585
118,SandWedge,A,four4_path_tdm,radar,ops,28,7,31.79791864124264,33.168000000000006,32.544458054306325,27.391119567093856,-1.3700813587573677,-1.9536696908889783,-1.921796564296366,0.03187312659261243,0.1524,10.404948650719305,1.5709841628737065,3.9849769800591184,7.969953960118237,30.26995334610673,0.4620312690066585
118,SandWedge,A,four4_path_tdm_neg,radar,ops,28,7,31.797918641242628,33.168000000000006,32.544458054306325,27.391119567093856,-1.3700813587573784,-1.953669690888978,-1.9217965642963648,0.0318731265926131,0.1524,10.404948650719305,1.5709841628737065,3.9849769800591184,7.969953960118237,30.26995334610673,0.4620312690066585
118,SandWedge,A,tx_later4,radar,ops,28,7,32.63127654171253,33.168000000000006,32.544458054306325,27.391119567093856,-0.5367234582874758,-1.917891294418871,-1.9122798238968914,0.0056114705219796335,0.1524,10.404948650719305,1.5709841628737065,3.9849769800591184,7.969953960118237,30.26995334610673,0.4620312690066585
118,SandWedge,A,tx_earlier4,radar,ops,28,7,32.456923946731685,33.168000000000006,32.544458054306325,27.391119567093856,-0.7110760532683216,-2.037703848054353,-2.0126508385620245,0.02505300949232847,0.1524,10.404948650719305,1.5709841628737065,3.9849769800591184,7.969953960118237,30.26995334610673,0.4620312690066585
119,SandWedge,A,two8,radar,ops,24,6,24.42589490459329,26.353999999999992,33.125609090990366,31.457996680962957,-1.9281050954067034,-1.0663937399549048,-0.9891617499335866,0.0772319900213182,0.1524,10.404948650719305,1.5709841628737065,3.1897268056889527,6.3794536113779055,24.126409774219685,0.5608317966675292
119,SandWedge,A,two8_path_tdm,radar,ops,24,6,24.484710479471833,26.353999999999992,33.125609090990366,31.457996680962957,-1.8692895205281594,-1.074585217326333,-0.9985171464124313,0.07606807091390178,0.1524,10.404948650719305,1.5709841628737065,3.1897268056889527,6.3794536113779055,24.126409774219685,0.5608317966675292
119,SandWedge,A,two8_path_tdm_neg,radar,ops,24,6,24.381506027618762,26.353999999999992,33.125609090990366,31.457996680962957,-1.9724939723812298,-1.060828567516018,-0.9832219662832137,0.07760660123280438,0.1524,10.404948650719305,1.5709841628737065,3.1897268056889527,6.3794536113779055,24.126409774219685,0.5608317966675292
119,SandWedge,A,four3,radar,ops,24,6,21.155059115132147,26.353999999999992,33.125609090990366,31.457996680962957,-5.198940884867845,-1.5139411023329146,-1.4364742716832757,0.07746683064963888,0.1524,10.404948650719305,1.5709841628737065,3.1897268056889527,6.3794536113779055,24.126409774219685,0.5608317966675292
119,SandWedge,A,four3_path_tdm,radar,ops,24,6,21.32473597584514,26.353999999999992,33.125609090990366,31.457996680962957,-5.029264024154852,-1.5253700252996512,-1.4503239926078046,0.07504603269184651,0.1524,10.404948650719305,1.5709841628737065,3.1897268056889527,6.3794536113779055,24.126409774219685,0.5608317966675292
119,SandWedge,A,four3_path_tdm_neg,radar,ops,24,6,21.066353584221552,26.353999999999992,33.125609090990366,31.457996680962957,-5.28764641577844,-1.5024294165223104,-1.4226780685537523,0.0797513479685581,0.1524,10.404948650719305,1.5709841628737065,3.1897268056889527,6.3794536113779055,24.126409774219685,0.5608317966675292
119,SandWedge,A,four4_path_tdm,radar,ops,24,6,21.733027657560132,26.353999999999992,33.125609090990366,31.457996680962957,-4.62097234243986,-1.5806385951159445,-1.5164384101884847,0.06420018492745982,0.1524,10.404948650719305,1.5709841628737065,3.1897268056889527,6.3794536113779055,24.126409774219685,0.5608317966675292
119,SandWedge,A,four4_path_tdm_neg,radar,ops,24,6,21.733027657560136,26.353999999999992,33.125609090990366,31.457996680962957,-4.620972342439856,-1.5806385951159445,-1.5164384101884842,0.06420018492746027,0.1524,10.404948650719305,1.5709841628737065,3.1897268056889527,6.3794536113779055,24.126409774219685,0.5608317966675292
119,SandWedge,A,tx_later4,radar,ops,24,6,25.34911487178883,26.353999999999992,33.125609090990366,31.457996680962957,-1.0048851282111606,-1.6706623728067227,-1.651634930077318,0.019027442729404598,0.1524,10.404948650719305,1.5709841628737065,3.1897268056889527,6.3794536113779055,24.126409774219685,0.5608317966675292
119,SandWedge,A,tx_earlier4,radar,ops,24,6,16.21461519386655,26.353999999999992,33.125609090990366,31.457996680962957,-10.139384806133442,-1.66058126946471,-1.5655159230403342,0.09506534642437581,0.1524,10.404948650719305,1.5709841628737065,3.1897268056889527,6.3794536113779055,24.126409774219685,0.5608317966675292
120,SandWedge,A,two8,radar,ops,28,7,24.375447630169933,27.744999999999997,31.113932425545606,29.06312767179844,-3.369552369830064,-1.826398443037777,-1.5683693163766481,0.258029126661129,0.1524,10.404948650719305,1.5709841628737065,3.4623416439668486,6.924683287933697,26.225448184121255,0.526106820898689
120,SandWedge,A,two8_path_tdm,radar,ops,28,7,24.407081503600956,27.744999999999997,31.113932425545606,29.06312767179844,-3.337918496399041,-1.8359223362894355,-1.5753141238724535,0.26060821241698195,0.1524,10.404948650719305,1.5709841628737065,3.4623416439668486,6.924683287933697,26.225448184121255,0.526106820898689
120,SandWedge,A,two8_path_tdm_neg,radar,ops,28,7,24.34336157899746,27.744999999999997,31.113932425545606,29.06312767179844,-3.401638421002538,-1.8175792410509655,-1.5618979539085074,0.2556812871424581,0.1524,10.404948650719305,1.5709841628737065,3.4623416439668486,6.924683287933697,26.225448184121255,0.526106820898689
120,SandWedge,A,four3,radar,ops,28,7,23.875666686153117,27.744999999999997,31.113932425545606,29.06312767179844,-3.86933331384688,-2.0722476882819625,-1.790408038330192,0.2818396499517706,0.1524,10.404948650719305,1.5709841628737065,3.4623416439668486,6.924683287933697,26.225448184121255,0.526106820898689
120,SandWedge,A,four3_path_tdm,radar,ops,28,7,23.88827360259743,27.744999999999997,31.113932425545606,29.06312767179844,-3.856726397402568,-2.081785995841144,-1.801042483029329,0.2807435128118152,0.1524,10.404948650719305,1.5709841628737065,3.4623416439668486,6.924683287933697,26.225448184121255,0.526106820898689
120,SandWedge,A,four3_path_tdm_neg,radar,ops,28,7,23.868754981142676,27.744999999999997,31.113932425545606,29.06312767179844,-3.876245018857322,-2.063654635416259,-1.7806634093709612,0.2829912260452976,0.1524,10.404948650719305,1.5709841628737065,3.4623416439668486,6.924683287933697,26.225448184121255,0.526106820898689
120,SandWedge,A,four4_path_tdm,radar,ops,28,7,22.942142629661674,27.744999999999997,31.113932425545606,29.06312767179844,-4.802857370338323,-2.1409491564619,-1.9649844105294256,0.17596474593247424,0.1524,10.404948650719305,1.5709841628737065,3.4623416439668486,6.924683287933697,26.225448184121255,0.526106820898689
120,SandWedge,A,four4_path_tdm_neg,radar,ops,28,7,22.94214262966183,27.744999999999997,31.113932425545606,29.06312767179844,-4.802857370338167,-2.1409491564619003,-1.964984410529429,0.17596474593247136,0.1524,10.404948650719305,1.5709841628737065,3.4623416439668486,6.924683287933697,26.225448184121255,0.526106820898689
120,SandWedge,A,tx_later4,radar,ops,28,7,24.713576746830526,27.744999999999997,31.113932425545606,29.06312767179844,-3.0314232531694714,-1.919464780841897,-1.8015352433029481,0.11792953753894886,0.1524,10.404948650719305,1.5709841628737065,3.4623416439668486,6.924683287933697,26.225448184121255,0.526106820898689
120,SandWedge,A,tx_earlier4,radar,ops,28,7,23.2147557600811,27.744999999999997,31.113932425545606,29.06312767179844,-4.530244239918897,-2.4353642071520554,-2.1835012981549045,0.2518629089971509,0.1524,10.404948650719305,1.5709841628737065,3.4623416439668486,6.924683287933697,26.225448184121255,0.526106820898689
121,SandWedge,A,two8,radar,ops,24,6,21.353245740930305,24.805000000000007,30.890412796051745,29.415892449724353,-3.451754259069702,-1.9255169680300492,-1.5285142305827943,0.3970027374472549,0.1524,10.404948650719305,1.5709841628737065,2.9119847378435315,5.823969475687063,21.99614029432109,0.6010643022550819
121,SandWedge,A,two8_path_tdm,radar,ops,24,6,21.366398658885828,24.805000000000007,30.890412796051745,29.415892449724353,-3.438601341114179,-1.925381707006686,-1.5313421305819928,0.39403957642469334,0.1524,10.404948650719305,1.5709841628737065,2.9119847378435315,5.823969475687063,21.99614029432109,0.6010643022550819
121,SandWedge,A,two8_path_tdm_neg,radar,ops,24,6,21.353001642166728,24.805000000000007,30.890412796051745,29.415892449724353,-3.451998357833279,-1.9263207838826737,-1.5265417520575484,0.3997790318251253,0.1524,10.404948650719305,1.5709841628737065,2.9119847378435315,5.823969475687063,21.99614029432109,0.6010643022550819
121,SandWedge,A,four3,radar,ops,24,6,22.70853017985176,24.805000000000007,30.890412796051745,29.415892449724353,-2.096469820148247,-2.3065607234281313,-2.194336496790124,0.11222422663800735,0.1524,10.404948650719305,1.5709841628737065,2.9119847378435315,5.823969475687063,21.99614029432109,0.6010643022550819
121,SandWedge,A,four3_path_tdm,radar,ops,24,6,22.594395202573853,24.805000000000007,30.890412796051745,29.415892449724353,-2.2106047974261536,-2.313593880570824,-2.198158495125247,0.11543538544557697,0.1524,10.404948650719305,1.5709841628737065,2.9119847378435315,5.823969475687063,21.99614029432109,0.6010643022550819
121,SandWedge,A,four3_path_tdm_neg,radar,ops,24,6,22.785930360345613,24.805000000000007,30.890412796051745,29.415892449724353,-2.0190696396543935,-2.300977066423324,-2.1911269586965116,0.10985010772681214,0.1524,10.404948650719305,1.5709841628737065,2.9119847378435315,5.823969475687063,21.99614029432109,0.6010643022550819
121,SandWedge,A,four4_path_tdm,radar,ops,24,6,21.500366919681763,24.805000000000007,30.890412796051745,29.415892449724353,-3.3046330803182435,-2.2733547571660084,-2.1510508362029612,0.12230392096304721,0.1524,10.404948650719305,1.5709841628737065,2.9119847378435315,5.823969475687063,21.99614029432109,0.6010643022550819
121,SandWedge,A,four4_path_tdm_neg,radar,ops,24,6,21.500366919681746,24.805000000000007,30.890412796051745,29.415892449724353,-3.3046330803182613,-2.273354757166008,-2.151050836202962,0.12230392096304588,0.1524,10.404948650719305,1.5709841628737065,2.9119847378435315,5.823969475687063,21.99614029432109,0.6010643022550819
121,SandWedge,A,tx_later4,radar,ops,24,6,22.726210660093457,24.805000000000007,30.890412796051745,29.415892449724353,-2.0787893399065496,-2.3645018020614867,-2.297943836162412,0.06655796589907492,0.1524,10.404948650719305,1.5709841628737065,2.9119847378435315,5.823969475687063,21.99614029432109,0.6010643022550819
121,SandWedge,A,tx_earlier4,radar,ops,24,6,20.092815703407474,24.805000000000007,30.890412796051745,29.415892449724353,-4.7121842965925325,-2.114111166930304,-1.9898260291785024,0.12428513775180172,0.1524,10.404948650719305,1.5709841628737065,2.9119847378435315,5.823969475687063,21.99614029432109,0.6010643022550819
122,SandWedge,A,two8,radar,ops,24,6,26.91585887351347,31.036999999999985,31.069228499646837,27.266565734039325,-4.121141126486513,-1.7085766800243007,-1.1569345655188752,0.5516421145054256,0.1524,10.404948650719305,1.5709841628737065,3.4249328883737884,6.849865776747577,25.929636526856708,0.5202917978149689
122,SandWedge,A,two8_path_tdm,radar,ops,24,6,26.93601774164633,31.036999999999985,31.069228499646837,27.266565734039325,-4.100982258353653,-1.7156791710743498,-1.1643058902013275,0.5513732808730223,0.1524,10.404948650719305,1.5709841628737065,3.4249328883737884,6.849865776747577,25.929636526856708,0.5202917978149689
122,SandWedge,A,two8_path_tdm_neg,radar,ops,24,6,26.881191693321952,31.036999999999985,31.069228499646837,27.266565734039325,-4.155808306678033,-1.7005148529997662,-1.1505251879017278,0.5499896650980385,0.1524,10.404948650719305,1.5709841628737065,3.4249328883737884,6.849865776747577,25.929636526856708,0.5202917978149689
122,SandWedge,A,four3,radar,ops,24,6,26.21345984191666,31.036999999999985,31.069228499646837,27.266565734039325,-4.8235401580833255,-2.278636156556131,-1.8565673763307557,0.4220687802253751,0.1524,10.404948650719305,1.5709841628737065,3.4249328883737884,6.849865776747577,25.929636526856708,0.5202917978149689
122,SandWedge,A,four3_path_tdm,radar,ops,24,6,26.23100886101669,31.036999999999985,31.069228499646837,27.266565734039325,-4.805991138983295,-2.2854616603115354,-1.8682991972043628,0.41716246310717264,0.1524,10.404948650719305,1.5709841628737065,3.4249328883737884,6.849865776747577,25.929636526856708,0.5202917978149689
122,SandWedge,A,four3_path_tdm_neg,radar,ops,24,6,26.193026701818706,31.036999999999985,31.069228499646837,27.266565734039325,-4.843973298181279,-2.2703269033978652,-1.8435318224641712,0.426795080933694,0.1524,10.404948650719305,1.5709841628737065,3.4249328883737884,6.849865776747577,25.929636526856708,0.5202917978149689
122,SandWedge,A,four4_path_tdm,radar,ops,24,6,27.08079029609718,31.036999999999985,31.069228499646837,27.266565734039325,-3.956209703902804,-2.149138021577343,-2.012112010767249,0.1370260108100938,0.1524,10.404948650719305,1.5709841628737065,3.4249328883737884,6.849865776747577,25.929636526856708,0.5202917978149689
122,SandWedge,A,four4_path_tdm_neg,radar,ops,24,6,27.080790296097117,31.036999999999985,31.069228499646837,27.266565734039325,-3.956209703902868,-2.1491380215773432,-2.012112010767249,0.13702601081009425,0.1524,10.404948650719305,1.5709841628737065,3.4249328883737884,6.849865776747577,25.929636526856708,0.5202917978149689
122,SandWedge,A,tx_later4,radar,ops,24,6,27.447484755846986,31.036999999999985,31.069228499646837,27.266565734039325,-3.5895152441529987,-2.4993657635183184,-2.288949343167925,0.21041642035039354,0.1524,10.404948650719305,1.5709841628737065,3.4249328883737884,6.849865776747577,25.929636526856708,0.5202917978149689
122,SandWedge,A,tx_earlier4,radar,ops,24,6,26.117747653024523,31.036999999999985,31.069228499646837,27.266565734039325,-4.919252346975462,-1.854668478218353,-1.657933021887632,0.19673545633072087,0.1524,10.404948650719305,1.5709841628737065,3.4249328883737884,6.849865776747577,25.929636526856708,0.5202917978149689
123,SandWedge,A,two8,radar,ops,29,8,26.337467934127197,29.30099999999999,36.567811385195846,33.55577069682823,-2.963532065872794,-1.6489908059650433,-1.3551382433984995,0.2938525625665438,0.1524,10.404948650719305,1.5709841628737065,3.7012055625709195,7.402411125141839,28.07152716809978,0.4972382779092419
123,SandWedge,A,two8_path_tdm,radar,ops,29,8,26.34915518851369,29.30099999999999,36.567811385195846,33.55577069682823,-2.9518448114863,-1.6539212636241198,-1.3624329768685444,0.2914882867555755,0.1524,10.404948650719305,1.5709841628737065,3.7012055625709195,7.402411125141839,28.07152716809978,0.4972382779092419
123,SandWedge,A,two8_path_tdm_neg,radar,ops,29,8,26.308475812798413,29.30099999999999,36.567811385195846,33.55577069682823,-2.992524187201578,-1.645044992836695,-1.3490358897475447,0.2960091030891503,0.1524,10.404948650719305,1.5709841628737065,3.7012055625709195,7.402411125141839,28.07152716809978,0.4972382779092419
123,SandWedge,A,four3,radar,ops,29,8,24.704702538198642,29.30099999999999,36.567811385195846,33.55577069682823,-4.596297461801349,-1.843298732356505,-1.5405887204876307,0.30271001186887436,0.1524,10.404948650719305,1.5709841628737065,3.7012055625709195,7.402411125141839,28.07152716809978,0.4972382779092419
123,SandWedge,A,four3_path_tdm,radar,ops,29,8,24.713147359401827,29.30099999999999,36.567811385195846,33.55577069682823,-4.5878526405981646,-1.8482710903407962,-1.5495661256408688,0.29870496469992736,0.1524,10.404948650719305,1.5709841628737065,3.7012055625709195,7.402411125141839,28.07152716809978,0.4972382779092419
123,SandWedge,A,four3_path_tdm_neg,radar,ops,29,8,24.6982493608494,29.30099999999999,36.567811385195846,33.55577069682823,-4.602750639150592,-1.839390175530416,-1.5322689166733985,0.3071212588570176,0.1524,10.404948650719305,1.5709841628737065,3.7012055625709195,7.402411125141839,28.07152716809978,0.4972382779092419
123,SandWedge,A,four4_path_tdm,radar,ops,29,8,25.06358057315018,29.30099999999999,36.567811385195846,33.55577069682823,-4.2374194268498115,-1.984916879959746,-1.7861298683536173,0.19878701160612877,0.1524,10.404948650719305,1.5709841628737065,3.7012055625709195,7.402411125141839,28.07152716809978,0.4972382779092419
123,SandWedge,A,four4_path_tdm_neg,radar,ops,29,8,25.06358057315014,29.30099999999999,36.567811385195846,33.55577069682823,-4.237419426849851,-1.984916879959747,-1.7861298683536198,0.19878701160612722,0.1524,10.404948650719305,1.5709841628737065,3.7012055625709195,7.402411125141839,28.07152716809978,0.4972382779092419
123,SandWedge,A,tx_later4,radar,ops,29,8,25.51026559512498,29.30099999999999,36.567811385195846,33.55577069682823,-3.7907344048750105,-1.879322705556406,-1.7352309797044143,0.1440917258519916,0.1524,10.404948650719305,1.5709841628737065,3.7012055625709195,7.402411125141839,28.07152716809978,0.4972382779092419
123,SandWedge,A,tx_earlier4,radar,ops,29,8,23.888260561639804,29.30099999999999,36.567811385195846,33.55577069682823,-5.4127394383601874,-2.0408628492903187,-1.7671869743910746,0.27367587489924405,0.1524,10.404948650719305,1.5709841628737065,3.7012055625709195,7.402411125141839,28.07152716809978,0.4972382779092419
124,SandWedge,A,two8,radar,ops,24,6,24.360411780880433,28.975,37.64070560676638,33.66567501422932,-4.614588219119568,-1.6190378333274518,-1.190132030799354,0.42890580252809785,0.1524,10.404948650719305,1.5709841628737065,3.497486384293025,6.99497276858605,26.495186275163086,0.5184960128241207
124,SandWedge,A,two8_path_tdm,radar,ops,24,6,24.428801845267536,28.975,37.64070560676638,33.66567501422932,-4.5461981547324655,-1.6255851851857301,-1.1996140324639608,0.42597115272176933,0.1524,10.404948650719305,1.5709841628737065,3.497486384293025,6.99497276858605,26.495186275163086,0.5184960128241207
124,SandWedge,A,two8_path_tdm_neg,radar,ops,24,6,24.268044464430243,28.975,37.64070560676638,33.66567501422932,-4.706955535569758,-1.613371839307538,-1.1825005085758864,0.4308713307316516,0.1524,10.404948650719305,1.5709841628737065,3.497486384293025,6.99497276858605,26.495186275163086,0.5184960128241207
124,SandWedge,A,four3,radar,ops,24,6,24.74934612458441,28.975,37.64070560676638,33.66567501422932,-4.225653875415592,-2.0561278815270176,-1.7661486947424399,0.2899791867845778,0.1524,10.404948650719305,1.5709841628737065,3.497486384293025,6.99497276858605,26.495186275163086,0.5184960128241207
124,SandWedge,A,four3_path_tdm,radar,ops,24,6,24.810171286105255,28.975,37.64070560676638,33.66567501422932,-4.164828713894746,-2.067349238525168,-1.7790739885480065,0.2882752499771617,0.1524,10.404948650719305,1.5709841628737065,3.497486384293025,6.99497276858605,26.495186275163086,0.5184960128241207
124,SandWedge,A,four3_path_tdm_neg,radar,ops,24,6,24.679777834713985,28.975,37.64070560676638,33.66567501422932,-4.295222165286017,-2.045575066503624,-1.7569617740961074,0.28861329240751643,0.1524,10.404948650719305,1.5709841628737065,3.497486384293025,6.99497276858605,26.495186275163086,0.5184960128241207
124,SandWedge,A,four4_path_tdm,radar,ops,24,6,24.955509031308132,28.975,37.64070560676638,33.66567501422932,-4.019490968691869,-1.9937724939336057,-1.841309860777768,0.15246263315583763,0.1524,10.404948650719305,1.5709841628737065,3.497486384293025,6.99497276858605,26.495186275163086,0.5184960128241207
124,SandWedge,A,four4_path_tdm_neg,radar,ops,24,6,24.955509031308132,28.975,37.64070560676638,33.66567501422932,-4.019490968691869,-1.9937724939336057,-1.8413098607777716,0.15246263315583408,0.1524,10.404948650719305,1.5709841628737065,3.497486384293025,6.99497276858605,26.495186275163086,0.5184960128241207
124,SandWedge,A,tx_later4,radar,ops,24,6,27.601544193696952,28.975,37.64070560676638,33.66567501422932,-1.373455806303049,-1.958529988412992,-1.9280764550428906,0.030453533370101482,0.1524,10.404948650719305,1.5709841628737065,3.497486384293025,6.99497276858605,26.495186275163086,0.5184960128241207
124,SandWedge,A,tx_earlier4,radar,ops,24,6,20.30800466442873,28.975,37.64070560676638,33.66567501422932,-8.666995335571272,-2.438022635598324,-1.8641354919841955,0.5738871436141284,0.1524,10.404948650719305,1.5709841628737065,3.497486384293025,6.99497276858605,26.495186275163086,0.5184960128241207
130,9Iron (relabeled),B,two8,radar,ops,13,4,19.3299008068852,22.888999999999974,45.73211619444419,46.20615528850821,-3.5590991931147755,-1.05959319890429,-0.9793434221412122,0.08024977676307776,0.5715,6.6,1.9073300055312925,6.678854341727836,13.357708683455671,13.102698597322604,1.6546091220894474
130,9Iron (relabeled),B,two8_path_tdm,radar,ops,13,4,19.531989878927952,22.888999999999974,45.73211619444419,46.20615528850821,-3.3570101210720225,-1.0533914885208127,-0.995590124011533,0.05780136450927964,0.5715,6.6,1.9073300055312925,6.678854341727836,13.357708683455671,13.102698597322604,1.6546091220894474
130,9Iron (relabeled),B,two8_path_tdm_neg,radar,ops,13,4,19.213433987961427,22.888999999999974,45.73211619444419,46.20615528850821,-3.675566012038548,-1.1109026696137565,-1.0089425856202996,0.10196008399345691,0.5715,6.6,1.9073300055312925,6.678854341727836,13.357708683455671,13.102698597322604,1.6546091220894474
130,9Iron (relabeled),B,four3,radar,ops,13,4,23.865878375420753,22.888999999999974,45.73211619444419,46.20615528850821,0.9768783754207782,-0.7886624049463306,-0.7846685783290965,0.00399382661723402,0.5715,6.6,1.9073300055312925,6.678854341727836,13.357708683455671,13.102698597322604,1.6546091220894474
130,9Iron (relabeled),B,four3_path_tdm,radar,ops,13,4,24.737150092029694,22.888999999999974,45.73211619444419,46.20615528850821,1.8481500920297194,-0.8558730516013624,-0.8385956595768435,0.017277392024518945,0.5715,6.6,1.9073300055312925,6.678854341727836,13.357708683455671,13.102698597322604,1.6546091220894474
130,9Iron (relabeled),B,four3_path_tdm_neg,radar,ops,13,4,23.058865726162946,22.888999999999974,45.73211619444419,46.20615528850821,0.16986572616297124,-0.8202320517575873,-0.820109140437343,0.00012291132024433438,0.5715,6.6,1.9073300055312925,6.678854341727836,13.357708683455671,13.102698597322604,1.6546091220894474
130,9Iron (relabeled),B,four4_path_tdm,radar,ops,13,4,23.802935493418218,22.888999999999974,45.73211619444419,46.20615528850821,0.9139354934182435,-1.4555321033624216,-1.452081083772592,0.003451019589829629,0.5715,6.6,1.9073300055312925,6.678854341727836,13.357708683455671,13.102698597322604,1.6546091220894474
130,9Iron (relabeled),B,four4_path_tdm_neg,radar,ops,13,4,23.802935493418268,22.888999999999974,45.73211619444419,46.20615528850821,0.9139354934182933,-1.4555321033624211,-1.4520810837725897,0.0034510195898314056,0.5715,6.6,1.9073300055312925,6.678854341727836,13.357708683455671,13.102698597322604,1.6546091220894474
130,9Iron (relabeled),B,tx_later4,radar,ops,13,4,20.177988786321016,22.888999999999974,45.73211619444419,46.20615528850821,-2.711011213678958,-1.4331210426876078,-1.3973413200684064,0.03577972261920137,0.5715,6.6,1.9073300055312925,6.678854341727836,13.357708683455671,13.102698597322604,1.6546091220894474
130,9Iron (relabeled),B,tx_earlier4,radar,ops,13,4,26.604177879879433,22.888999999999974,45.73211619444419,46.20615528850821,3.715177879879459,-1.4906405319291736,-1.4264484323340714,0.06419209959510219,0.5715,6.6,1.9073300055312925,6.678854341727836,13.357708683455671,13.102698597322604,1.6546091220894474
131,9Iron (relabeled),B,two8,radar,ops,19,6,20.65564499023425,20.895000000000007,49.263726340447214,47.40927947969549,-0.23935500976575597,-1.0390102026525883,-1.0385469486617023,0.0004632539908859812,0.5715,6.6,1.9073300055312925,8.644109543751878,17.288219087503755,17.11365102046774,1.6682298671661466
131,9Iron (relabeled),B,two8_path_tdm,radar,ops,19,6,20.620745027089704,20.895000000000007,49.263726340447214,47.40927947969549,-0.27425497291030254,-1.1055905383907174,-1.1047463650970775,0.0008441732936399493,0.5715,6.6,1.9073300055312925,8.644109543751878,17.288219087503755,17.11365102046774,1.6682298671661466
131,9Iron (relabeled),B,two8_path_tdm_neg,radar,ops,19,6,20.62320401790796,20.895000000000007,49.263726340447214,47.40927947969549,-0.2717959820920477,-0.8950859313980103,-0.8942525788568415,0.0008333525411687859,0.5715,6.6,1.9073300055312925,8.644109543751878,17.288219087503755,17.11365102046774,1.6682298671661466
131,9Iron (relabeled),B,four3,radar,ops,19,6,21.199007789832528,20.895000000000007,49.263726340447214,47.40927947969549,0.3040077898325215,-0.9468316495634402,-0.9465698582682341,0.000261791295206093,0.5715,6.6,1.9073300055312925,8.644109543751878,17.288219087503755,17.11365102046774,1.6682298671661466
131,9Iron (relabeled),B,four3_path_tdm,radar,ops,19,6,21.53972332589626,20.895000000000007,49.263726340447214,47.40927947969549,0.6447233258962548,-1.0564156265732905,-1.0541942854519726,0.002221341121317888,0.5715,6.6,1.9073300055312925,8.644109543751878,17.288219087503755,17.11365102046774,1.6682298671661466
131,9Iron (relabeled),B,four3_path_tdm_neg,radar,ops,19,6,20.95241278427429,20.895000000000007,49.263726340447214,47.40927947969549,0.05741278427428398,-0.7781965521121418,-0.7781848317044432,1.1720407698589952e-05,0.5715,6.6,1.9073300055312925,8.644109543751878,17.288219087503755,17.11365102046774,1.6682298671661466
131,9Iron (relabeled),B,four4_path_tdm,radar,ops,19,6,16.77902891733901,20.895000000000007,49.263726340447214,47.40927947969549,-4.115971082660998,-1.1818844239130688,-1.1634196287818417,0.01846479513122712,0.5715,6.6,1.9073300055312925,8.644109543751878,17.288219087503755,17.11365102046774,1.6682298671661466
131,9Iron (relabeled),B,four4_path_tdm_neg,radar,ops,19,6,16.77902891733801,20.895000000000007,49.263726340447214,47.40927947969549,-4.115971082661996,-1.1818844239130686,-1.1634196287818412,0.01846479513122734,0.5715,6.6,1.9073300055312925,8.644109543751878,17.288219087503755,17.11365102046774,1.6682298671661466
131,9Iron (relabeled),B,tx_later4,radar,ops,19,6,20.53894434782853,20.895000000000007,49.263726340447214,47.40927947969549,-0.3560556521714773,-1.2484816606912235,-1.2481821354387208,0.0002995252525026526,0.5715,6.6,1.9073300055312925,8.644109543751878,17.288219087503755,17.11365102046774,1.6682298671661466
131,9Iron (relabeled),B,tx_earlier4,radar,ops,19,6,15.846938905427354,20.895000000000007,49.263726340447214,47.40927947969549,-5.0480610945726525,-1.2409347246608167,-1.224199050823144,0.016735673837672715,0.5715,6.6,1.9073300055312925,8.644109543751878,17.288219087503755,17.11365102046774,1.6682298671661466
132,9Iron (relabeled),B,two8,radar,ops,22,7,17.02273267187386,18.08299999999998,41.440539308162045,41.26240080570217,-1.0602673281261197,-1.1920304514718147,-1.1655805037688547,0.026449947702960053,0.5715,6.6,1.9073300055312925,7.918854097573447,15.837708195146893,15.689083949343956,1.7824523861683286
132,9Iron (relabeled),B,two8_path_tdm,radar,ops,22,7,17.07526270720186,18.08299999999998,41.440539308162045,41.26240080570217,-1.0077372927981223,-1.262241976320905,-1.236393138069042,0.025848838251862905,0.5715,6.6,1.9073300055312925,7.918854097573447,15.837708195146893,15.689083949343956,1.7824523861683286
132,9Iron (relabeled),B,two8_path_tdm_neg,radar,ops,22,7,16.94957710098167,18.08299999999998,41.440539308162045,41.26240080570217,-1.13342289901831,-1.095091202750044,-1.0659532511924785,0.029137951557565378,0.5715,6.6,1.9073300055312925,7.918854097573447,15.837708195146893,15.689083949343956,1.7824523861683286
132,9Iron (relabeled),B,four3,radar,ops,22,7,16.92411456326453,18.08299999999998,41.440539308162045,41.26240080570217,-1.1588854367354493,-1.1091028678959765,-1.1044796022982128,0.004623265597763604,0.5715,6.6,1.9073300055312925,7.918854097573447,15.837708195146893,15.689083949343956,1.7824523861683286
132,9Iron (relabeled),B,four3_path_tdm,radar,ops,22,7,17.17999459602989,18.08299999999998,41.440539308162045,41.26240080570217,-0.9030054039700914,-1.1724604112622035,-1.1696864751017215,0.002773936160481938,0.5715,6.6,1.9073300055312925,7.918854097573447,15.837708195146893,15.689083949343956,1.7824523861683286
132,9Iron (relabeled),B,four3_path_tdm_neg,radar,ops,22,7,-5.0,18.08299999999998,41.440539308162045,41.26240080570217,-23.08299999999998,-1.0806817576089294,-1.0250466608810425,0.05563509672788691,0.5715,6.6,1.9073300055312925,7.918854097573447,15.837708195146893,15.689083949343956,1.7824523861683286
132,9Iron (relabeled),B,four4_path_tdm,radar,ops,22,7,19.136772571796886,18.08299999999998,41.440539308162045,41.26240080570217,1.0537725717969053,-1.1981020407044434,-1.1955228492487506,0.002579191455692742,0.5715,6.6,1.9073300055312925,7.918854097573447,15.837708195146893,15.689083949343956,1.7824523861683286
132,9Iron (relabeled),B,four4_path_tdm_neg,radar,ops,22,7,19.136772571797117,18.08299999999998,41.440539308162045,41.26240080570217,1.0537725717971362,-1.1981020407044425,-1.1955228492487506,0.002579191455691854,0.5715,6.6,1.9073300055312925,7.918854097573447,15.837708195146893,15.689083949343956,1.7824523861683286
132,9Iron (relabeled),B,tx_later4,radar,ops,22,7,13.520838313450733,18.08299999999998,41.440539308162045,41.26240080570217,-4.562161686549247,-1.236509296066389,-1.2179806590996483,0.018528636966740786,0.5715,6.6,1.9073300055312925,7.918854097573447,15.837708195146893,15.689083949343956,1.7824523861683286
132,9Iron (relabeled),B,tx_earlier4,radar,ops,22,7,20.28100967035837,18.08299999999998,41.440539308162045,41.26240080570217,2.1980096703583882,-0.9825785834713461,-0.9720298288463158,0.010548754625030243,0.5715,6.6,1.9073300055312925,7.918854097573447,15.837708195146893,15.689083949343956,1.7824523861683286
133,9Iron,B,two8,radar,ops,14,6,19.924480234900518,21.477999999999987,47.47556930449632,47.012995679586254,-1.5535197650994697,-1.2932222073435515,-1.2433938083690086,0.04982839897454294,0.5715,6.6,1.9073300055312925,6.369203180156779,12.738406360313558,12.494969327204814,1.6879281203481342
133,9Iron,B,two8_path_tdm,radar,ops,14,6,19.96834460808346,21.477999999999987,47.47556930449632,47.012995679586254,-1.509655391916528,-1.284974381899617,-1.2372073626536697,0.047767019245947395,0.5715,6.6,1.9073300055312925,6.369203180156779,12.738406360313558,12.494969327204814,1.6879281203481342
133,9Iron,B,two8_path_tdm_neg,radar,ops,14,6,19.829417352986496,21.477999999999987,47.47556930449632,47.012995679586254,-1.648582647013491,-1.2931978799968873,-1.237954224064086,0.05524365593280134,0.5715,6.6,1.9073300055312925,6.369203180156779,12.738406360313558,12.494969327204814,1.6879281203481342
133,9Iron,B,four3,radar,ops,14,6,18.311448585006367,21.477999999999987,47.47556930449632,47.012995679586254,-3.16655141499362,-1.1689772216744834,-1.091041344575488,0.0779358770989953,0.5715,6.6,1.9073300055312925,6.369203180156779,12.738406360313558,12.494969327204814,1.6879281203481342
133,9Iron,B,four3_path_tdm,radar,ops,14,6,18.371594262448316,21.477999999999987,47.47556930449632,47.012995679586254,-3.106405737551672,-1.1559625508485347,-1.079906218210297,0.07605633263823774,0.5715,6.6,1.9073300055312925,6.369203180156779,12.738406360313558,12.494969327204814,1.6879281203481342
133,9Iron,B,four3_path_tdm_neg,radar,ops,14,6,18.186297462561505,21.477999999999987,47.47556930449632,47.012995679586254,-3.291702537438482,-1.193017755147993,-1.1101108180969808,0.08290693705101226,0.5715,6.6,1.9073300055312925,6.369203180156779,12.738406360313558,12.494969327204814,1.6879281203481342
133,9Iron,B,four4_path_tdm,radar,ops,14,6,20.054681332782014,21.477999999999987,47.47556930449632,47.012995679586254,-1.4233186672179734,-1.3257400499733158,-1.3164321692533496,0.009307880719966244,0.5715,6.6,1.9073300055312925,6.369203180156779,12.738406360313558,12.494969327204814,1.6879281203481342
133,9Iron,B,four4_path_tdm_neg,radar,ops,14,6,20.05468133278199,21.477999999999987,47.47556930449632,47.012995679586254,-1.4233186672179983,-1.3257400499733165,-1.3164321692533492,0.009307880719967354,0.5715,6.6,1.9073300055312925,6.369203180156779,12.738406360313558,12.494969327204814,1.6879281203481342
133,9Iron,B,tx_later4,radar,ops,14,6,20.99988153407225,21.477999999999987,47.47556930449632,47.012995679586254,-0.47811846592773577,-1.353772355600471,-1.3525376360674741,0.0012347195329969196,0.5715,6.6,1.9073300055312925,6.369203180156779,12.738406360313558,12.494969327204814,1.6879281203481342
133,9Iron,B,tx_earlier4,radar,ops,14,6,18.5990567391182,21.477999999999987,47.47556930449632,47.012995679586254,-2.878943260881787,-1.2945005848481668,-1.2659571228987312,0.028543461949435578,0.5715,6.6,1.9073300055312925,6.369203180156779,12.738406360313558,12.494969327204814,1.6879281203481342
134,9Iron,B,two8,radar,ops,16,5,12.08138409453357,15.599999999999998,48.32494389657299,41.964153774828745,-3.5186159054664277,-0.6313535516455611,-0.5148510841032211,0.11650246754233995,0.5715,6.6,1.9073300055312925,4.592198265479819,9.184396530959638,8.993174268791424,1.8432049410935831
134,9Iron,B,two8_path_tdm,radar,ops,16,5,11.956207184221347,15.599999999999998,48.32494389657299,41.964153774828745,-3.643792815778651,-0.6183252001393382,-0.48373359954685835,0.13459160059247988,0.5715,6.6,1.9073300055312925,4.592198265479819,9.184396530959638,8.993174268791424,1.8432049410935831
134,9Iron,B,two8_path_tdm_neg,radar,ops,16,5,12.221992805780866,15.599999999999998,48.32494389657299,41.964153774828745,-3.3780071942191316,-0.6307513412004939,-0.5301184652278093,0.10063287597268467,0.5715,6.6,1.9073300055312925,4.592198265479819,9.184396530959638,8.993174268791424,1.8432049410935831
134,9Iron,B,four3,radar,ops,16,5,9.840823646518011,15.599999999999998,48.32494389657299,41.964153774828745,-5.759176353481987,-0.4989049659771598,-0.45221179897892216,0.04669316699823761,0.5715,6.6,1.9073300055312925,4.592198265479819,9.184396530959638,8.993174268791424,1.8432049410935831
134,9Iron,B,four3_path_tdm,radar,ops,16,5,10.198598488283901,15.599999999999998,48.32494389657299,41.964153774828745,-5.401401511716097,-0.5219920265868451,-0.4790073952352554,0.0429846313515897,0.5715,6.6,1.9073300055312925,4.592198265479819,9.184396530959638,8.993174268791424,1.8432049410935831
134,9Iron,B,four3_path_tdm_neg,radar,ops,16,5,0.1607828467699643,15.599999999999998,48.32494389657299,41.964153774828745,-15.439217153230034,-0.4884118511330552,-0.3964002259741197,0.09201162515893546,0.5715,6.6,1.9073300055312925,4.592198265479819,9.184396530959638,8.993174268791424,1.8432049410935831
134,9Iron,B,four4_path_tdm,radar,ops,16,5,14.670577049787829,15.599999999999998,48.32494389657299,41.964153774828745,-0.9294229502121691,-0.2283610269498816,-0.22705388965780388,0.0013071372920777369,0.5715,6.6,1.9073300055312925,4.592198265479819,9.184396530959638,8.993174268791424,1.8432049410935831
134,9Iron,B,four4_path_tdm_neg,radar,ops,16,5,14.670577049786486,15.599999999999998,48.32494389657299,41.964153774828745,-0.9294229502135121,-0.22836102694988805,-0.22705388965780782,0.0013071372920802349,0.5715,6.6,1.9073300055312925,4.592198265479819,9.184396530959638,8.993174268791424,1.8432049410935831
134,9Iron,B,tx_later4,radar,ops,16,5,17.438442379377747,15.599999999999998,48.32494389657299,41.964153774828745,1.8384423793777493,-0.4978711715571008,-0.47998735178723084,0.01788381976986997,0.5715,6.6,1.9073300055312925,4.592198265479819,9.184396530959638,8.993174268791424,1.8432049410935831
134,9Iron,B,tx_earlier4,radar,ops,16,5,11.99133344129669,15.599999999999998,48.32494389657299,41.964153774828745,-3.608666558703307,-0.09617628953506223,-0.08831978963422661,0.007856499900835617,0.5715,6.6,1.9073300055312925,4.592198265479819,9.184396530959638,8.993174268791424,1.8432049410935831
137,9Iron,B,two8,radar,ops,29,8,14.828510091654364,18.307,50.06839700662512,46.118199438797674,-3.478489908345635,-1.278847663611192,-1.1272665705546685,0.15158109305652356,0.5715,6.6,1.9073300055312925,7.374838450903987,14.749676901807973,14.57263870236687,1.767360709517417
137,9Iron,B,two8_path_tdm,radar,ops,29,8,14.899509805505982,18.307,50.06839700662512,46.118199438797674,-3.4074901944940166,-1.2773739595208458,-1.124454425152556,0.15291953436828987,0.5715,6.6,1.9073300055312925,7.374838450903987,14.749676901807973,14.57263870236687,1.767360709517417
137,9Iron,B,two8_path_tdm_neg,radar,ops,29,8,14.962396884702063,18.307,50.06839700662512,46.118199438797674,-3.344603115297936,-1.2870402286114349,-1.1460726553219063,0.14096757328952858,0.5715,6.6,1.9073300055312925,7.374838450903987,14.749676901807973,14.57263870236687,1.767360709517417
137,9Iron,B,four3,radar,ops,29,8,17.865303557918022,18.307,50.06839700662512,46.118199438797674,-0.44169644208197667,-1.2581198726065679,-1.257408618831624,0.0007112537749438541,0.5715,6.6,1.9073300055312925,7.374838450903987,14.749676901807973,14.57263870236687,1.767360709517417
137,9Iron,B,four3_path_tdm,radar,ops,29,8,17.825601005770537,18.307,50.06839700662512,46.118199438797674,-0.48139899422946186,-1.2803932505321787,-1.2795961096655835,0.000797140866595214,0.5715,6.6,1.9073300055312925,7.374838450903987,14.749676901807973,14.57263870236687,1.767360709517417
137,9Iron,B,four3_path_tdm_neg,radar,ops,29,8,17.983899042500756,18.307,50.06839700662512,46.118199438797674,-0.3231009574992427,-1.2651139325394511,-1.2645866977046123,0.0005272348348388523,0.5715,6.6,1.9073300055312925,7.374838450903987,14.749676901807973,14.57263870236687,1.767360709517417
137,9Iron,B,four4_path_tdm,radar,ops,29,8,19.732167189973097,18.307,50.06839700662512,46.118199438797674,1.4251671899730987,-1.1620464964884367,-1.15223360998617,0.009812886502266638,0.5715,6.6,1.9073300055312925,7.374838450903987,14.749676901807973,14.57263870236687,1.767360709517417
137,9Iron,B,four4_path_tdm_neg,radar,ops,29,8,19.732167189972987,18.307,50.06839700662512,46.118199438797674,1.4251671899729885,-1.1620464964884363,-1.1522336099861703,0.009812886502265972,0.5715,6.6,1.9073300055312925,7.374838450903987,14.749676901807973,14.57263870236687,1.767360709517417
137,9Iron,B,tx_later4,radar,ops,29,8,16.37483204816862,18.307,50.06839700662512,46.118199438797674,-1.932167951831378,-1.1655094593430055,-1.1561978181011712,0.009311641241834367,0.5715,6.6,1.9073300055312925,7.374838450903987,14.749676901807973,14.57263870236687,1.767360709517417
137,9Iron,B,tx_earlier4,radar,ops,29,8,21.191903539314477,18.307,50.06839700662512,46.118199438797674,2.884903539314479,-1.1893916271646232,-1.1415487113076548,0.047842915856968427,0.5715,6.6,1.9073300055312925,7.374838450903987,14.749676901807973,14.57263870236687,1.767360709517417
142,9Iron,C,two8,radar,ops,13,5,12.467691413713199,15.446,45.553300490849104,40.81541755378828,-2.9783085862868006,-0.930242199115277,-0.8834051668616165,0.04683703225366043,0.2667,3.8,1.9065694611002244,3.4853184822120076,6.970636964424015,14.973932039641639,1.2687066380845444
142,9Iron,C,two8_path_tdm,radar,ops,13,5,12.550480202907542,15.446,45.553300490849104,40.81541755378828,-2.895519797092458,-0.94529671756976,-0.899794339988395,0.045502377581364994,0.2667,3.8,1.9065694611002244,3.4853184822120076,6.970636964424015,14.973932039641639,1.2687066380845444
142,9Iron,C,two8_path_tdm_neg,radar,ops,13,5,12.388449626915195,15.446,45.553300490849104,40.81541755378828,-3.057550373084805,-0.9149446398755906,-0.866924373454997,0.04802026642059365,0.2667,3.8,1.9065694611002244,3.4853184822120076,6.970636964424015,14.973932039641639,1.2687066380845444
142,9Iron,C,four3,radar,ops,13,5,20.977769229251766,15.446,45.553300490849104,40.81541755378828,5.531769229251767,-1.3281798327549992,-1.202761431488479,0.12541840126652026,0.2667,3.8,1.9065694611002244,3.4853184822120076,6.970636964424015,14.973932039641639,1.2687066380845444
142,9Iron,C,four3_path_tdm,radar,ops,13,5,20.888867076150962,15.446,45.553300490849104,40.81541755378828,5.4428670761509625,-1.3364817816485672,-1.210865048374195,0.12561673327437228,0.2667,3.8,1.9065694611002244,3.4853184822120076,6.970636964424015,14.973932039641639,1.2687066380845444
142,9Iron,C,four3_path_tdm_neg,radar,ops,13,5,21.04923348517737,15.446,45.553300490849104,40.81541755378828,5.6032334851773715,-1.318582655179888,-1.1931783245600704,0.1254043306198176,0.2667,3.8,1.9065694611002244,3.4853184822120076,6.970636964424015,14.973932039641639,1.2687066380845444
142,9Iron,C,four4_path_tdm,radar,ops,13,5,20.021834971028444,15.446,45.553300490849104,40.81541755378828,4.575834971028444,-1.4292540224573973,-1.3304118900891868,0.09884213236821049,0.2667,3.8,1.9065694611002244,3.4853184822120076,6.970636964424015,14.973932039641639,1.2687066380845444
142,9Iron,C,four4_path_tdm_neg,radar,ops,13,5,20.02183497102837,15.446,45.553300490849104,40.81541755378828,4.575834971028369,-1.4292540224573984,-1.330411890089187,0.09884213236821138,0.2667,3.8,1.9065694611002244,3.4853184822120076,6.970636964424015,14.973932039641639,1.2687066380845444
142,9Iron,C,tx_later4,radar,ops,13,5,21.935479635963834,15.446,45.553300490849104,40.81541755378828,6.489479635963834,-1.4421973629026126,-1.1949556614070325,0.2472417014955801,0.2667,3.8,1.9065694611002244,3.4853184822120076,6.970636964424015,14.973932039641639,1.2687066380845444
142,9Iron,C,tx_earlier4,radar,ops,13,5,14.924921140278586,15.446,45.553300490849104,40.81541755378828,-0.5210788597214133,-1.5715754642868045,-1.5690202531712303,0.0025552111155742185,0.2667,3.8,1.9065694611002244,3.4853184822120076,6.970636964424015,14.973932039641639,1.2687066380845444
144,9Iron,C,two8,radar,ops,24,7,18.451347167022085,21.873,47.20734574910368,44.14002359194853,-3.421652832977916,-1.6177923631764113,-1.4485653435068107,0.16922701966960063,0.2667,3.8,1.9065694611002244,3.885020585328469,7.770041170656938,16.683835684357405,1.1084568950445928
144,9Iron,C,two8_path_tdm,radar,ops,24,7,18.4550340668897,21.873,47.20734574910368,44.14002359194853,-3.4179659331103025,-1.6054698061588841,-1.4336165135741956,0.1718532925846885,0.2667,3.8,1.9065694611002244,3.885020585328469,7.770041170656938,16.683835684357405,1.1084568950445928
144,9Iron,C,two8_path_tdm_neg,radar,ops,24,7,18.411846893624954,21.873,47.20734574910368,44.14002359194853,-3.461153106375047,-1.625044808731064,-1.4588848734187347,0.1661599353123293,0.2667,3.8,1.9065694611002244,3.885020585328469,7.770041170656938,16.683835684357405,1.1084568950445928
144,9Iron,C,four3,radar,ops,24,7,18.910352461507635,21.873,47.20734574910368,44.14002359194853,-2.962647538492366,-1.5950568064602897,-1.5567616733645804,0.03829513309570931,0.2667,3.8,1.9065694611002244,3.885020585328469,7.770041170656938,16.683835684357405,1.1084568950445928
144,9Iron,C,four3_path_tdm,radar,ops,24,7,18.889000117296447,21.873,47.20734574910368,44.14002359194853,-2.9839998827035537,-1.5874896389610045,-1.5469841688792667,0.04050547008173777,0.2667,3.8,1.9065694611002244,3.885020585328469,7.770041170656938,16.683835684357405,1.1084568950445928
144,9Iron,C,four3_path_tdm_neg,radar,ops,24,7,18.97502376029459,21.873,47.20734574910368,44.14002359194853,-2.897976239705411,-1.6013095161026478,-1.5648301026800915,0.03647941342255634,0.2667,3.8,1.9065694611002244,3.885020585328469,7.770041170656938,16.683835684357405,1.1084568950445928
144,9Iron,C,four4_path_tdm,radar,ops,24,7,19.207314428099973,21.873,47.20734574910368,44.14002359194853,-2.6656855719000276,-1.5897451886675995,-1.570998803153817,0.018746385513782604,0.2667,3.8,1.9065694611002244,3.885020585328469,7.770041170656938,16.683835684357405,1.1084568950445928
144,9Iron,C,four4_path_tdm_neg,radar,ops,24,7,19.207314428099984,21.873,47.20734574910368,44.14002359194853,-2.665685571900017,-1.5897451886675995,-1.570998803153817,0.018746385513782604,0.2667,3.8,1.9065694611002244,3.885020585328469,7.770041170656938,16.683835684357405,1.1084568950445928
144,9Iron,C,tx_later4,radar,ops,24,7,21.180340193283733,21.873,47.20734574910368,44.14002359194853,-0.6926598067162679,-1.8588607895446807,-1.8532208808219033,0.00563990872277742,0.2667,3.8,1.9065694611002244,3.885020585328469,7.770041170656938,16.683835684357405,1.1084568950445928
144,9Iron,C,tx_earlier4,radar,ops,24,7,10.569351533568426,21.873,47.20734574910368,44.14002359194853,-11.303648466431575,-1.3947550492801213,-1.2732886186750683,0.12146643060505302,0.2667,3.8,1.9065694611002244,3.885020585328469,7.770041170656938,16.683835684357405,1.1084568950445928
145,9Iron,C,two8,radar,ops,22,6,17.113930073174565,21.694999999999986,48.727279229661946,46.43059895072574,-4.581069926825421,-1.4427528071284375,-1.2599822301652894,0.18277057696314802,0.2667,3.8,1.9065694611002244,3.658020269171658,7.316040538343316,15.697404809792104,1.1358249626659433
145,9Iron,C,two8_path_tdm,radar,ops,22,6,17.0665047776611,21.694999999999986,48.727279229661946,46.43059895072574,-4.628495222338888,-1.4328635908386425,-1.2467685993066242,0.18609499153201825,0.2667,3.8,1.9065694611002244,3.658020269171658,7.316040538343316,15.697404809792104,1.1358249626659433
145,9Iron,C,two8_path_tdm_neg,radar,ops,22,6,17.13064482662088,21.694999999999986,48.727279229661946,46.43059895072574,-4.564355173379106,-1.4432018240574813,-1.260515981160124,0.18268584289735723,0.2667,3.8,1.9065694611002244,3.658020269171658,7.316040538343316,15.697404809792104,1.1358249626659433
145,9Iron,C,four3,radar,ops,22,6,16.051353932837397,21.694999999999986,48.727279229661946,46.43059895072574,-5.643646067162589,-1.4710419927677127,-1.372112499107385,0.09892949366032777,0.2667,3.8,1.9065694611002244,3.658020269171658,7.316040538343316,15.697404809792104,1.1358249626659433
145,9Iron,C,four3_path_tdm,radar,ops,22,6,16.110708752155418,21.694999999999986,48.727279229661946,46.43059895072574,-5.584291247844568,-1.4794328036929045,-1.37677487428596,0.10265792940694451,0.2667,3.8,1.9065694611002244,3.658020269171658,7.316040538343316,15.697404809792104,1.1358249626659433
145,9Iron,C,four3_path_tdm_neg,radar,ops,22,6,16.147620734563656,21.694999999999986,48.727279229661946,46.43059895072574,-5.54737926543633,-1.4570935092332702,-1.3658361401642107,0.09125736906905946,0.2667,3.8,1.9065694611002244,3.658020269171658,7.316040538343316,15.697404809792104,1.1358249626659433
145,9Iron,C,four4_path_tdm,radar,ops,22,6,20.053135140856284,21.694999999999986,48.727279229661946,46.43059895072574,-1.641864859143702,-1.3730791880550832,-1.3552194460509048,0.01785974200417839,0.2667,3.8,1.9065694611002244,3.658020269171658,7.316040538343316,15.697404809792104,1.1358249626659433
145,9Iron,C,four4_path_tdm_neg,radar,ops,22,6,20.05313514085627,21.694999999999986,48.727279229661946,46.43059895072574,-1.6418648591437162,-1.3730791880550839,-1.355219446050904,0.017859742004179946,0.2667,3.8,1.9065694611002244,3.658020269171658,7.316040538343316,15.697404809792104,1.1358249626659433
145,9Iron,C,tx_later4,radar,ops,22,6,20.981442549693693,21.694999999999986,48.727279229661946,46.43059895072574,-0.7135574503062934,-1.6084595025607706,-1.6014855173866154,0.006973985174155262,0.2667,3.8,1.9065694611002244,3.658020269171658,7.316040538343316,15.697404809792104,1.1358249626659433
145,9Iron,C,tx_earlier4,radar,ops,22,6,19.883207198195688,21.694999999999986,48.727279229661946,46.43059895072574,-1.8117928018042981,-1.0654472176817753,-1.0570454283493564,0.008401789332418863,0.2667,3.8,1.9065694611002244,3.658020269171658,7.316040538343316,15.697404809792104,1.1358249626659433
146,9Iron,C,two8,radar,ops,28,7,-1.396735362763335,6.429999999999999,41.88757856714977,41.17516113785682,-7.826735362763333,-1.6225053485829128,-1.5371992654097042,0.08530608317320865,0.2667,3.8,1.9065694611002244,1.3950984566546865,2.790196913309373,5.9732465797321,1.87777919289151
146,9Iron,C,two8_path_tdm,radar,ops,28,7,-1.5878052197611439,6.429999999999999,41.88757856714977,41.17516113785682,-8.017805219761144,-1.6342306032107021,-1.537171073264595,0.09705952994610723,0.2667,3.8,1.9065694611002244,1.3950984566546865,2.790196913309373,5.9732465797321,1.87777919289151
146,9Iron,C,two8_path_tdm_neg,radar,ops,28,7,-3.0718016245932263,6.429999999999999,41.88757856714977,41.17516113785682,-9.501801624593226,-1.7341602998175725,-1.5364396246984515,0.19772067511912095,0.2667,3.8,1.9065694611002244,1.3950984566546865,2.790196913309373,5.9732465797321,1.87777919289151
146,9Iron,C,four3,radar,ops,28,7,-5.0,6.429999999999999,41.88757856714977,41.17516113785682,-11.43,-1.4612993093982012,-1.449743572974935,0.011555736423266127,0.2667,3.8,1.9065694611002244,1.3950984566546865,2.790196913309373,5.9732465797321,1.87777919289151
146,9Iron,C,four3_path_tdm,radar,ops,28,7,-1.7108018081709455,6.429999999999999,41.88757856714977,41.17516113785682,-8.140801808170945,-1.461275085134116,-1.4468782002956362,0.014396884838479895,0.2667,3.8,1.9065694611002244,1.3950984566546865,2.790196913309373,5.9732465797321,1.87777919289151
146,9Iron,C,four3_path_tdm_neg,radar,ops,28,7,-3.124689940402067,6.429999999999999,41.88757856714977,41.17516113785682,-9.554689940402065,-1.5492301298275755,-1.4517885246063285,0.09744160522124701,0.2667,3.8,1.9065694611002244,1.3950984566546865,2.790196913309373,5.9732465797321,1.87777919289151
146,9Iron,C,four4_path_tdm,radar,ops,28,7,13.949099758706447,6.429999999999999,41.88757856714977,41.17516113785682,7.5190997587064485,-1.3266429259647035,-1.290361545752148,0.03628138021255545,0.2667,3.8,1.9065694611002244,1.3950984566546865,2.790196913309373,5.9732465797321,1.87777919289151
146,9Iron,C,four4_path_tdm_neg,radar,ops,28,7,13.94909975870711,6.429999999999999,41.88757856714977,41.17516113785682,7.519099758707111,-1.3266429259647035,-1.2903615457521451,0.036281380212558334,0.2667,3.8,1.9065694611002244,1.3950984566546865,2.790196913309373,5.9732465797321,1.87777919289151
146,9Iron,C,tx_later4,radar,ops,28,7,11.894866262802456,6.429999999999999,41.88757856714977,41.17516113785682,5.464866262802457,-1.3830688005425975,-1.358648238426916,0.024420562115681443,0.2667,3.8,1.9065694611002244,1.3950984566546865,2.790196913309373,5.9732465797321,1.87777919289151
146,9Iron,C,tx_earlier4,radar,ops,28,7,15.680234345953604,6.429999999999999,41.88757856714977,41.17516113785682,9.250234345953604,-1.3262484623137247,-1.3195407547475366,0.006707707566188104,0.2667,3.8,1.9065694611002244,1.3950984566546865,2.790196913309373,5.9732465797321,1.87777919289151
147,9Iron,C,two8,radar,ops,17,6,19.02642133461909,23.108,48.012016415281586,43.677943081386545,-4.08157866538091,-1.001346096575307,-0.7919410131695729,0.20940508340573405,0.2667,3.8,1.9065694611002244,3.675342541465998,7.350685082931996,15.767970285182447,1.1186288371207325
147,9Iron,C,two8_path_tdm,radar,ops,17,6,18.989468338492152,23.108,48.012016415281586,43.677943081386545,-4.118531661507848,-0.9964185790575311,-0.7845714453220934,0.21184713373543762,0.2667,3.8,1.9065694611002244,3.675342541465998,7.350685082931996,15.767970285182447,1.1186288371207325
147,9Iron,C,two8_path_tdm_neg,radar,ops,17,6,19.088049068946553,23.108,48.012016415281586,43.677943081386545,-4.019950931053447,-1.0032669231001776,-0.8002936020216643,0.2029733210785133,0.2667,3.8,1.9065694611002244,3.675342541465998,7.350685082931996,15.767970285182447,1.1186288371207325
147,9Iron,C,four3,radar,ops,17,6,22.585550157924192,23.108,48.012016415281586,43.677943081386545,-0.5224498420758081,-0.8948767742305841,-0.8922019415314973,0.002674832699086749,0.2667,3.8,1.9065694611002244,3.675342541465998,7.350685082931996,15.767970285182447,1.1186288371207325
147,9Iron,C,four3_path_tdm,radar,ops,17,6,22.329658718906863,23.108,48.012016415281586,43.677943081386545,-0.7783412810931374,-0.9137417822267976,-0.9093631475427735,0.0043786346840241075,0.2667,3.8,1.9065694611002244,3.675342541465998,7.350685082931996,15.767970285182447,1.1186288371207325
147,9Iron,C,four3_path_tdm_neg,radar,ops,17,6,22.77969740320765,23.108,48.012016415281586,43.677943081386545,-0.3283025967923514,-0.8663526558938376,-0.8659930299481052,0.00035962594573235585,0.2667,3.8,1.9065694611002244,3.675342541465998,7.350685082931996,15.767970285182447,1.1186288371207325
147,9Iron,C,four4_path_tdm,radar,ops,17,6,24.62407682501073,23.108,48.012016415281586,43.677943081386545,1.5160768250107282,-0.6841096107663672,-0.6768031905331625,0.0073064202332047135,0.2667,3.8,1.9065694611002244,3.675342541465998,7.350685082931996,15.767970285182447,1.1186288371207325
147,9Iron,C,four4_path_tdm_neg,radar,ops,17,6,24.62407682501074,23.108,48.012016415281586,43.677943081386545,1.5160768250107388,-0.6841096107663674,-0.6768031905331636,0.007306420233203825,0.2667,3.8,1.9065694611002244,3.675342541465998,7.350685082931996,15.767970285182447,1.1186288371207325
147,9Iron,C,tx_later4,radar,ops,17,6,23.420533953094004,23.108,48.012016415281586,43.677943081386545,0.3125339530940039,-0.5851928951008835,-0.5849403889934522,0.00025250610743121626,0.2667,3.8,1.9065694611002244,3.675342541465998,7.350685082931996,15.767970285182447,1.1186288371207325
147,9Iron,C,tx_earlier4,radar,ops,17,6,24.89308804177249,23.108,48.012016415281586,43.677943081386545,1.7850880417724895,-0.7363392695817074,-0.7227071054979458,0.013632164083761555,0.2667,3.8,1.9065694611002244,3.675342541465998,7.350685082931996,15.767970285182447,1.1186288371207325
149,9Iron,C,two8,radar,ops,18,5,22.054345797814406,23.08599999999999,50.560140191511614,48.528103736906644,-1.0316542021855852,-1.2475459223383545,-1.228637914081657,0.018908008256697473,0.2667,3.8,1.9065694611002244,3.9106447558295954,7.821289511659191,16.789854936272548,1.091494468289352
149,9Iron,C,two8_path_tdm,radar,ops,18,5,22.058932887853043,23.08599999999999,50.560140191511614,48.528103736906644,-1.0270671121469483,-1.254954749705125,-1.2355330201618102,0.01942172954331478,0.2667,3.8,1.9065694611002244,3.9106447558295954,7.821289511659191,16.789854936272548,1.091494468289352
149,9Iron,C,two8_path_tdm_neg,radar,ops,18,5,22.076775450085567,23.08599999999999,50.560140191511614,48.528103736906644,-1.0092245499144248,-1.2399920295895064,-1.2219372685276357,0.01805476106187065,0.2667,3.8,1.9065694611002244,3.9106447558295954,7.821289511659191,16.789854936272548,1.091494468289352
149,9Iron,C,four3,radar,ops,18,5,24.234456958475377,23.08599999999999,50.560140191511614,48.528103736906644,1.1484569584753856,-1.0060247705061642,-0.9981528396181514,0.007871930888012857,0.2667,3.8,1.9065694611002244,3.9106447558295954,7.821289511659191,16.789854936272548,1.091494468289352
149,9Iron,C,four3_path_tdm,radar,ops,18,5,24.129170048285854,23.08599999999999,50.560140191511614,48.528103736906644,1.0431700482858624,-1.0230312763985003,-1.0162474127877514,0.006783863610748897,0.2667,3.8,1.9065694611002244,3.9106447558295954,7.821289511659191,16.789854936272548,1.091494468289352
149,9Iron,C,four3_path_tdm_neg,radar,ops,18,5,24.390622634245894,23.08599999999999,50.560140191511614,48.528103736906644,1.3046226342459022,-0.982743336651032,-0.9720193841562061,0.010723952494825828,0.2667,3.8,1.9065694611002244,3.9106447558295954,7.821289511659191,16.789854936272548,1.091494468289352
149,9Iron,C,four4_path_tdm,radar,ops,18,5,24.91654403334848,23.08599999999999,50.560140191511614,48.528103736906644,1.8305440333484881,-0.9464821331053397,-0.9289607826637107,0.017521350441628947,0.2667,3.8,1.9065694611002244,3.9106447558295954,7.821289511659191,16.789854936272548,1.091494468289352
149,9Iron,C,four4_path_tdm_neg,radar,ops,18,5,24.916544033348515,23.08599999999999,50.560140191511614,48.528103736906644,1.8305440333485237,-0.9464821331053402,-0.9289607826637102,0.017521350441630057,0.2667,3.8,1.9065694611002244,3.9106447558295954,7.821289511659191,16.789854936272548,1.091494468289352
149,9Iron,C,tx_later4,radar,ops,18,5,28.399772986841782,23.08599999999999,50.560140191511614,48.528103736906644,5.313772986841791,-1.145086105851939,-1.1025250508989368,0.04256105495300222,0.2667,3.8,1.9065694611002244,3.9106447558295954,7.821289511659191,16.789854936272548,1.091494468289352
149,9Iron,C,tx_earlier4,radar,ops,18,5,26.158020302438658,23.08599999999999,50.560140191511614,48.528103736906644,3.0720203024386663,-0.8265081582600204,-0.8105995333604238,0.015908624899596657,0.2667,3.8,1.9065694611002244,3.9106447558295954,7.821289511659191,16.789854936272548,1.091494468289352
151,9Iron,C,two8,radar,ops,24,7,14.922121486912957,19.529000000000003,46.0450436757356,42.896186746426594,-4.606878513087047,-1.446041845016365,-1.2641866270964608,0.18185521791990422,0.2667,3.8,1.9065694611002244,3.47170393579157,6.94340787158314,14.897427233347493,1.1866665438037967
151,9Iron,C,two8_path_tdm,radar,ops,24,7,14.945200992154424,19.529000000000003,46.0450436757356,42.896186746426594,-4.583799007845579,-1.4451731611834708,-1.2615471372615172,0.1836260239219536,0.2667,3.8,1.9065694611002244,3.47170393579157,6.94340787158314,14.897427233347493,1.1866665438037967
151,9Iron,C,two8_path_tdm_neg,radar,ops,24,7,14.839925268486443,19.529000000000003,46.0450436757356,42.896186746426594,-4.689074731513561,-1.444627643920367,-1.2593205758988724,0.18530706802149455,0.2667,3.8,1.9065694611002244,3.47170393579157,6.94340787158314,14.897427233347493,1.1866665438037967
151,9Iron,C,four3,radar,ops,24,7,13.7071548238826,19.529000000000003,46.0450436757356,42.896186746426594,-5.821845176117403,-1.4045570883268812,-1.2965321733544275,0.1080249149724537,0.2667,3.8,1.9065694611002244,3.47170393579157,6.94340787158314,14.897427233347493,1.1866665438037967
151,9Iron,C,four3_path_tdm,radar,ops,24,7,13.630553429870083,19.529000000000003,46.0450436757356,42.896186746426594,-5.89844657012992,-1.3964580668017352,-1.2878537419252751,0.1086043248764601,0.2667,3.8,1.9065694611002244,3.47170393579157,6.94340787158314,14.897427233347493,1.1866665438037967
151,9Iron,C,four3_path_tdm_neg,radar,ops,24,7,13.838795019002488,19.529000000000003,46.0450436757356,42.896186746426594,-5.690204980997516,-1.410989536138723,-1.3030523762486452,0.1079371598900778,0.2667,3.8,1.9065694611002244,3.47170393579157,6.94340787158314,14.897427233347493,1.1866665438037967
151,9Iron,C,four4_path_tdm,radar,ops,24,7,14.744945855272377,19.529000000000003,46.0450436757356,42.896186746426594,-4.784054144727627,-1.3057374459749578,-1.2874583353122202,0.018279110662737574,0.2667,3.8,1.9065694611002244,3.47170393579157,6.94340787158314,14.897427233347493,1.1866665438037967
151,9Iron,C,four4_path_tdm_neg,radar,ops,24,7,14.744945855271448,19.529000000000003,46.0450436757356,42.896186746426594,-4.784054144728556,-1.3057374459749607,-1.2874583353122195,0.018279110662741127,0.2667,3.8,1.9065694611002244,3.47170393579157,6.94340787158314,14.897427233347493,1.1866665438037967
151,9Iron,C,tx_later4,radar,ops,24,7,26.092617450707536,19.529000000000003,46.0450436757356,42.896186746426594,6.563617450707532,-1.610359426553778,-1.5072521034178978,0.10310732313588011,0.2667,3.8,1.9065694611002244,3.47170393579157,6.94340787158314,14.897427233347493,1.1866665438037967
151,9Iron,C,tx_earlier4,radar,ops,24,7,10.000644477062838,19.529000000000003,46.0450436757356,42.896186746426594,-9.528355522937165,-1.2178385907255809,-1.1006219933005372,0.11721659742504364,0.2667,3.8,1.9065694611002244,3.47170393579157,6.94340787158314,14.897427233347493,1.1866665438037967
152,7Iron,C,two8,radar,ops,19,6,16.048957621214196,16.805000000000007,52.30359330156374,51.3390514463998,-0.7560423787858106,-1.3939397450195308,-1.3864873867052825,0.007452358314248286,0.2667,3.8,1.9065694611002244,3.022956024745782,6.045912049491564,12.961818811490733,1.2849602809781473
152,7Iron,C,two8_path_tdm,radar,ops,19,6,15.981631693246195,16.805000000000007,52.30359330156374,51.3390514463998,-0.823368306753812,-1.382486240517019,-1.3732033316506949,0.009282908866324213,0.2667,3.8,1.9065694611002244,3.022956024745782,6.045912049491564,12.961818811490733,1.2849602809781473
152,7Iron,C,two8_path_tdm_neg,radar,ops,19,6,16.139721679894482,16.805000000000007,52.30359330156374,51.3390514463998,-0.665278320105525,-1.4111062866892377,-1.4057879568509966,0.005318329838241098,0.2667,3.8,1.9065694611002244,3.022956024745782,6.045912049491564,12.961818811490733,1.2849602809781473
152,7Iron,C,four3,radar,ops,19,6,13.695322818627522,16.805000000000007,52.30359330156374,51.3390514463998,-3.1096771813724846,-1.3279653263785018,-1.3027358193827947,0.02522950699570714,0.2667,3.8,1.9065694611002244,3.022956024745782,6.045912049491564,12.961818811490733,1.2849602809781473
152,7Iron,C,four3_path_tdm,radar,ops,19,6,14.040334743277473,16.805000000000007,52.30359330156374,51.3390514463998,-2.764665256722534,-1.3168859884858135,-1.291834451403562,0.025051537082251496,0.2667,3.8,1.9065694611002244,3.022956024745782,6.045912049491564,12.961818811490733,1.2849602809781473
152,7Iron,C,four3_path_tdm_neg,radar,ops,19,6,13.771398929500194,16.805000000000007,52.30359330156374,51.3390514463998,-3.033601070499813,-1.3446489579453695,-1.3211211897346269,0.02352776821074265,0.2667,3.8,1.9065694611002244,3.022956024745782,6.045912049491564,12.961818811490733,1.2849602809781473
152,7Iron,C,four4_path_tdm,radar,ops,19,6,12.445663551206572,16.805000000000007,52.30359330156374,51.3390514463998,-4.359336448793435,-1.327519906989778,-1.2967220673584754,0.03079783963130267,0.2667,3.8,1.9065694611002244,3.022956024745782,6.045912049491564,12.961818811490733,1.2849602809781473
152,7Iron,C,four4_path_tdm_neg,radar,ops,19,6,12.44566355120614,16.805000000000007,52.30359330156374,51.3390514463998,-4.359336448793867,-1.3275199069897765,-1.296722067358476,0.03079783963130045,0.2667,3.8,1.9065694611002244,3.022956024745782,6.045912049491564,12.961818811490733,1.2849602809781473
152,7Iron,C,tx_later4,radar,ops,19,6,14.24099199817055,16.805000000000007,52.30359330156374,51.3390514463998,-2.564008001829457,-1.372160401839433,-1.3667504181036216,0.005409983735811474,0.2667,3.8,1.9065694611002244,3.022956024745782,6.045912049491564,12.961818811490733,1.2849602809781473
152,7Iron,C,tx_earlier4,radar,ops,19,6,16.29710371741406,16.805000000000007,52.30359330156374,51.3390514463998,-0.5078962825859463,-1.6879955729554734,-1.6873781237765055,0.0006174491789678882,0.2667,3.8,1.9065694611002244,3.022956024745782,6.045912049491564,12.961818811490733,1.2849602809781473
167,7Iron,C,two8,radar,ops,12,5,12.609678083772474,17.914999999999985,56.863393743238525,54.37043330304314,-5.305321916227511,-0.8000653115076727,-0.7289506318483332,0.07111467965933949,0.2667,3.8,1.9065694611002244,2.569004615712356,5.138009231424712,10.996377724942512,1.3221471042626183
167,7Iron,C,two8_path_tdm,radar,ops,12,5,12.586158775339365,17.914999999999985,56.863393743238525,54.37043330304314,-5.32884122466062,-0.8055462382882889,-0.7325707626746183,0.07297547561367057,0.2667,3.8,1.9065694611002244,2.569004615712356,5.138009231424712,10.996377724942512,1.3221471042626183
167,7Iron,C,two8_path_tdm_neg,radar,ops,12,5,12.63719329455304,17.914999999999985,56.863393743238525,54.37043330304314,-5.277806705446945,-0.7918537198951833,-0.7229465906627309,0.06890712923245235,0.2667,3.8,1.9065694611002244,2.569004615712356,5.138009231424712,10.996377724942512,1.3221471042626183
167,7Iron,C,four3,radar,ops,12,5,21.392316116631147,17.914999999999985,56.863393743238525,54.37043330304314,3.4773161166311617,-0.7014284486121136,-0.6830126585019962,0.018415790110117403,0.2667,3.8,1.9065694611002244,2.569004615712356,5.138009231424712,10.996377724942512,1.3221471042626183
167,7Iron,C,four3_path_tdm,radar,ops,12,5,21.350753826742572,17.914999999999985,56.863393743238525,54.37043330304314,3.4357538267425873,-0.7123257390512715,-0.6956574803940891,0.016668258657182355,0.2667,3.8,1.9065694611002244,2.569004615712356,5.138009231424712,10.996377724942512,1.3221471042626183
167,7Iron,C,four3_path_tdm_neg,radar,ops,12,5,21.358624606686593,17.914999999999985,56.863393743238525,54.37043330304314,3.4436246066866083,-0.6842869743727893,-0.6662754885823332,0.018011485790456083,0.2667,3.8,1.9065694611002244,2.569004615712356,5.138009231424712,10.996377724942512,1.3221471042626183
167,7Iron,C,four4_path_tdm,radar,ops,12,5,22.45155780639435,17.914999999999985,56.863393743238525,54.37043330304314,4.536557806394367,-0.310198947099282,-0.2936413644029917,0.016557582696290263,0.2667,3.8,1.9065694611002244,2.569004615712356,5.138009231424712,10.996377724942512,1.3221471042626183
167,7Iron,C,four4_path_tdm_neg,radar,ops,12,5,22.451557806394675,17.914999999999985,56.863393743238525,54.37043330304314,4.53655780639469,-0.3101989470992824,-0.29364136440299055,0.016557582696291873,0.2667,3.8,1.9065694611002244,2.569004615712356,5.138009231424712,10.996377724942512,1.3221471042626183
167,7Iron,C,tx_later4,radar,ops,12,5,33.27624894238182,17.914999999999985,56.863393743238525,54.37043330304314,15.361248942381835,-0.2690650587897299,-0.057794617079957034,0.21127044170977288,0.2667,3.8,1.9065694611002244,2.569004615712356,5.138009231424712,10.996377724942512,1.3221471042626183
167,7Iron,C,tx_earlier4,radar,ops,12,5,15.59137969437475,17.914999999999985,56.863393743238525,54.37043330304314,-2.3236203056252354,-0.8948760170254978,-0.8832001735873218,0.011675843438175959,0.2667,3.8,1.9065694611002244,2.569004615712356,5.138009231424712,10.996377724942512,1.3221471042626183
168,7Iron,C,two8,radar,ops,17,5,12.027059197801616,20.05000000000001,54.89642100369254,51.629201616096076,-8.022940802198395,-1.3802502835557997,-0.9612213431281006,0.4190289404276991,0.2667,3.8,1.9065694611002244,3.3896732745783753,6.779346549156751,14.539049123883048,1.1883389973763958
168,7Iron,C,two8_path_tdm,radar,ops,17,5,11.879152838580122,20.05000000000001,54.89642100369254,51.629201616096076,-8.17084716141989,-1.3835953141938433,-0.9614850456608769,0.4221102685329664,0.2667,3.8,1.9065694611002244,3.3896732745783753,6.779346549156751,14.539049123883048,1.1883389973763958
168,7Iron,C,two8_path_tdm_neg,radar,ops,17,5,11.691193974386124,20.05000000000001,54.89642100369254,51.629201616096076,-8.358806025613887,-1.3780829329831445,-0.9720593882019447,0.40602354478119984,0.2667,3.8,1.9065694611002244,3.3896732745783753,6.779346549156751,14.539049123883048,1.1883389973763958
168,7Iron,C,four3,radar,ops,17,5,16.443216643885503,20.05000000000001,54.89642100369254,51.629201616096076,-3.6067833561145086,-1.3809461233703293,-1.337885512510718,0.043060610859611215,0.2667,3.8,1.9065694611002244,3.3896732745783753,6.779346549156751,14.539049123883048,1.1883389973763958
168,7Iron,C,four3_path_tdm,radar,ops,17,5,16.565214144246013,20.05000000000001,54.89642100369254,51.629201616096076,-3.484785855753998,-1.3943475093245528,-1.3490762343598064,0.045271274964746366,0.2667,3.8,1.9065694611002244,3.3896732745783753,6.779346549156751,14.539049123883048,1.1883389973763958
168,7Iron,C,four3_path_tdm_neg,radar,ops,17,5,16.717716953274042,20.05000000000001,54.89642100369254,51.629201616096076,-3.332283046725969,-1.3873143993721826,-1.3540166427393316,0.03329775663285095,0.2667,3.8,1.9065694611002244,3.3896732745783753,6.779346549156751,14.539049123883048,1.1883389973763958
168,7Iron,C,four4_path_tdm,radar,ops,17,5,19.39457091284398,20.05000000000001,54.89642100369254,51.629201616096076,-0.6554290871560298,-1.337075392290903,-1.3363964958468464,0.0006788964440567202,0.2667,3.8,1.9065694611002244,3.3896732745783753,6.779346549156751,14.539049123883048,1.1883389973763958
168,7Iron,C,four4_path_tdm_neg,radar,ops,17,5,19.394570912842916,20.05000000000001,54.89642100369254,51.629201616096076,-0.6554290871570956,-1.3370753922909013,-1.3363964958468462,0.0006788964440551659,0.2667,3.8,1.9065694611002244,3.3896732745783753,6.779346549156751,14.539049123883048,1.1883389973763958
168,7Iron,C,tx_later4,radar,ops,17,5,17.28711477836515,20.05000000000001,54.89642100369254,51.629201616096076,-2.7628852216348605,-1.7108724623781835,-1.7061283861202536,0.00474407625792983,0.2667,3.8,1.9065694611002244,3.3896732745783753,6.779346549156751,14.539049123883048,1.1883389973763958
168,7Iron,C,tx_earlier4,radar,ops,17,5,21.51165132689082,20.05000000000001,54.89642100369254,51.629201616096076,1.4616513268908093,-0.9570078932144257,-0.950549697918364,0.006458195296061731,0.2667,3.8,1.9065694611002244,3.3896732745783753,6.779346549156751,14.539049123883048,1.1883389973763958
